car_id,brand,model,year,mileage,fuel_type,transmission,sale_month,zip_prefix,price
1,Honda,Model A,2020,50757,Petrol,Manual,7,30,999999
2,Fiat,Model B,2030,,Hybrid,Automatic,1,1,19076
3,Audi,Model C,2025,-500,Petrol,Automatic,12,1,29629
4,VW,Model B,2023,10661,XYZ,Automatic,10,20,18132
5,Dacia,Model C,2015,126515,Petrol,Manual,7,30,0
6,VW,Model C,2015,121974,Petrol,Manual,12,1,500
7,BMW,Model B,2005,247373,Petrol,Automatic,4,10,500
8,Ford,Model B,2025,3210,Hybrid,Automatic,11,1,21820
9,Mercedes,Model A,2023,34565,Diesel,Automatic,11,1,21380
10,BMW,Model A,2025,13173,Petrol,Automatic,8,30,33616
11,Toyota,Model B,2002,249874,Petrol,Automatic,4,30,500
12,Audi,Model C,2025,0,Petrol,Automatic,7,20,33231
13,Hyundai,Model B,2025,0,Petrol,Manual,12,10,20673
14,Toyota,Model A,2017,95659,Diesel,Manual,2,1,6814
15,VW,Model A,2016,97948,Petrol,Manual,3,1,9107
16,BMW,Model C,2016,121680,Petrol,Manual,9,1,4388
17,BMW,Model A,2020,26909,Petrol,Manual,9,20,11325
18,BMW,Model B,2022,38792,Petrol,Manual,3,10,13796
19,Audi,Model C,2021,49265,Petrol,Manual,11,30,9813
20,Toyota,Model B,2019,84741,Petrol,Automatic,12,20,10088
21,Ford,Model C,2023,0,Diesel,Automatic,1,10,24607
22,Dacia,Model C,2013,,Petrol,Automatic,12,20,6861
23,Toyota,Model B,2019,86685,Petrol,Manual,4,30,6039
24,BMW,Model A,2020,50352,Diesel,Automatic,4,1,13444
25,Mercedes,Model A,2021,29601,Diesel,Automatic,1,1,18136
26,Fiat,Model C,2025,0,Diesel,Manual,7,1,21949
27,VW,Model C,2016,32126,Diesel,Automatic,12,1,500
28,Hyundai,Model A,2022,22370,Petrol,Manual,3,1,16334
29,Mercedes,Model C,2023,55442,Hybrid,Automatic,8,30,24932
30,Mercedes,Model A,2004,244819,Petrol,Manual,4,1,500
31,Mercedes,Model A,2023,6695,Petrol,Manual,1,1,21254
32,Fiat,Model B,2015,118595,Petrol,Manual,12,30,6154
33,Audi,Model B,2006,241617,Hybrid,Automatic,9,1,500
34,Ford,Model A,2025,261,Petrol,Manual,10,20,27741
35,Honda,Model A,2025,7283,Petrol,Automatic,9,30,29160
36,Honda,Model B,2025,0,Petrol,Automatic,2,1,27700
37,Mercedes,Model A,2020,82315,Petrol,Automatic,3,30,8875
38,Ford,Model A,2009,200425,Petrol,Manual,5,30,6531
39,BMW,Model C,2024,27715,Petrol,Automatic,12,30,31349
40,Dacia,Model B,2021,53477,Petrol,Automatic,9,1,10110
41,BMW,Model B,2012,168373,Diesel,Automatic,6,1,500
42,BMW,Model B,2022,22904,Petrol,Automatic,7,30,22407
43,Toyota,Model C,2003,250000,Diesel,Automatic,12,1,500
44,Hyundai,Model B,2025,20197,Petrol,Automatic,3,1,25319
45,Audi,Model B,2018,107396,Petrol,Manual,5,20,9429
46,Honda,Model B,2024,0,Diesel,Automatic,5,1,18290
47,BMW,Model A,2020,63746,Diesel,Automatic,12,30,12356
48,BMW,Model C,2022,29535,Petrol,Manual,10,20,18948
49,Ford,Model A,2023,13544,Diesel,Automatic,8,10,21042
50,Mercedes,Model B,2016,112272,Petrol,Automatic,4,1,5362
51,VW,Model C,2025,17114,Petrol,Automatic,3,30,22442
52,Hyundai,Model A,2025,6774,Petrol,Manual,5,30,26351
53,Fiat,Model C,2025,0,Petrol,Manual,12,20,16181
54,Mercedes,Model B,2025,7722,Petrol,Automatic,12,30,26425
55,Honda,Model C,2023,18600,Petrol,Automatic,6,20,23324
56,Dacia,Model B,2025,6181,Petrol,Automatic,5,1,23956
57,Hyundai,Model C,2008,,Diesel,Automatic,12,30,1167
58,Mercedes,Model B,2016,76842,Petrol,Automatic,6,20,8164
59,Honda,Model B,2004,250000,Petrol,Manual,1,1,500
60,Fiat,Model C,2020,36914,Hybrid,Automatic,5,30,7723
61,Honda,Model A,2021,66424,Petrol,Manual,8,1,10304
62,Hyundai,Model B,2019,62444,Petrol,Automatic,12,1,8909
63,Honda,Model B,2025,0,Diesel,Manual,6,30,25389
64,Mercedes,Model B,2020,70429,Petrol,Automatic,4,30,12182
65,Mercedes,Model A,2019,77462,Petrol,Manual,5,10,8143
66,BMW,Model B,2023,9012,Petrol,Manual,1,20,21992
67,Mercedes,Model A,2014,113205,Diesel,Manual,12,30,4520
68,Fiat,Model B,2025,0,Diesel,Automatic,1,1,18814
69,VW,Model C,2007,197938,Petrol,Automatic,1,10,500
70,VW,Model C,2025,0,Petrol,Manual,8,1,25092
71,Ford,Model B,2025,1734,Petrol,Manual,2,20,27046
72,Toyota,Model B,2016,93511,Petrol,Automatic,4,20,8053
73,Audi,Model C,2000,250000,Petrol,Automatic,7,30,500
74,Fiat,Model A,2025,,Diesel,Automatic,10,30,23149
75,Honda,Model A,2025,0,Hybrid,Manual,5,1,23686
76,Honda,Model B,2025,1952,Petrol,Manual,12,20,22797
77,Dacia,Model A,2025,30271,Hybrid,Manual,6,30,14741
78,Toyota,Model A,2007,198185,Petrol,Automatic,12,10,500
79,Fiat,Model B,2020,77868,Diesel,Automatic,6,30,8977
80,Fiat,Model B,2011,184062,Petrol,Manual,7,1,500
81,Audi,Model A,2025,12814,Petrol,Automatic,12,30,28206
82,BMW,Model C,2024,31376,Petrol,Automatic,9,30,21818
83,Dacia,Model A,2020,64208,Petrol,Automatic,2,1,9691
84,Toyota,Model C,2006,219256,Diesel,Automatic,8,30,3740
85,BMW,Model A,2020,76418,Diesel,Manual,3,20,13906
86,Honda,Model C,2020,76992,Petrol,Automatic,4,1,7742
87,Ford,Model B,2025,16579,Diesel,Automatic,11,10,26763
88,Hyundai,Model A,2024,12667,Petrol,Automatic,9,1,19047
89,Dacia,Model B,2025,0,Diesel,Manual,4,20,15391
90,Fiat,Model C,2022,11661,Petrol,Automatic,1,1,14711
91,Dacia,Model B,2011,182133,Petrol,Manual,7,20,2885
92,BMW,Model B,2025,15365,Hybrid,Automatic,4,20,30343
93,VW,Model C,2025,0,Petrol,Automatic,1,30,29366
94,Audi,Model C,2023,28730,Diesel,Automatic,1,10,26492
95,Mercedes,Model A,2025,0,Petrol,Manual,9,10,27259
96,Hyundai,Model C,2022,50774,Hybrid,Automatic,6,30,22691
97,Toyota,Model C,2022,24250,Petrol,Manual,4,20,21213
98,Fiat,Model C,2021,59778,Petrol,Manual,11,30,10017
99,BMW,Model C,2002,250000,Petrol,Automatic,11,1,500
100,Hyundai,Model B,2010,195471,Petrol,Manual,6,20,6605
101,Mercedes,Model B,2003,250000,Petrol,Automatic,4,30,713
102,Mercedes,Model C,2024,279,Petrol,Automatic,7,1,25562
103,Honda,Model B,2020,70370,Diesel,Automatic,10,20,11358
104,Toyota,Model A,2022,27144,Petrol,Manual,1,20,18745
105,Honda,Model B,2025,11243,Petrol,Automatic,8,20,29366
106,Dacia,Model C,2018,79888,Hybrid,Automatic,9,1,7095
107,VW,Model C,2021,22184,Diesel,Automatic,11,20,15902
108,Toyota,Model B,2025,0,Petrol,Automatic,3,20,27860
109,Mercedes,Model A,2017,89543,Petrol,Manual,3,10,4066
110,Toyota,Model A,2007,236522,Petrol,Automatic,3,30,3707
111,Honda,Model C,2019,85517,Petrol,Manual,12,10,6320
112,Ford,Model A,2015,144357,Petrol,Manual,2,20,1896
113,Audi,Model C,2025,24804,Diesel,Manual,10,20,26415
114,Hyundai,Model C,2025,0,Petrol,Automatic,12,30,22870
115,BMW,Model A,2024,9172,Petrol,Automatic,12,20,27007
116,Ford,Model C,2025,0,Petrol,Automatic,6,1,28206
117,Ford,Model B,2025,0,Petrol,Automatic,11,1,21914
118,Audi,Model B,2016,80377,Diesel,Automatic,9,1,5612
119,Hyundai,Model B,2025,,Hybrid,Automatic,11,30,29756
120,Ford,Model B,2022,16716,Petrol,Manual,3,1,17023
121,Ford,Model B,2025,0,Petrol,Automatic,10,1,21319
122,Honda,Model B,2025,31736,Petrol,Automatic,8,30,23179
123,Fiat,Model B,2020,52359,Petrol,Manual,7,1,4164
124,VW,Model C,2011,170921,Petrol,Automatic,10,1,500
125,Toyota,Model C,2017,109599,Diesel,Automatic,4,1,500
126,Audi,Model B,2021,52204,Petrol,Automatic,1,30,15922
127,BMW,Model A,2025,4387,Hybrid,Automatic,7,30,29033
128,Mercedes,Model A,2025,0,Petrol,Automatic,4,30,32057
129,Dacia,Model A,2000,250000,Petrol,Automatic,4,1,500
130,Toyota,Model C,2022,21599,Petrol,Automatic,12,30,18071
131,Fiat,Model A,2021,60690,Diesel,Automatic,3,1,8581
132,Mercedes,Model B,2017,69877,Petrol,Automatic,3,20,12104
133,Toyota,Model A,2011,182566,Petrol,Manual,5,30,2355
134,Dacia,Model C,2020,38944,Petrol,Automatic,7,30,10337
135,BMW,Model A,2025,14439,Petrol,Automatic,11,20,30345
136,Ford,Model A,2020,54692,Petrol,Manual,3,20,13691
137,Fiat,Model B,2022,17521,Petrol,Manual,8,10,11135
138,Dacia,Model A,2025,8689,Diesel,Automatic,5,1,16322
139,Hyundai,Model B,2020,73931,Petrol,Manual,10,30,9748
140,Fiat,Model C,2025,0,Diesel,Manual,8,20,24179
141,VW,Model A,2025,3242,Diesel,Automatic,10,30,27572
142,Audi,Model C,2018,49723,Petrol,Manual,11,1,9488
143,VW,Model C,2022,16191,Petrol,Automatic,12,1,16125
144,Dacia,Model C,2020,79386,Petrol,Manual,12,1,9476
145,Honda,Model B,2019,68644,Petrol,Automatic,8,30,10905
146,Audi,Model A,2003,236066,Petrol,Automatic,8,1,2069
147,Ford,Model C,2023,13517,Diesel,Manual,2,30,16853
148,VW,Model C,2022,22148,Petrol,Automatic,2,10,16364
149,Audi,Model A,2005,237510,Petrol,Automatic,7,30,500
150,VW,Model C,2019,66438,Petrol,Manual,9,20,8179
151,Ford,Model B,2025,2683,Hybrid,Automatic,4,1,22536
152,Ford,Model C,2017,94958,Petrol,Manual,5,20,4685
153,Toyota,Model A,2014,152396,Diesel,Automatic,9,30,1770
154,Mercedes,Model A,2022,42368,Petrol,Manual,3,1,13793
155,Ford,Model A,2025,6865,Petrol,Automatic,7,30,24223
156,Ford,Model C,2018,101477,Hybrid,Automatic,7,1,6447
157,Toyota,Model A,2024,6168,Petrol,Automatic,12,20,21700
158,Toyota,Model C,2025,0,Petrol,Manual,6,20,26302
159,Toyota,Model B,2017,114104,Petrol,Automatic,3,10,5409
160,Honda,Model C,2025,2037,Diesel,Automatic,3,1,21730
161,Dacia,Model B,2020,62090,Petrol,Automatic,4,30,5474
162,Hyundai,Model A,2024,2500,Petrol,Automatic,4,20,22536
163,Fiat,Model B,2024,2747,Diesel,Automatic,10,20,17864
164,Honda,Model C,2022,48700,Petrol,Manual,8,20,15167
165,Honda,Model B,2009,206769,Petrol,Automatic,9,30,500
166,Audi,Model B,2025,,Petrol,Automatic,8,30,30141
167,VW,Model A,2020,71894,Petrol,Manual,7,30,12374
168,Toyota,Model B,2016,116535,Petrol,Manual,12,30,7721
169,VW,Model C,2004,250000,Diesel,Manual,11,10,500
170,Toyota,Model B,2023,6410,Petrol,Manual,3,30,17136
171,Mercedes,Model C,2024,30154,Petrol,Automatic,6,20,28877
172,Mercedes,Model C,2001,250000,Petrol,Manual,4,1,1013
173,Hyundai,Model B,2022,41549,Hybrid,Automatic,10,30,13491
174,Audi,Model C,2017,83939,Petrol,Manual,5,10,4554
175,Audi,Model C,2024,2110,Petrol,Automatic,9,30,20668
176,Fiat,Model B,2015,116457,Hybrid,Automatic,4,30,3733
177,VW,Model A,2024,0,Diesel,Manual,3,10,21723
178,Mercedes,Model C,2021,59967,Diesel,Manual,1,1,15392
179,Mercedes,Model A,2025,0,Petrol,Manual,12,10,27219
180,Audi,Model B,2013,145488,Petrol,Automatic,3,20,7008
181,Ford,Model A,2020,61987,Petrol,Automatic,11,1,6328
182,Hyundai,Model A,2011,,Petrol,Manual,11,20,3573
183,Audi,Model A,2025,0,Petrol,Automatic,3,1,30169
184,Fiat,Model C,2025,3835,Petrol,Manual,6,30,21821
185,Mercedes,Model A,2018,90430,Petrol,Automatic,11,1,5921
186,Audi,Model C,2024,8935,Diesel,Automatic,9,1,26371
187,Dacia,Model C,2025,10153,Diesel,Manual,5,10,17656
188,Mercedes,Model C,2023,22360,Petrol,Manual,12,10,18094
189,Fiat,Model C,2022,36204,Petrol,Manual,5,1,11555
190,VW,Model B,2018,87774,Diesel,Automatic,3,1,6220
191,BMW,Model A,2009,205904,Petrol,Manual,2,1,500
192,Honda,Model C,2025,0,Petrol,Manual,9,30,26110
193,Honda,Model C,2025,0,Hybrid,Manual,1,30,23064
194,Dacia,Model C,2024,1966,Petrol,Manual,11,30,14456
195,Toyota,Model A,2020,55017,Petrol,Manual,4,20,8780
196,Honda,Model B,2020,81393,Diesel,Automatic,5,30,17260
197,Mercedes,Model A,2025,8590,Petrol,Automatic,11,20,34665
198,Ford,Model C,2025,0,Petrol,Manual,11,1,26710
199,Audi,Model A,2025,0,Hybrid,Manual,6,10,29545
200,BMW,Model A,2025,5591,Petrol,Automatic,7,20,31472
201,Dacia,Model A,2024,0,Petrol,Manual,9,20,14890
202,Audi,Model B,2008,193119,Diesel,Manual,9,1,500
203,Mercedes,Model C,2015,140174,Petrol,Automatic,7,30,1030
204,VW,Model B,2025,0,Petrol,Automatic,11,30,20929
205,Hyundai,Model B,2023,38320,Petrol,Manual,11,10,11399
206,BMW,Model A,2000,250000,Petrol,Automatic,11,30,500
207,Mercedes,Model C,2010,168998,Diesel,Automatic,4,20,1481
208,BMW,Model C,2024,0,Diesel,Manual,4,1,22724
209,BMW,Model C,2000,250000,Petrol,Manual,2,30,3676
210,VW,Model C,2015,103670,Petrol,Automatic,11,1,5125
211,Ford,Model B,2023,25815,Petrol,Manual,1,1,15895
212,VW,Model C,2024,8915,Petrol,Automatic,2,30,21353
213,Honda,Model C,2024,17408,Petrol,Automatic,12,1,18363
214,Hyundai,Model B,2017,116954,Petrol,Manual,2,20,4238
215,Honda,Model C,2025,12262,Diesel,Manual,2,1,17329
216,Fiat,Model C,2017,103338,Petrol,Automatic,12,1,2637
217,Honda,Model A,2020,30509,Diesel,Automatic,4,1,7811
218,Hyundai,Model C,2025,6650,Petrol,Manual,12,1,24492
219,Toyota,Model A,2024,37839,Diesel,Manual,5,30,17016
220,Honda,Model B,2025,0,Diesel,Automatic,5,1,24485
221,Hyundai,Model A,2024,22340,Petrol,Automatic,2,20,24673
222,Mercedes,Model B,2023,21609,Petrol,Automatic,12,1,18475
223,Ford,Model C,2009,179253,Petrol,Automatic,10,30,989
224,VW,Model A,2020,72016,Petrol,Automatic,3,1,12546
225,Hyundai,Model A,2018,109645,Petrol,Automatic,10,20,3551
226,Ford,Model A,2018,95628,Petrol,Automatic,2,1,8847
227,Honda,Model B,2025,0,Petrol,Automatic,7,30,28924
228,Audi,Model A,2021,33847,Petrol,Automatic,4,30,15188
229,Fiat,Model C,2025,2169,Petrol,Automatic,11,1,20674
230,Toyota,Model C,2024,25097,Hybrid,Manual,7,10,21981
231,Hyundai,Model A,2025,,Petrol,Automatic,12,20,22729
232,BMW,Model C,2022,31644,Petrol,Manual,8,1,18206
233,Audi,Model B,2023,66330,Petrol,Manual,7,1,18535
234,Toyota,Model A,2022,52179,Petrol,Automatic,9,1,22877
235,VW,Model A,2016,125251,Petrol,Automatic,10,1,1241
236,Toyota,Model C,2025,0,Petrol,Manual,1,30,26075
237,BMW,Model B,2019,61392,Petrol,Automatic,7,1,7193
238,Mercedes,Model A,2002,250000,Petrol,Automatic,10,20,500
239,Audi,Model A,2024,0,Petrol,Manual,6,10,19661
240,Mercedes,Model C,2015,144005,Petrol,Automatic,1,10,5923
241,Audi,Model B,2025,21154,Petrol,Manual,1,1,26715
242,Hyundai,Model B,2025,0,Petrol,Manual,10,20,18512
243,Toyota,Model C,2025,26758,Petrol,Automatic,3,1,24266
244,Toyota,Model C,2020,59936,Petrol,Automatic,3,30,9100
245,Dacia,Model B,2001,250000,Petrol,Automatic,4,1,697
246,Honda,Model B,2025,2170,Petrol,Manual,2,20,21469
247,Fiat,Model B,2021,56642,Petrol,Automatic,1,30,11244
248,Toyota,Model A,2025,20998,Diesel,Automatic,11,30,30173
249,Toyota,Model C,2025,19164,Petrol,Automatic,4,10,26452
250,Toyota,Model B,2025,7660,Hybrid,Automatic,8,10,25138
251,Honda,Model B,2019,69882,Petrol,Automatic,11,20,11175
252,Ford,Model B,2021,55711,Petrol,Automatic,12,10,10641
253,Audi,Model C,2025,0,Petrol,Automatic,9,10,28849
254,Hyundai,Model A,2020,62282,Petrol,Manual,12,20,5418
255,Honda,Model A,2015,103360,Petrol,Manual,6,10,4010
256,BMW,Model C,2023,0,Hybrid,Manual,10,20,20133
257,Ford,Model A,2025,756,Petrol,Automatic,12,10,26224
258,Hyundai,Model B,2024,30934,Petrol,Automatic,1,10,17513
259,Audi,Model B,2023,37887,Diesel,Manual,4,20,21095
260,BMW,Model B,2009,190771,Diesel,Automatic,10,30,500
261,Hyundai,Model A,2023,50204,Petrol,Automatic,4,10,17445
262,Dacia,Model A,2025,0,Petrol,Automatic,1,30,24312
263,BMW,Model C,2014,,Hybrid,Automatic,11,30,5361
264,Dacia,Model C,2022,3268,Petrol,Automatic,3,20,14826
265,Toyota,Model B,2025,0,Petrol,Automatic,5,20,23700
266,Dacia,Model C,2025,12249,Hybrid,Automatic,12,10,26660
267,Ford,Model C,2024,743,Diesel,Manual,3,20,25871
268,Fiat,Model A,2025,6914,Petrol,Automatic,12,20,20887
269,Hyundai,Model B,2020,84694,Petrol,Manual,6,30,9903
270,BMW,Model C,2019,55498,Diesel,Manual,12,1,10213
271,BMW,Model C,2025,7177,Petrol,Manual,11,30,24099
272,Honda,Model A,2025,8084,Petrol,Manual,6,30,26897
273,Mercedes,Model B,2025,0,Hybrid,Automatic,12,1,30446
274,Honda,Model A,2025,20313,Petrol,Manual,8,30,18172
275,Dacia,Model A,2022,31684,Diesel,Manual,6,10,8723
276,Toyota,Model B,2022,30243,Diesel,Automatic,7,10,18295
277,Honda,Model C,2025,31674,Diesel,Automatic,1,1,25436
278,Toyota,Model A,2024,19841,Hybrid,Automatic,11,30,29121
279,Ford,Model B,2025,13879,Petrol,Automatic,4,30,27104
280,Mercedes,Model A,2025,,Diesel,Manual,4,1,26537
281,Audi,Model C,2025,0,Diesel,Automatic,9,10,23116
282,Fiat,Model C,2020,78747,Hybrid,Automatic,5,30,12739
283,Hyundai,Model A,2020,52471,Diesel,Manual,7,30,11127
284,Hyundai,Model C,2009,183830,Diesel,Automatic,6,30,749
285,Hyundai,Model A,2023,19920,Petrol,Manual,7,30,16866
286,Honda,Model A,2003,250000,Petrol,Manual,3,1,500
287,VW,Model B,2022,48332,Petrol,Manual,12,1,12768
288,Toyota,Model B,2023,28008,Petrol,Manual,8,10,18545
289,Mercedes,Model A,2019,64631,Petrol,Manual,3,1,13580
290,Toyota,Model A,2023,34117,Petrol,Manual,2,30,17455
291,Mercedes,Model A,2003,250000,Hybrid,Automatic,7,30,1743
292,Toyota,Model A,2003,250000,Petrol,Automatic,6,30,500
293,Toyota,Model A,2025,730,Petrol,Automatic,12,30,24609
294,Ford,Model B,2020,66951,Diesel,Manual,3,1,8115
295,Toyota,Model A,2012,161847,Petrol,Manual,12,30,4534
296,VW,Model B,2022,30551,Petrol,Automatic,10,1,22985
297,Honda,Model C,2025,12706,Petrol,Manual,6,30,24949
298,Fiat,Model A,2017,92664,Petrol,Manual,11,10,8473
299,BMW,Model B,2024,2175,Hybrid,Manual,11,10,31557
300,VW,Model B,2008,181979,Diesel,Automatic,9,30,647
301,VW,Model C,2005,250000,Diesel,Automatic,2,30,500
302,Dacia,Model C,2022,36185,Diesel,Automatic,3,1,14297
303,Toyota,Model C,2023,27163,Petrol,Automatic,8,1,21353
304,Toyota,Model A,2024,27687,Diesel,Automatic,4,10,21952
305,Mercedes,Model A,2025,0,Diesel,Manual,7,20,26715
306,Audi,Model A,2025,0,Hybrid,Automatic,8,10,32933
307,Honda,Model C,2022,37046,Petrol,Automatic,8,1,16573
308,Hyundai,Model B,2020,64619,Petrol,Manual,8,20,5644
309,Toyota,Model B,2025,0,Petrol,Automatic,5,1,24131
310,Mercedes,Model C,2019,94106,Petrol,Manual,3,30,13791
311,Audi,Model A,2021,10707,Petrol,Manual,7,10,15808
312,Mercedes,Model B,2007,232800,Petrol,Manual,7,20,2883
313,Fiat,Model B,2002,250000,Petrol,Manual,4,10,500
314,Fiat,Model B,2025,6851,Petrol,Manual,1,20,20759
315,Toyota,Model B,2025,0,Petrol,Automatic,3,1,26643
316,Audi,Model A,2024,31258,Petrol,Automatic,7,30,22628
317,Fiat,Model A,2021,32603,Hybrid,Automatic,7,1,17469
318,BMW,Model A,2015,112384,Diesel,Automatic,2,1,500
319,Ford,Model B,2015,117441,Petrol,Automatic,8,20,500
320,Fiat,Model A,2018,90111,Diesel,Automatic,6,1,1791
321,Honda,Model B,2023,33591,Petrol,Manual,9,20,12659
322,BMW,Model A,2025,13392,Petrol,Manual,12,1,27416
323,Audi,Model B,2024,24237,Petrol,Automatic,4,30,27003
324,Fiat,Model C,2019,75793,Petrol,Automatic,5,1,8572
325,BMW,Model A,2025,6238,Petrol,Manual,9,10,28532
326,Toyota,Model C,2025,0,Petrol,Manual,12,30,20948
327,Hyundai,Model A,2023,12734,Petrol,Automatic,7,1,20806
328,Hyundai,Model C,2023,37431,Diesel,Automatic,3,1,20075
329,Honda,Model C,2021,60558,Petrol,Automatic,12,20,11454
330,Audi,Model C,2018,94856,Hybrid,Automatic,6,1,9835
331,Ford,Model A,2020,52283,Petrol,Manual,6,30,10512
332,Audi,Model B,2025,13657,Petrol,Automatic,7,10,27293
333,Audi,Model B,2001,250000,Diesel,Automatic,4,20,500
334,Hyundai,Model B,2011,184160,Diesel,Automatic,10,10,1163
335,Mercedes,Model A,2004,248086,Petrol,Manual,9,10,2586
336,BMW,Model B,2004,250000,Petrol,Automatic,12,20,2244
337,Toyota,Model A,2025,0,Petrol,Automatic,3,10,28593
338,Honda,Model B,2025,26451,Petrol,Manual,8,30,20251
339,VW,Model C,2022,30578,Petrol,Manual,7,20,19299
340,Hyundai,Model C,2009,186307,Petrol,Manual,12,30,500
341,VW,Model C,2022,38922,Petrol,Automatic,1,10,16310
342,Ford,Model A,2022,25543,Petrol,Manual,10,30,14471
343,VW,Model C,2015,35674,Petrol,Automatic,8,30,6433
344,Audi,Model C,2021,36935,Diesel,Automatic,8,30,19165
345,Toyota,Model B,2021,37484,Diesel,Automatic,11,10,13602
346,Ford,Model A,2023,31303,Petrol,Automatic,8,1,14217
347,BMW,Model B,2024,0,Petrol,Automatic,9,1,26432
348,Toyota,Model C,2004,240477,Petrol,Manual,9,10,500
349,Toyota,Model C,2020,39408,Petrol,Automatic,1,20,14981
350,Honda,Model B,2024,4441,Petrol,Manual,2,30,23106
351,Honda,Model A,2022,55674,Diesel,Manual,5,1,12552
352,VW,Model A,2025,0,Petrol,Manual,9,1,20481
353,Honda,Model B,2024,1025,Petrol,Manual,1,1,20831
354,Fiat,Model B,2015,122908,Petrol,Manual,10,1,1395
355,Toyota,Model A,2007,210438,Petrol,Manual,3,30,521
356,Honda,Model C,2024,45422,Petrol,Manual,7,10,22555
357,BMW,Model C,2002,250000,Hybrid,Automatic,3,30,1080
358,Toyota,Model A,2023,29028,Petrol,Automatic,3,1,20467
359,Fiat,Model B,2025,14156,Petrol,Automatic,5,30,20576
360,Toyota,Model C,2023,37868,Petrol,Manual,12,20,15591
361,Audi,Model A,2021,51499,Petrol,Automatic,3,20,16460
362,Honda,Model C,2024,9583,Petrol,Automatic,1,30,26736
363,BMW,Model B,2021,,Petrol,Automatic,12,30,16139
364,Honda,Model C,2023,22503,Petrol,Manual,6,30,16332
365,Toyota,Model A,2025,0,Diesel,Manual,8,10,18797
366,Toyota,Model B,2021,,Hybrid,Manual,12,30,10244
367,Hyundai,Model A,2025,0,Petrol,Manual,10,30,18420
368,VW,Model A,2025,12324,Petrol,Automatic,10,30,23266
369,Honda,Model C,2016,,Diesel,Automatic,7,10,2476
370,Ford,Model A,2006,227914,Petrol,Automatic,9,10,2165
371,Hyundai,Model A,2010,176927,Hybrid,Automatic,12,20,500
372,VW,Model C,2001,250000,Petrol,Automatic,12,1,500
373,Mercedes,Model C,2009,164525,Petrol,Manual,8,10,500
374,Toyota,Model C,2024,0,Petrol,Automatic,2,30,21322
375,Toyota,Model B,2007,213958,Petrol,Automatic,12,10,500
376,Mercedes,Model C,2020,57037,Petrol,Manual,3,20,11978
377,BMW,Model C,2025,0,Petrol,Automatic,5,10,36021
378,Mercedes,Model B,2002,250000,Petrol,Automatic,2,20,777
379,Hyundai,Model B,2025,0,Diesel,Automatic,3,20,23605
380,Honda,Model C,2019,77357,Petrol,Automatic,10,20,11473
381,Toyota,Model C,2011,133177,Petrol,Manual,2,1,1132
382,Ford,Model C,2024,3484,Hybrid,Automatic,3,30,26639
383,VW,Model A,2024,2994,Petrol,Manual,3,10,22294
384,Toyota,Model C,2025,15244,Petrol,Manual,5,10,16574
385,Honda,Model C,2025,26329,Diesel,Automatic,9,1,20489
386,BMW,Model C,2025,0,Petrol,Automatic,9,1,31813
387,Ford,Model B,2019,92860,Diesel,Manual,10,30,9193
388,Toyota,Model A,2015,115258,Petrol,Automatic,10,1,500
389,Honda,Model C,2025,0,Petrol,Automatic,1,1,26813
390,Toyota,Model C,2025,26188,Diesel,Manual,9,30,18884
391,Ford,Model C,2025,7811,Petrol,Automatic,9,20,25245
392,Ford,Model B,2021,48066,Petrol,Manual,1,10,18381
393,Toyota,Model C,2020,70307,Petrol,Automatic,6,1,12165
394,BMW,Model C,2025,4113,Petrol,Automatic,1,10,34497
395,Ford,Model B,2020,58961,Petrol,Manual,3,1,8007
396,Fiat,Model B,2025,0,Petrol,Automatic,7,10,24758
397,Hyundai,Model B,2025,0,Petrol,Automatic,1,1,29432
398,Dacia,Model B,2021,57348,Petrol,Manual,2,10,10542
399,Mercedes,Model B,2025,0,Petrol,Automatic,2,1,30242
400,Audi,Model B,2025,4060,Petrol,Automatic,2,1,33461
401,Honda,Model B,2010,185754,Petrol,Automatic,1,20,2852
402,Audi,Model B,2025,0,Petrol,Automatic,8,1,30335
403,BMW,Model B,2022,16212,Petrol,Manual,3,30,18454
404,Toyota,Model C,2025,0,Petrol,Automatic,11,20,23123
405,Toyota,Model A,2020,52136,Petrol,Manual,12,30,13282
406,Audi,Model C,2025,5044,Diesel,Automatic,9,30,33211
407,Dacia,Model B,2021,37227,Petrol,Manual,1,1,6454
408,Audi,Model C,2001,250000,Hybrid,Automatic,12,20,4850
409,Mercedes,Model B,2025,15796,Petrol,Manual,6,30,26158
410,Mercedes,Model A,2009,194223,Petrol,Manual,3,30,500
411,Hyundai,Model A,2020,49459,Petrol,Automatic,10,30,5344
412,VW,Model B,2025,264,Petrol,Automatic,5,1,31672
413,Mercedes,Model B,2025,20683,Petrol,Automatic,7,30,31926
414,Audi,Model C,2023,28406,Petrol,Manual,10,30,19363
415,VW,Model C,2024,20894,Petrol,Manual,2,10,22119
416,Audi,Model B,2021,,Petrol,Manual,3,1,16765
417,Dacia,Model A,2019,87396,Hybrid,Manual,12,30,6725
418,Honda,Model C,2020,94771,Petrol,Automatic,9,20,14468
419,Mercedes,Model C,2024,127,Petrol,Automatic,3,10,25552
420,Fiat,Model A,2025,0,Hybrid,Manual,8,30,20940
421,Toyota,Model A,2025,2633,Diesel,Automatic,3,20,22581
422,Toyota,Model C,2025,13132,Petrol,Automatic,11,30,20718
423,Toyota,Model B,2009,190629,Diesel,Automatic,6,1,2466
424,Hyundai,Model A,2022,20201,Petrol,Automatic,11,1,19681
425,Mercedes,Model C,2005,238371,Petrol,Automatic,12,30,500
426,Toyota,Model B,2023,32971,Diesel,Manual,12,10,18907
427,BMW,Model B,2021,41894,Petrol,Automatic,2,10,16481
428,Hyundai,Model B,2025,,Petrol,Automatic,12,1,22215
429,Toyota,Model C,2020,77470,Petrol,Automatic,4,30,11078
430,Audi,Model C,2011,171603,Diesel,Manual,5,10,1697
431,Ford,Model A,2014,131580,Petrol,Automatic,1,10,2234
432,VW,Model A,2025,12440,Petrol,Automatic,9,1,26534
433,Hyundai,Model B,2023,11158,Petrol,Manual,9,30,18799
434,Toyota,Model B,2010,165679,Petrol,Automatic,10,20,3404
435,Hyundai,Model C,2008,200001,Hybrid,Automatic,12,1,1933
436,Honda,Model C,2025,0,Petrol,Automatic,6,30,24723
437,Mercedes,Model A,2007,203949,Petrol,Automatic,6,10,500
438,Hyundai,Model A,2025,27457,Petrol,Automatic,8,1,21388
439,Honda,Model C,2025,32579,Petrol,Manual,9,10,21401
440,Ford,Model B,2008,198694,Diesel,Automatic,6,20,500
441,Dacia,Model B,2008,205375,Diesel,Manual,12,20,2498
442,Ford,Model A,2025,0,Petrol,Manual,1,30,23286
443,BMW,Model A,2020,76612,Petrol,Automatic,10,30,18467
444,Fiat,Model B,2020,79584,Petrol,Automatic,3,30,5325
445,Toyota,Model C,2025,0,Petrol,Manual,7,1,20319
446,Honda,Model B,2025,7140,Diesel,Automatic,11,1,25816
447,Audi,Model B,2025,0,Diesel,Manual,5,20,28950
448,Toyota,Model B,2025,26374,Petrol,Manual,12,10,23390
449,VW,Model A,2020,66603,Petrol,Automatic,6,30,10246
450,Toyota,Model B,2008,191649,Diesel,Automatic,9,20,2481
451,Ford,Model B,2025,0,Petrol,Automatic,10,1,22304
452,Hyundai,Model B,2023,19665,Petrol,Automatic,4,20,18485
453,Toyota,Model B,2021,55876,Petrol,Automatic,12,1,15007
454,Ford,Model C,2025,15628,Petrol,Manual,2,20,23231
455,Hyundai,Model C,2011,150776,Petrol,Automatic,8,20,5484
456,VW,Model A,2022,63581,Petrol,Manual,12,30,16070
457,Honda,Model B,2001,250000,Petrol,Automatic,1,10,922
458,Toyota,Model C,2022,22870,Petrol,Manual,7,30,16069
459,Toyota,Model A,2005,241092,Diesel,Manual,4,20,500
460,Honda,Model B,2011,193662,Diesel,Manual,3,30,500
461,Toyota,Model B,2011,186493,Petrol,Automatic,3,20,4594
462,VW,Model B,2024,6948,Petrol,Automatic,12,10,22451
463,Mercedes,Model B,2025,,Petrol,Automatic,6,1,28475
464,Dacia,Model C,2023,68957,Petrol,Automatic,3,10,13960
465,Hyundai,Model C,2025,1577,Petrol,Manual,12,10,19419
466,Toyota,Model B,2020,50510,Petrol,Automatic,5,10,12415
467,BMW,Model B,2019,74586,Diesel,Manual,10,1,11766
468,VW,Model A,2025,3698,Hybrid,Manual,7,1,24095
469,VW,Model C,2017,88131,Petrol,Automatic,9,1,8282
470,Dacia,Model B,2025,6624,Petrol,Automatic,3,10,23321
471,Audi,Model A,2001,250000,Diesel,Automatic,9,20,500
472,BMW,Model A,2025,0,Petrol,Automatic,12,1,26288
473,Fiat,Model B,2004,250000,Petrol,Manual,2,10,693
474,Audi,Model C,2025,0,Hybrid,Manual,5,10,26700
475,VW,Model A,2022,49547,Petrol,Automatic,12,30,15807
476,BMW,Model A,2025,0,Petrol,Automatic,3,20,30292
477,Hyundai,Model A,2007,190030,Petrol,Automatic,1,30,500
478,Mercedes,Model A,2023,4954,Petrol,Automatic,1,20,24054
479,VW,Model A,2025,4302,Petrol,Automatic,4,10,28799
480,Honda,Model B,2022,55878,Petrol,Manual,7,1,15765
481,Dacia,Model A,2024,12864,Petrol,Automatic,4,30,18975
482,BMW,Model C,2024,8301,Petrol,Automatic,4,20,28583
483,Toyota,Model C,2021,56693,Petrol,Automatic,11,10,14639
484,BMW,Model A,2024,0,Petrol,Manual,10,1,27921
485,Fiat,Model A,2023,26091,Petrol,Automatic,4,1,16827
486,Ford,Model A,2025,0,Petrol,Automatic,5,30,21775
487,Honda,Model B,2004,250000,Diesel,Automatic,12,20,3631
488,Mercedes,Model A,2019,70052,Petrol,Automatic,12,20,9690
489,Honda,Model B,2025,0,Diesel,Automatic,12,1,22805
490,Toyota,Model A,2025,2475,Diesel,Manual,12,30,20281
491,Toyota,Model B,2021,50378,Petrol,Automatic,8,30,14052
492,Hyundai,Model B,2024,29631,Petrol,Manual,4,20,19701
493,BMW,Model A,2019,47915,Diesel,Manual,12,30,14825
494,Ford,Model A,2016,,Petrol,Manual,10,20,1344
495,Hyundai,Model A,2022,24596,Diesel,Automatic,9,30,16752
496,Fiat,Model A,2020,73046,Petrol,Manual,10,30,8442
497,VW,Model B,2023,35308,Petrol,Manual,8,30,20033
498,Toyota,Model A,2007,223618,Diesel,Automatic,8,30,1242
499,Ford,Model C,2025,0,Petrol,Manual,5,1,22547
500,Mercedes,Model C,2025,13282,Petrol,Automatic,2,30,31733
501,Mercedes,Model A,2024,0,Petrol,Automatic,6,10,26674
502,Ford,Model B,2022,9970,Petrol,Automatic,7,20,18988
503,Fiat,Model C,2020,40861,Petrol,Manual,11,10,10710
504,BMW,Model B,2025,0,Petrol,Manual,6,20,29428
505,Mercedes,Model A,2024,22127,Diesel,Manual,12,10,27263
506,Ford,Model A,2015,75359,Petrol,Automatic,4,1,500
507,Audi,Model A,2025,19841,Diesel,Automatic,12,30,35363
508,Ford,Model C,2025,1966,Petrol,Automatic,1,30,21144
509,Audi,Model A,2025,0,Petrol,Manual,7,20,27122
510,Mercedes,Model B,2025,1514,Hybrid,Automatic,5,1,31057
511,Honda,Model B,2023,40387,Petrol,Automatic,4,20,16263
512,Fiat,Model B,2021,56991,Petrol,Manual,1,30,12359
513,VW,Model A,2025,16486,Petrol,Manual,9,30,19356
514,Hyundai,Model B,2025,0,Petrol,Manual,5,30,21061
515,Audi,Model C,2004,245789,Petrol,Automatic,12,1,500
516,Fiat,Model C,2002,250000,Petrol,Manual,9,10,500
517,Toyota,Model B,2020,85763,Petrol,Manual,6,20,8995
518,Fiat,Model C,2025,9590,Petrol,Manual,8,1,19523
519,Honda,Model B,2025,42705,Petrol,Manual,1,20,19808
520,Audi,Model C,2015,,Diesel,Manual,8,1,1631
521,Audi,Model C,2023,13129,Petrol,Automatic,9,1,25717
522,Ford,Model A,2021,45857,Petrol,Automatic,2,10,14528
523,BMW,Model B,2025,20675,Petrol,Manual,9,1,23957
524,Dacia,Model B,2025,0,Petrol,Automatic,6,20,18912
525,Audi,Model C,2025,1866,Diesel,Automatic,6,30,34810
526,Toyota,Model C,2022,37450,Petrol,Manual,10,30,14174
527,Audi,Model A,2021,48592,Petrol,Automatic,6,30,18659
528,BMW,Model B,2019,62214,Petrol,Automatic,3,1,10653
529,VW,Model A,2005,237940,Petrol,Automatic,4,30,500
530,Ford,Model C,2025,0,Diesel,Automatic,10,10,21889
531,Hyundai,Model C,2025,0,Diesel,Manual,1,10,20458
532,BMW,Model A,2025,14152,Petrol,Manual,11,20,28183
533,Fiat,Model C,2025,26409,Petrol,Manual,8,10,17052
534,Toyota,Model C,2023,11393,Petrol,Manual,10,30,20146
535,Fiat,Model B,2025,0,Diesel,Automatic,5,10,21813
536,Mercedes,Model C,2025,0,Petrol,Automatic,3,20,30598
537,VW,Model B,2025,2806,Petrol,Manual,11,20,22284
538,Ford,Model C,2018,75924,Petrol,Manual,2,10,9960
539,Toyota,Model B,2021,15479,Petrol,Automatic,3,1,15194
540,BMW,Model C,2012,172554,Petrol,Manual,4,20,1941
541,Ford,Model B,2025,0,Diesel,Manual,5,10,22743
542,BMW,Model B,2023,31376,Petrol,Automatic,3,10,24837
543,Honda,Model B,2017,89097,Diesel,Automatic,12,30,7261
544,Ford,Model B,2024,18906,Petrol,Automatic,1,30,19764
545,VW,Model A,2023,10552,Petrol,Automatic,11,30,18853
546,Dacia,Model B,2020,77943,Petrol,Manual,6,1,4788
547,Audi,Model C,2011,181699,Petrol,Manual,11,30,4940
548,Toyota,Model A,2024,20525,Petrol,Manual,10,10,28136
549,Toyota,Model C,2022,47898,Hybrid,Manual,2,20,10582
550,VW,Model C,2025,0,Petrol,Manual,9,1,26567
551,Dacia,Model A,2022,26705,Petrol,Automatic,5,10,13312
552,Dacia,Model B,2025,11286,Petrol,Manual,11,1,17947
553,Dacia,Model A,2023,12484,Petrol,Manual,11,30,12294
554,Fiat,Model C,2023,45684,Petrol,Manual,3,30,8905
555,Dacia,Model A,2025,0,Petrol,Automatic,6,30,17781
556,Toyota,Model B,2021,55528,Petrol,Automatic,8,1,16178
557,Dacia,Model B,2013,175488,Petrol,Automatic,7,10,3753
558,Hyundai,Model A,2002,250000,Diesel,Manual,4,10,500
559,Mercedes,Model C,2025,1031,Petrol,Automatic,4,10,28553
560,BMW,Model B,2024,27812,Petrol,Automatic,11,20,29599
561,Audi,Model B,2025,14269,Petrol,Manual,1,30,27544
562,Hyundai,Model C,2017,91082,Petrol,Automatic,4,10,4258
563,Ford,Model A,2013,136249,Petrol,Automatic,3,20,3693
564,Audi,Model B,2001,250000,Diesel,Manual,5,1,500
565,VW,Model C,2020,81717,Petrol,Automatic,9,10,11227
566,Mercedes,Model A,2023,19813,Petrol,Automatic,7,10,22434
567,Hyundai,Model C,2021,49171,Hybrid,Automatic,7,1,12959
568,Hyundai,Model C,2021,41598,Diesel,Automatic,10,30,14386
569,Dacia,Model C,2025,,Petrol,Automatic,11,30,18550
570,Mercedes,Model A,2020,62332,Petrol,Manual,2,30,11433
571,Fiat,Model A,2022,20948,Hybrid,Automatic,2,30,14357
572,Toyota,Model C,2025,0,Petrol,Automatic,4,20,32503
573,Toyota,Model A,2021,18020,Petrol,Automatic,11,30,14775
574,Honda,Model C,2024,0,Petrol,Automatic,7,10,22102
575,Ford,Model A,2025,11909,Petrol,Automatic,2,30,28022
576,Dacia,Model C,2025,19856,Petrol,Automatic,3,1,19227
577,Ford,Model B,2014,142283,Petrol,Automatic,12,1,3747
578,Fiat,Model C,2025,8319,Petrol,Automatic,5,1,20366
579,Audi,Model A,2022,34102,Petrol,Automatic,4,30,24168
580,Toyota,Model B,2018,95623,Petrol,Automatic,9,1,3870
581,Honda,Model B,2021,52294,Petrol,Manual,11,30,13147
582,Toyota,Model C,2025,27066,Petrol,Automatic,6,20,29156
583,Dacia,Model B,2022,34523,Hybrid,Automatic,10,1,17115
584,VW,Model B,2020,80145,Diesel,Automatic,6,30,6039
585,Honda,Model C,2024,25111,Petrol,Automatic,9,20,29186
586,Hyundai,Model B,2018,95031,Petrol,Automatic,8,30,8266
587,Honda,Model C,2007,185827,Petrol,Automatic,12,1,500
588,BMW,Model B,2012,169937,Petrol,Manual,5,1,500
589,Honda,Model A,2012,154087,Diesel,Manual,10,10,2571
590,Ford,Model C,2015,113341,Hybrid,Automatic,9,20,3396
591,Dacia,Model A,2013,121756,Petrol,Automatic,11,30,2513
592,BMW,Model A,2024,11916,Diesel,Automatic,8,30,23073
593,Honda,Model C,2016,108503,Petrol,Manual,6,1,3245
594,BMW,Model B,2020,,Diesel,Automatic,1,1,8946
595,Mercedes,Model C,2025,0,Diesel,Automatic,11,20,29041
596,Ford,Model B,2022,43299,Petrol,Automatic,12,10,17430
597,Audi,Model C,2024,25075,Diesel,Manual,6,10,23401
598,VW,Model C,2015,122854,Petrol,Automatic,3,30,5457
599,Honda,Model A,2016,125262,Petrol,Automatic,9,10,505
600,Audi,Model C,2004,250000,Hybrid,Manual,2,10,875
601,Honda,Model A,2015,119184,Petrol,Automatic,1,30,7742
602,BMW,Model A,2019,58244,Hybrid,Automatic,4,30,10152
603,Fiat,Model A,2015,96596,Petrol,Manual,9,1,8452
604,BMW,Model A,2008,,Petrol,Manual,11,1,500
605,BMW,Model C,2012,,Petrol,Manual,2,1,500
606,Ford,Model A,2022,15112,Petrol,Automatic,12,20,17175
607,Dacia,Model B,2016,110336,Petrol,Manual,7,30,3261
608,Fiat,Model B,2020,58499,Petrol,Manual,12,30,5019
609,Audi,Model A,2022,31890,Hybrid,Automatic,2,10,17158
610,Mercedes,Model B,2024,5864,Petrol,Automatic,6,10,27472
611,Ford,Model B,2003,250000,Petrol,Manual,6,30,500
612,Hyundai,Model B,2025,12272,Diesel,Automatic,6,1,24489
613,Toyota,Model A,2024,18035,Diesel,Automatic,12,20,23280
614,Honda,Model B,2008,202192,Petrol,Automatic,11,30,500
615,Mercedes,Model C,2025,0,Petrol,Automatic,10,1,29591
616,Mercedes,Model C,2025,14052,Diesel,Manual,4,30,28263
617,Ford,Model B,2006,70485,Petrol,Automatic,5,30,500
618,Mercedes,Model C,2019,73090,Hybrid,Automatic,4,10,12691
619,Audi,Model C,2025,0,Petrol,Manual,10,20,26412
620,Audi,Model C,2025,5179,Diesel,Manual,5,1,29934
621,Honda,Model A,2016,100974,Diesel,Manual,12,1,3698
622,BMW,Model A,2016,120323,Petrol,Automatic,5,1,4800
623,Honda,Model B,2020,43862,Diesel,Automatic,3,20,10927
624,Fiat,Model C,2022,29828,Petrol,Automatic,12,30,14716
625,BMW,Model C,2023,33166,Petrol,Automatic,10,20,16434
626,Ford,Model A,2020,43006,Petrol,Automatic,8,10,6936
627,Hyundai,Model A,2022,12404,Petrol,Manual,11,10,13672
628,Toyota,Model B,2025,946,Diesel,Automatic,12,1,24699
629,Mercedes,Model B,2003,238553,Petrol,Automatic,11,30,978
630,BMW,Model B,2018,19355,Petrol,Manual,12,1,8500
631,Ford,Model B,2025,11348,Diesel,Automatic,4,30,22779
632,Ford,Model A,2025,0,Petrol,Automatic,7,1,23864
633,Audi,Model A,2022,55282,Petrol,Automatic,10,1,19202
634,Hyundai,Model C,2022,17927,Petrol,Automatic,7,30,17868
635,VW,Model A,2010,178590,Petrol,Manual,9,1,876
636,Audi,Model A,2021,53993,Petrol,Manual,12,30,14734
637,Hyundai,Model C,2022,18442,Petrol,Automatic,4,1,17638
638,Audi,Model C,2018,99476,Petrol,Automatic,7,30,12440
639,VW,Model C,2018,91660,Petrol,Automatic,8,30,9750
640,Mercedes,Model C,2020,35860,Petrol,Manual,5,1,12595
641,VW,Model A,2002,250000,Hybrid,Manual,5,30,500
642,Audi,Model C,2020,65789,Hybrid,Automatic,10,10,9721
643,Ford,Model C,2017,87149,Petrol,Manual,12,1,6648
644,Mercedes,Model C,2020,37802,Petrol,Automatic,8,30,12696
645,VW,Model A,2011,172176,Diesel,Automatic,7,10,500
646,BMW,Model C,2025,33168,Petrol,Automatic,10,20,33169
647,Mercedes,Model B,2023,18195,Petrol,Manual,12,1,19360
648,Mercedes,Model C,2024,35538,Petrol,Automatic,2,30,25996
649,BMW,Model A,2025,0,Petrol,Manual,9,1,26644
650,VW,Model C,2022,,Hybrid,Automatic,7,20,15514
651,Dacia,Model C,2008,215572,Diesel,Manual,8,10,500
652,Hyundai,Model C,2022,35873,Petrol,Automatic,1,10,16500
653,Fiat,Model C,2023,19533,Petrol,Automatic,12,20,17718
654,BMW,Model A,2025,10891,Petrol,Automatic,2,30,32008
655,Mercedes,Model A,2021,76371,Diesel,Manual,4,10,19747
656,Ford,Model C,2012,160508,Petrol,Manual,4,20,1258
657,Dacia,Model C,2019,64259,Petrol,Automatic,10,10,6349
658,VW,Model A,2020,57153,Petrol,Automatic,9,1,16068
659,Toyota,Model B,2024,,Petrol,Manual,1,10,19337
660,Mercedes,Model C,2023,26023,Hybrid,Automatic,2,1,26490
661,Mercedes,Model C,2020,51083,Hybrid,Manual,4,1,14537
662,Toyota,Model A,2025,,Petrol,Manual,9,30,28144
663,VW,Model C,2023,0,Petrol,Automatic,12,10,18380
664,BMW,Model B,2017,101453,Petrol,Manual,4,30,8548
665,Fiat,Model B,2010,189819,Diesel,Manual,7,1,500
666,Dacia,Model A,2015,114049,Petrol,Automatic,5,30,4404
667,Fiat,Model B,2018,83775,Petrol,Automatic,8,10,9639
668,Fiat,Model B,2015,102443,Petrol,Automatic,8,1,6092
669,BMW,Model A,2016,109993,Petrol,Manual,7,10,7371
670,Dacia,Model C,2019,79222,Diesel,Manual,5,20,4734
671,Toyota,Model A,2015,111972,Petrol,Automatic,11,10,2100
672,Fiat,Model C,2025,25356,Petrol,Automatic,11,20,21433
673,Mercedes,Model A,2008,191443,Diesel,Automatic,12,20,500
674,Honda,Model A,2022,40252,Diesel,Manual,6,20,17783
675,BMW,Model A,2021,18217,Petrol,Automatic,1,10,17257
676,BMW,Model C,2025,,Petrol,Manual,9,1,29020
677,Dacia,Model C,2011,165172,Diesel,Automatic,10,30,500
678,Hyundai,Model A,2021,26567,Petrol,Automatic,12,30,11341
679,Honda,Model B,2025,20360,Petrol,Automatic,1,1,21106
680,Honda,Model C,2025,0,Petrol,Automatic,11,30,28586
681,VW,Model A,2025,8060,Petrol,Manual,7,10,27493
682,Toyota,Model C,2018,94090,Petrol,Manual,5,1,6445
683,Hyundai,Model B,2015,110575,Petrol,Manual,3,10,500
684,Honda,Model C,2024,9037,Petrol,Manual,11,30,24107
685,Ford,Model A,2025,,Diesel,Automatic,5,30,24945
686,Dacia,Model B,2023,7242,Petrol,Manual,8,10,15345
687,Honda,Model B,2023,55918,Petrol,Manual,7,20,21539
688,Toyota,Model C,2019,60826,Petrol,Automatic,4,30,5982
689,Fiat,Model A,2025,0,Petrol,Automatic,10,20,21121
690,Fiat,Model B,2016,,Diesel,Manual,4,30,2368
691,Dacia,Model B,2020,93125,Diesel,Manual,10,10,10500
692,Ford,Model A,2021,19335,Petrol,Manual,6,30,7642
693,Toyota,Model A,2022,33884,Petrol,Automatic,1,1,21642
694,Audi,Model B,2018,27343,Hybrid,Manual,10,10,10897
695,BMW,Model A,2011,168504,Petrol,Automatic,12,20,3666
696,VW,Model B,2023,29728,Diesel,Automatic,2,30,21620
697,Audi,Model A,2019,61229,Diesel,Manual,8,30,5732
698,Ford,Model A,2023,15004,Petrol,Manual,1,1,21945
699,Fiat,Model B,2015,117773,Petrol,Automatic,11,1,3093
700,Dacia,Model B,2022,19051,Hybrid,Automatic,12,20,13097
701,BMW,Model B,2022,,Diesel,Automatic,7,10,17178
702,Toyota,Model A,2005,234168,Diesel,Automatic,4,20,500
703,Hyundai,Model C,2020,52949,Petrol,Automatic,11,10,14995
704,Honda,Model A,2013,148807,Hybrid,Automatic,7,1,2196
705,Hyundai,Model B,2006,200690,Diesel,Automatic,6,20,500
706,Fiat,Model B,2025,0,Diesel,Manual,3,20,25799
707,Honda,Model B,2020,94760,Petrol,Automatic,8,1,8413
708,Toyota,Model C,2025,0,Petrol,Automatic,8,20,30774
709,Honda,Model C,2018,103282,Petrol,Manual,4,1,2851
710,VW,Model C,2024,12819,Petrol,Manual,3,1,18955
711,Toyota,Model C,2025,0,Petrol,Automatic,6,1,28034
712,Hyundai,Model A,2023,4190,Petrol,Automatic,6,30,21711
713,Fiat,Model B,2022,38095,Petrol,Manual,2,20,11363
714,Toyota,Model A,2021,69800,Petrol,Automatic,4,1,15220
715,Dacia,Model A,2020,54161,Diesel,Manual,3,20,8582
716,Ford,Model C,2025,0,Petrol,Automatic,12,30,23570
717,Fiat,Model A,2025,15155,Petrol,Manual,1,10,19547
718,Mercedes,Model A,2025,5113,Diesel,Manual,11,30,33220
719,Audi,Model A,2012,132415,Petrol,Automatic,7,10,4444
720,Toyota,Model C,2025,1483,Hybrid,Automatic,9,10,27953
721,Toyota,Model A,2025,22683,Petrol,Automatic,12,1,25513
722,Mercedes,Model B,2016,107445,Petrol,Automatic,5,1,6286
723,Fiat,Model A,2006,186877,Petrol,Automatic,9,10,500
724,Toyota,Model A,2025,5823,Diesel,Automatic,9,30,30964
725,Dacia,Model A,2023,21023,Diesel,Automatic,12,20,17815
726,Ford,Model B,2025,0,Diesel,Manual,1,1,20835
727,Mercedes,Model C,2013,118811,Petrol,Automatic,6,1,500
728,Honda,Model B,2025,14626,Hybrid,Manual,12,30,26978
729,Dacia,Model B,2016,97014,Hybrid,Manual,5,20,6104
730,Ford,Model B,2015,31916,Petrol,Manual,12,30,569
731,BMW,Model A,2015,,Petrol,Manual,11,1,1597
732,Dacia,Model B,2025,0,Diesel,Manual,5,1,15543
733,Audi,Model C,2024,13500,Petrol,Manual,1,10,30180
734,VW,Model A,2022,32959,Petrol,Automatic,4,30,19220
735,Honda,Model A,2020,42000,Petrol,Automatic,2,30,4062
736,Toyota,Model A,2025,0,Petrol,Automatic,6,20,24784
737,Toyota,Model B,2021,54641,Petrol,Automatic,12,10,16580
738,Fiat,Model C,2025,628,Petrol,Automatic,7,20,19145
739,Fiat,Model A,2021,46770,Petrol,Manual,6,30,8899
740,Honda,Model A,2020,89060,Diesel,Automatic,3,10,8669
741,Audi,Model C,2022,46965,Diesel,Automatic,8,10,23073
742,Mercedes,Model C,2020,72786,Diesel,Automatic,6,1,9557
743,Mercedes,Model B,2025,0,Petrol,Manual,10,30,30747
744,Honda,Model C,2022,39302,Diesel,Automatic,7,20,17001
745,Toyota,Model A,2017,89533,Petrol,Manual,12,1,7467
746,BMW,Model B,2025,11663,Petrol,Automatic,10,30,24829
747,Honda,Model C,2021,46344,Petrol,Manual,2,30,5700
748,VW,Model B,2023,27335,Petrol,Automatic,2,1,23505
749,Fiat,Model B,2025,2409,Petrol,Automatic,1,30,22627
750,Ford,Model C,2024,,Diesel,Manual,5,20,17496
751,VW,Model A,2011,212072,Hybrid,Automatic,1,1,973
752,Toyota,Model C,2025,0,Petrol,Automatic,6,10,31344
753,Honda,Model B,2024,1864,Petrol,Automatic,4,1,26940
754,VW,Model A,2020,70411,Petrol,Manual,7,10,9320
755,VW,Model A,2013,135072,Petrol,Manual,2,30,4336
756,Toyota,Model C,2025,0,Hybrid,Manual,7,1,22984
757,Honda,Model B,2024,0,Petrol,Automatic,12,20,24977
758,Fiat,Model A,2022,43373,Diesel,Automatic,8,30,17573
759,Ford,Model B,2025,7563,Petrol,Automatic,8,1,26440
760,Ford,Model B,2025,0,Petrol,Manual,10,1,21845
761,Hyundai,Model A,2015,130722,Petrol,Automatic,1,20,6013
762,Mercedes,Model C,2020,32128,Petrol,Manual,4,1,10508
763,Honda,Model A,2018,73397,Diesel,Automatic,12,10,9456
764,Dacia,Model A,2025,0,Petrol,Automatic,10,20,24066
765,Toyota,Model C,2003,246415,Petrol,Automatic,2,30,500
766,Toyota,Model C,2023,0,Diesel,Automatic,5,30,24631
767,Ford,Model B,2025,0,Petrol,Manual,6,30,22120
768,Audi,Model B,2025,10410,Hybrid,Automatic,12,30,29194
769,Ford,Model B,2020,79231,Petrol,Automatic,8,20,10936
770,Mercedes,Model B,2025,0,Petrol,Automatic,1,1,32900
771,Ford,Model B,2011,178998,Petrol,Automatic,7,30,4899
772,Ford,Model B,2025,9548,Petrol,Automatic,4,30,27488
773,Toyota,Model C,2012,174279,Petrol,Manual,5,30,500
774,Toyota,Model A,2021,42747,Petrol,Automatic,2,1,17656
775,Audi,Model B,2025,0,Petrol,Automatic,6,30,30860
776,Toyota,Model C,2014,133052,Petrol,Manual,9,20,5937
777,Honda,Model A,2017,80793,Petrol,Manual,10,30,6717
778,Audi,Model B,2025,0,Diesel,Automatic,9,30,31549
779,Hyundai,Model C,2025,0,Petrol,Manual,9,20,24206
780,VW,Model C,2024,6916,Petrol,Manual,11,1,19305
781,Audi,Model A,2024,14123,Diesel,Automatic,5,1,23942
782,BMW,Model A,2023,34547,Petrol,Manual,3,30,16971
783,BMW,Model C,2018,78483,Diesel,Automatic,2,10,5034
784,Ford,Model B,2020,65935,Petrol,Automatic,3,20,8768
785,Audi,Model B,2016,108222,Petrol,Automatic,2,1,7323
786,BMW,Model C,2025,14032,Petrol,Manual,12,1,24425
787,Toyota,Model A,2023,6351,Diesel,Manual,3,10,15750
788,Dacia,Model C,2021,46816,Petrol,Automatic,2,30,14599
789,VW,Model B,2022,30383,Hybrid,Automatic,6,20,20244
790,Fiat,Model C,2025,0,Petrol,Automatic,3,20,24287
791,Mercedes,Model C,2015,108247,Petrol,Automatic,2,1,5620
792,BMW,Model B,2023,10761,Diesel,Manual,5,1,18769
793,BMW,Model C,2022,47636,Petrol,Automatic,12,20,20457
794,Dacia,Model A,2023,7751,Diesel,Automatic,1,1,15710
795,Toyota,Model B,2001,250000,Petrol,Automatic,3,30,947
796,Honda,Model B,2025,,Petrol,Manual,11,10,27138
797,Toyota,Model B,2025,0,Petrol,Manual,4,20,30732
798,VW,Model C,2023,36431,Hybrid,Automatic,6,1,13988
799,Toyota,Model B,2024,3134,Petrol,Automatic,2,10,25102
800,Honda,Model A,2025,0,Petrol,Automatic,10,30,23785
801,Dacia,Model C,2025,0,Petrol,Manual,10,10,21985
802,Honda,Model C,2015,139690,Petrol,Automatic,2,20,5484
803,Ford,Model A,2023,6946,Petrol,Automatic,12,30,18080
804,Honda,Model A,2023,35207,Petrol,Automatic,8,20,20549
805,Hyundai,Model B,2021,33000,Diesel,Automatic,10,1,15864
806,Audi,Model C,2025,19760,Diesel,Automatic,10,1,31165
807,Mercedes,Model B,2025,33101,Hybrid,Automatic,7,1,25037
808,Hyundai,Model C,2025,0,Petrol,Automatic,10,10,25844
809,Toyota,Model C,2021,31728,Diesel,Automatic,3,1,15760
810,Fiat,Model A,2011,,Petrol,Automatic,1,20,500
811,Ford,Model B,2025,7695,Petrol,Automatic,5,10,24590
812,Ford,Model C,2025,11653,Petrol,Manual,2,30,22480
813,BMW,Model B,2012,147393,Hybrid,Automatic,12,20,871
814,VW,Model C,2025,29813,Hybrid,Automatic,12,10,24508
815,VW,Model B,2025,1770,Diesel,Manual,2,30,24523
816,Ford,Model C,2022,17745,Petrol,Manual,5,20,15433
817,Audi,Model B,2023,20202,Diesel,Automatic,7,30,27434
818,Dacia,Model B,2021,29946,Petrol,Automatic,5,1,14576
819,Toyota,Model A,2005,250000,Petrol,Manual,9,20,500
820,Mercedes,Model B,2020,50095,Petrol,Automatic,7,1,9960
821,Dacia,Model A,2025,7387,Petrol,Manual,8,1,18996
822,VW,Model A,2000,250000,Diesel,Manual,9,20,2063
823,Toyota,Model B,2020,50769,Diesel,Automatic,1,10,11517
824,Dacia,Model C,2021,19346,Petrol,Automatic,1,20,13435
825,BMW,Model A,2022,44972,Petrol,Automatic,3,10,17852
826,BMW,Model B,2025,19487,Petrol,Manual,9,30,27302
827,VW,Model B,2020,46260,Diesel,Manual,4,20,19107
828,Mercedes,Model B,2020,36821,Petrol,Automatic,12,10,13856
829,Fiat,Model C,2025,12049,Diesel,Automatic,1,1,22293
830,Hyundai,Model A,2021,23306,Petrol,Manual,8,20,10627
831,Toyota,Model A,2017,114292,Petrol,Manual,1,10,6653
832,Fiat,Model C,2021,34434,Petrol,Manual,12,10,11166
833,BMW,Model A,2014,115450,Petrol,Automatic,3,20,3499
834,Honda,Model C,2015,123726,Petrol,Automatic,8,20,500
835,Dacia,Model B,2022,20427,Hybrid,Automatic,12,1,13246
836,Fiat,Model A,2021,37393,Petrol,Manual,1,10,13150
837,Toyota,Model C,2025,5309,Hybrid,Automatic,7,30,25188
838,Mercedes,Model A,2020,23563,Petrol,Manual,7,10,13218
839,Audi,Model C,2023,48636,Petrol,Automatic,5,20,25368
840,Honda,Model A,2024,12654,Hybrid,Automatic,9,30,21854
841,Ford,Model B,2001,250000,Petrol,Manual,7,20,500
842,BMW,Model A,2024,0,Petrol,Manual,4,30,27605
843,Toyota,Model A,2015,134874,Petrol,Automatic,9,1,1691
844,Hyundai,Model C,2025,9015,Petrol,Automatic,6,1,28262
845,Honda,Model A,2014,152801,Petrol,Manual,6,20,6937
846,Mercedes,Model A,2021,37758,Hybrid,Manual,12,30,9877
847,Dacia,Model C,2008,208448,Diesel,Manual,7,1,500
848,Audi,Model C,2025,6398,Petrol,Automatic,10,1,30182
849,Hyundai,Model A,2022,46429,Petrol,Automatic,11,20,11070
850,Mercedes,Model C,2023,40909,Petrol,Manual,8,10,16532
851,Toyota,Model C,2006,217241,Petrol,Manual,10,30,500
852,Honda,Model C,2025,0,Petrol,Automatic,4,1,31328
853,Honda,Model B,2016,98847,Petrol,Manual,3,1,7527
854,Honda,Model C,2025,0,Petrol,Automatic,9,1,25150
855,Audi,Model C,2016,118476,Hybrid,Automatic,12,30,3751
856,Honda,Model A,2016,83189,Petrol,Manual,1,20,8697
857,Honda,Model C,2003,250000,Petrol,Automatic,10,1,500
858,Audi,Model C,2022,18912,Diesel,Manual,1,1,15876
859,Dacia,Model C,2023,19389,Petrol,Automatic,6,20,15846
860,Fiat,Model C,2006,246659,Diesel,Automatic,9,20,2198
861,Fiat,Model B,2025,4920,Diesel,Automatic,6,30,23884
862,VW,Model C,2021,53092,Hybrid,Automatic,4,10,8809
863,Mercedes,Model A,2022,18290,Petrol,Automatic,3,30,22001
864,Ford,Model B,2021,32338,Petrol,Automatic,12,30,18082
865,Hyundai,Model B,2021,62118,Petrol,Automatic,8,20,14231
866,BMW,Model C,2023,15162,Petrol,Manual,2,10,20318
867,Honda,Model A,2015,112576,Diesel,Automatic,1,1,3303
868,Toyota,Model B,2016,122459,Diesel,Manual,4,10,5622
869,Audi,Model C,2025,0,Hybrid,Automatic,7,20,31502
870,Toyota,Model C,2025,4038,Petrol,Automatic,10,10,30882
871,Dacia,Model C,2020,60643,Diesel,Automatic,12,1,6762
872,VW,Model A,2019,71959,Petrol,Automatic,11,20,10894
873,Toyota,Model B,2024,4223,Hybrid,Manual,8,20,18811
874,Ford,Model B,2021,39302,Petrol,Manual,9,10,14359
875,Audi,Model C,2002,250000,Diesel,Automatic,7,1,2405
876,Ford,Model C,2015,127239,Petrol,Automatic,6,30,500
877,Fiat,Model B,2025,0,Petrol,Automatic,10,30,20996
878,Ford,Model C,2024,26531,Diesel,Manual,3,1,20842
879,VW,Model C,2002,250000,Diesel,Manual,5,1,500
880,Honda,Model A,2017,80123,Diesel,Automatic,12,1,4376
881,Honda,Model B,2017,92432,Petrol,Automatic,8,1,6336
882,VW,Model A,2024,5837,Petrol,Automatic,7,20,25534
883,Hyundai,Model C,2001,250000,Petrol,Manual,11,1,1732
884,VW,Model C,2010,,Diesel,Manual,10,1,500
885,Dacia,Model B,2025,0,Petrol,Manual,5,1,16414
886,Hyundai,Model A,2015,,Hybrid,Automatic,8,10,3608
887,Hyundai,Model C,2024,19624,Petrol,Manual,3,1,20162
888,Hyundai,Model B,2017,120940,Petrol,Automatic,1,20,2448
889,Toyota,Model C,2009,210885,Diesel,Manual,12,10,3881
890,Honda,Model A,2018,70692,Petrol,Automatic,10,30,8778
891,Ford,Model A,2025,14849,Petrol,Manual,12,30,18092
892,Honda,Model B,2025,22879,Petrol,Automatic,11,10,27813
893,Hyundai,Model B,2025,22992,Petrol,Automatic,6,30,25413
894,BMW,Model C,2021,62821,Petrol,Manual,11,1,11211
895,Audi,Model A,2024,26512,Petrol,Manual,10,20,22754
896,Fiat,Model C,2016,103460,Petrol,Manual,4,20,500
897,BMW,Model A,2019,59439,Petrol,Manual,8,10,9770
898,Audi,Model A,2025,0,Diesel,Manual,4,1,32265
899,Toyota,Model C,2001,250000,Diesel,Automatic,3,10,1181
900,Hyundai,Model C,2008,224141,Diesel,Automatic,2,1,1737
901,Ford,Model C,2016,103750,Petrol,Manual,7,30,3622
902,Dacia,Model A,2002,250000,Diesel,Manual,5,1,500
903,Audi,Model A,2016,89527,Diesel,Automatic,2,10,9633
904,Fiat,Model B,2023,40239,Petrol,Automatic,9,30,15305
905,Toyota,Model A,2021,40576,Hybrid,Manual,10,1,11574
906,Audi,Model B,2025,0,Petrol,Manual,3,1,24870
907,Honda,Model A,2025,24406,Petrol,Automatic,12,10,22880
908,BMW,Model B,2020,76609,Petrol,Automatic,10,1,10493
909,Toyota,Model A,2018,87176,Petrol,Manual,11,1,10752
910,Toyota,Model C,2020,60509,Diesel,Automatic,1,1,10300
911,Mercedes,Model C,2023,30592,Petrol,Automatic,12,20,23116
912,Fiat,Model C,2018,86919,Petrol,Automatic,12,1,5888
913,Toyota,Model B,2024,115,Petrol,Automatic,7,20,23186
914,Dacia,Model B,2021,41819,Diesel,Automatic,12,1,10530
915,Fiat,Model C,2023,53410,Petrol,Automatic,8,1,17535
916,Mercedes,Model C,2021,88082,Diesel,Automatic,2,10,17101
917,Honda,Model A,2019,95440,Petrol,Manual,11,20,11153
918,Ford,Model B,2025,7173,Diesel,Automatic,7,30,26027
919,Hyundai,Model B,2025,0,Hybrid,Automatic,5,20,25663
920,Fiat,Model B,2014,120027,Petrol,Automatic,3,1,5002
921,Ford,Model A,2025,0,Petrol,Automatic,7,20,27292
922,BMW,Model B,2022,27700,Petrol,Automatic,9,20,24113
923,Honda,Model B,2025,32267,Petrol,Manual,11,30,22838
924,Fiat,Model C,2025,27094,Petrol,Automatic,8,1,21459
925,VW,Model C,2021,59194,Petrol,Automatic,6,10,15954
926,Fiat,Model B,2002,250000,Petrol,Manual,8,30,500
927,VW,Model C,2018,97395,Petrol,Automatic,7,1,3291
928,BMW,Model A,2023,20420,Petrol,Automatic,9,1,24263
929,Dacia,Model C,2024,0,Petrol,Manual,8,10,17350
930,Fiat,Model B,2018,88306,Diesel,Manual,12,1,1637
931,Mercedes,Model B,2013,39411,Hybrid,Manual,8,30,500
932,Mercedes,Model C,2025,0,Petrol,Automatic,9,20,28943
933,Honda,Model C,2025,0,Petrol,Manual,12,30,21163
934,Hyundai,Model C,2022,28525,Petrol,Manual,12,30,14140
935,Toyota,Model C,2015,119486,Petrol,Automatic,2,1,3164
936,Mercedes,Model B,2019,70765,Hybrid,Manual,6,10,10930
937,Honda,Model C,2001,250000,Diesel,Automatic,12,20,500
938,Toyota,Model B,2025,22804,Petrol,Automatic,12,1,23473
939,Toyota,Model B,2011,153249,Diesel,Automatic,3,10,4002
940,Ford,Model B,2023,9714,Diesel,Automatic,6,1,17630
941,Fiat,Model C,2019,67071,Petrol,Automatic,4,30,4735
942,Ford,Model C,2023,,Diesel,Automatic,10,30,21185
943,VW,Model B,2024,33884,Petrol,Automatic,11,30,21593
944,VW,Model C,2025,4041,Petrol,Manual,6,20,20516
945,Ford,Model C,2016,116496,Petrol,Automatic,9,30,1491
946,Toyota,Model C,2001,250000,Petrol,Manual,11,30,500
947,Toyota,Model C,2013,147471,Diesel,Automatic,9,20,2342
948,Toyota,Model C,2025,4645,Diesel,Manual,2,10,23709
949,Fiat,Model A,2025,0,Petrol,Automatic,9,30,21048
950,Hyundai,Model A,2023,,Petrol,Manual,2,30,17885
951,Ford,Model A,2023,41433,Petrol,Manual,9,1,19916
952,Fiat,Model C,2024,71134,Diesel,Manual,5,1,11873
953,Fiat,Model C,2015,101935,Petrol,Automatic,1,10,500
954,Fiat,Model A,2025,6346,Diesel,Automatic,3,30,19430
955,Audi,Model A,2021,39434,Hybrid,Automatic,6,10,19312
956,VW,Model A,2021,78714,Petrol,Automatic,12,30,13070
957,Ford,Model B,2022,,Petrol,Automatic,4,30,18539
958,VW,Model C,2004,250000,Petrol,Manual,12,1,500
959,Audi,Model B,2015,98891,Petrol,Automatic,5,10,500
960,VW,Model A,2025,0,Petrol,Automatic,12,30,20611
961,Toyota,Model B,2008,203485,Diesel,Manual,12,1,500
962,Hyundai,Model A,2023,40045,Petrol,Automatic,2,30,19669
963,Hyundai,Model B,2018,67842,Petrol,Automatic,11,1,8117
964,Audi,Model C,2021,57950,Petrol,Manual,7,1,10369
965,Mercedes,Model B,2019,72281,Diesel,Automatic,9,10,11849
966,VW,Model C,2020,64091,Petrol,Manual,10,20,13028
967,Ford,Model A,2025,14374,Diesel,Automatic,2,1,25540
968,Ford,Model B,2019,52761,Petrol,Automatic,10,1,6830
969,Hyundai,Model C,2023,36158,Petrol,Manual,4,10,15300
970,Fiat,Model C,2022,27466,Diesel,Manual,10,20,9527
971,Audi,Model C,2024,28438,Petrol,Automatic,8,1,29329
972,Ford,Model B,2025,5018,Petrol,Manual,9,1,22235
973,Hyundai,Model A,2025,0,Diesel,Automatic,8,30,21692
974,Fiat,Model C,2017,87149,Diesel,Automatic,11,10,4420
975,Toyota,Model C,2003,250000,Petrol,Manual,12,1,4227
976,Mercedes,Model B,2018,102914,Petrol,Automatic,6,30,6956
977,Audi,Model C,2023,16007,Petrol,Manual,5,1,23825
978,Dacia,Model C,2005,223004,Diesel,Manual,4,30,500
979,Honda,Model B,2022,46413,Diesel,Manual,11,10,15841
980,Toyota,Model A,2023,2272,Petrol,Automatic,12,1,18900
981,BMW,Model B,2020,40417,Petrol,Manual,3,30,5197
982,BMW,Model B,2025,0,Petrol,Manual,6,10,26200
983,VW,Model B,2010,173768,Petrol,Automatic,10,1,4216
984,Ford,Model B,2007,195955,Hybrid,Automatic,8,1,500
985,Ford,Model C,2025,0,Diesel,Manual,11,10,25786
986,Mercedes,Model A,2022,18968,Diesel,Automatic,1,10,22092
987,Toyota,Model C,2024,21637,Petrol,Automatic,12,10,24128
988,Hyundai,Model A,2021,28926,Hybrid,Automatic,1,1,15511
989,Mercedes,Model C,2018,78895,Diesel,Automatic,6,30,8392
990,Fiat,Model C,2025,29200,Petrol,Automatic,4,30,21743
991,Mercedes,Model B,2025,0,Diesel,Automatic,12,10,24666
992,Mercedes,Model B,2024,17137,Petrol,Automatic,4,30,28379
993,Honda,Model C,2019,57809,Petrol,Manual,5,20,5266
994,Dacia,Model B,2023,56452,Hybrid,Automatic,12,30,12846
995,Toyota,Model A,2020,51880,Petrol,Automatic,7,20,8302
996,VW,Model B,2009,,Diesel,Manual,12,10,5813
997,Ford,Model C,2025,19755,Petrol,Manual,9,10,25350
998,Mercedes,Model C,2013,141273,Hybrid,Automatic,1,20,5871
999,Audi,Model C,2025,718,Petrol,Automatic,6,1,25773
1000,Dacia,Model C,2021,43774,Diesel,Automatic,3,30,12394
1001,Mercedes,Model A,2016,103877,Petrol,Automatic,1,30,1552
1002,VW,Model C,2023,29557,Petrol,Manual,5,30,19360
1003,Dacia,Model B,2025,8294,Petrol,Automatic,12,30,17836
1004,Mercedes,Model C,2025,0,Petrol,Automatic,2,1,30252
1005,Toyota,Model C,2025,0,Hybrid,Automatic,1,1,26696
1006,Audi,Model B,2024,2862,Petrol,Automatic,12,1,22970
1007,Audi,Model A,2024,0,Petrol,Automatic,7,30,32572
1008,Mercedes,Model B,2025,0,Petrol,Manual,7,10,23762
1009,Ford,Model A,2018,88457,Petrol,Manual,12,30,8222
1010,VW,Model C,2022,50078,Petrol,Automatic,9,1,17558
1011,VW,Model A,2017,109065,Hybrid,Automatic,11,10,4549
1012,Fiat,Model C,2025,0,Petrol,Automatic,10,30,19020
1013,Mercedes,Model A,2025,0,Diesel,Manual,8,1,27223
1014,Toyota,Model C,2003,247468,Diesel,Automatic,9,10,500
1015,Toyota,Model B,2025,2156,Petrol,Manual,8,10,23641
1016,Audi,Model C,2025,0,Hybrid,Automatic,5,10,34003
1017,Mercedes,Model C,2016,116878,Hybrid,Automatic,4,1,9003
1018,Honda,Model C,2023,23712,Petrol,Automatic,3,30,20722
1019,Hyundai,Model C,2025,0,Hybrid,Automatic,5,20,22389
1020,Dacia,Model A,2003,249493,Petrol,Manual,8,30,500
1021,Mercedes,Model A,2024,12086,Petrol,Automatic,8,30,31639
1022,Hyundai,Model B,2019,73351,Petrol,Manual,9,30,8369
1023,Hyundai,Model A,2025,0,Petrol,Automatic,11,10,22691
1024,Toyota,Model B,2025,0,Petrol,Automatic,9,1,27681
1025,Mercedes,Model C,2025,843,Diesel,Automatic,3,1,24762
1026,Dacia,Model A,2022,14944,Petrol,Automatic,1,20,16392
1027,VW,Model B,2025,0,Petrol,Manual,3,30,21317
1028,Dacia,Model C,2025,,Hybrid,Automatic,12,20,16913
1029,Honda,Model B,2020,52673,Petrol,Automatic,8,1,7026
1030,Toyota,Model B,2025,0,Petrol,Automatic,11,10,26498
1031,Audi,Model B,2003,250000,Hybrid,Automatic,3,20,500
1032,Dacia,Model A,2023,24207,Hybrid,Manual,9,20,12731
1033,Audi,Model A,2017,85197,Petrol,Manual,10,1,9419
1034,BMW,Model B,2012,157060,Petrol,Automatic,11,10,1002
1035,Honda,Model B,2007,210292,Hybrid,Manual,7,1,500
1036,Toyota,Model B,2024,14514,Petrol,Manual,10,20,19774
1037,Audi,Model B,2020,73173,Petrol,Automatic,12,30,9347
1038,Ford,Model B,2025,12588,Petrol,Automatic,12,1,30785
1039,Toyota,Model A,2006,247323,Diesel,Automatic,2,30,4104
1040,Toyota,Model B,2020,72572,Petrol,Automatic,8,20,9271
1041,BMW,Model B,2022,39578,Petrol,Automatic,2,1,18955
1042,Ford,Model B,2025,0,Petrol,Automatic,12,20,25763
1043,Mercedes,Model B,2020,54183,Petrol,Automatic,12,1,8417
1044,Audi,Model C,2024,0,Petrol,Manual,7,30,26905
1045,VW,Model B,2025,67,Petrol,Automatic,12,30,23065
1046,Toyota,Model C,2023,34460,Diesel,Manual,10,30,16663
1047,Mercedes,Model C,2017,85114,Hybrid,Manual,9,20,8861
1048,Ford,Model B,2002,250000,Diesel,Manual,8,20,2098
1049,Audi,Model B,2025,0,Petrol,Automatic,6,1,33682
1050,Audi,Model C,2002,250000,Petrol,Automatic,12,30,1631
1051,Ford,Model B,2025,0,Petrol,Automatic,3,10,23887
1052,VW,Model C,2022,24907,Petrol,Manual,11,1,12554
1053,VW,Model C,2025,0,Diesel,Manual,5,10,23810
1054,Honda,Model A,2025,7549,Petrol,Automatic,10,20,24568
1055,Honda,Model B,2025,0,Hybrid,Automatic,3,1,27630
1056,Hyundai,Model C,2020,53573,Diesel,Manual,5,1,10464
1057,Mercedes,Model C,2025,3921,Hybrid,Manual,12,1,25005
1058,Mercedes,Model B,2021,41782,Petrol,Manual,7,1,11775
1059,VW,Model C,2022,52897,Petrol,Manual,7,30,16975
1060,Toyota,Model B,2024,0,Petrol,Automatic,10,1,22481
1061,VW,Model A,2025,0,Petrol,Manual,6,20,25100
1062,Audi,Model B,2025,0,Hybrid,Manual,7,1,28627
1063,Toyota,Model A,2025,0,Petrol,Manual,8,1,27115
1064,Fiat,Model B,2021,22805,Petrol,Automatic,12,30,14327
1065,Toyota,Model A,2021,,Petrol,Manual,11,1,11200
1066,Ford,Model C,2025,11497,Hybrid,Manual,1,10,18639
1067,Mercedes,Model A,2017,107762,Petrol,Automatic,10,20,4100
1068,Mercedes,Model B,2011,168433,Diesel,Automatic,7,10,3216
1069,BMW,Model C,2020,46801,Petrol,Manual,3,1,12663
1070,Toyota,Model C,2019,59994,Diesel,Manual,11,1,9372
1071,Dacia,Model B,2019,94952,Petrol,Automatic,4,20,4016
1072,Fiat,Model B,2017,117535,Petrol,Manual,5,30,7975
1073,Ford,Model C,2004,250000,Diesel,Automatic,1,30,500
1074,Fiat,Model C,2001,250000,Diesel,Manual,12,1,1756
1075,Ford,Model B,2025,20529,Petrol,Manual,10,1,22886
1076,Toyota,Model C,2021,37582,Diesel,Automatic,2,30,12121
1077,Mercedes,Model C,2021,51432,Petrol,Manual,7,10,13024
1078,VW,Model B,2024,32279,Hybrid,Automatic,5,30,19601
1079,Mercedes,Model A,2017,83454,Petrol,Manual,1,10,8940
1080,Toyota,Model B,2025,12438,Petrol,Automatic,12,10,25205
1081,Hyundai,Model C,2025,7808,Petrol,Automatic,11,1,21993
1082,Mercedes,Model C,2008,203407,Petrol,Manual,12,30,2985
1083,Mercedes,Model C,2021,33098,Petrol,Manual,4,1,13897
1084,Audi,Model C,2025,0,Petrol,Automatic,9,30,34423
1085,Ford,Model C,2025,,Petrol,Automatic,2,10,22063
1086,Audi,Model C,2022,14649,Petrol,Automatic,6,30,25655
1087,Honda,Model A,2023,25961,Petrol,Manual,11,20,13847
1088,Toyota,Model C,2015,128115,Diesel,Automatic,1,1,500
1089,Honda,Model B,2025,14778,Diesel,Automatic,7,30,29282
1090,Audi,Model A,2017,75024,Petrol,Manual,6,20,7720
1091,Dacia,Model C,2025,19743,Petrol,Manual,9,20,22251
1092,Honda,Model B,2024,37430,Petrol,Automatic,3,30,21769
1093,VW,Model A,2023,30152,Diesel,Manual,3,10,16109
1094,VW,Model B,2022,20429,Hybrid,Manual,9,1,12998
1095,Honda,Model C,2017,91078,Petrol,Automatic,9,10,5433
1096,Audi,Model B,2015,119286,Diesel,Manual,10,10,5558
1097,Honda,Model A,2017,100056,Petrol,Manual,4,10,7896
1098,VW,Model B,2016,108329,Petrol,Automatic,1,20,7180
1099,Honda,Model B,2025,1265,Petrol,Automatic,11,1,25302
1100,BMW,Model C,2020,58638,Petrol,Manual,3,10,11718
1101,BMW,Model B,2005,,Diesel,Automatic,6,1,500
1102,Toyota,Model A,2025,0,Diesel,Automatic,6,30,28396
1103,Mercedes,Model A,2025,0,Hybrid,Automatic,3,10,31864
1104,Fiat,Model C,2025,0,Petrol,Automatic,7,30,18194
1105,Mercedes,Model C,2025,28758,Petrol,Automatic,12,30,29078
1106,Toyota,Model B,2015,141958,Petrol,Automatic,4,1,2707
1107,VW,Model A,2021,56329,Petrol,Automatic,7,30,14107
1108,Hyundai,Model C,2025,19879,Petrol,Automatic,4,30,28439
1109,Honda,Model A,2024,23976,Diesel,Automatic,12,1,20038
1110,Mercedes,Model B,2015,122719,Petrol,Manual,3,30,9067
1111,Audi,Model C,2025,0,Hybrid,Manual,2,10,28423
1112,Toyota,Model A,2017,92067,Petrol,Automatic,2,20,1975
1113,Toyota,Model A,2017,90974,Diesel,Manual,5,20,692
1114,Toyota,Model A,2022,19003,Hybrid,Manual,7,30,16264
1115,Mercedes,Model B,2023,1707,Petrol,Manual,9,30,18522
1116,Fiat,Model A,2023,31390,Petrol,Automatic,8,20,12384
1117,BMW,Model C,2009,196867,Diesel,Automatic,12,1,500
1118,Honda,Model B,2025,0,Diesel,Manual,5,10,20454
1119,Dacia,Model B,2018,72811,Petrol,Automatic,9,30,4463
1120,VW,Model C,2012,173418,Petrol,Manual,4,1,5306
1121,Toyota,Model C,2025,0,Petrol,Automatic,9,1,28743
1122,Mercedes,Model B,2025,2561,Petrol,Manual,12,20,31028
1123,Dacia,Model A,2025,0,Hybrid,Automatic,12,20,21242
1124,BMW,Model B,2025,7595,Petrol,Automatic,10,1,30108
1125,VW,Model C,2024,0,Diesel,Manual,12,20,19709
1126,Fiat,Model B,2023,25351,Diesel,Automatic,9,30,21938
1127,BMW,Model C,2008,206530,Diesel,Automatic,12,20,500
1128,VW,Model B,2021,51452,Petrol,Automatic,12,1,14594
1129,Dacia,Model C,2020,61186,Petrol,Automatic,2,1,9507
1130,Ford,Model B,2018,89169,Hybrid,Automatic,6,10,5086
1131,Toyota,Model A,2025,32876,Petrol,Manual,5,20,24361
1132,Fiat,Model C,2022,74419,Petrol,Manual,1,10,12293
1133,Ford,Model C,2008,194411,Diesel,Manual,6,30,981
1134,VW,Model A,2017,61226,Petrol,Automatic,2,10,5428
1135,Ford,Model A,2024,20932,Petrol,Automatic,1,20,22259
1136,BMW,Model A,2007,218793,Hybrid,Manual,6,10,1220
1137,Audi,Model A,2025,15915,Diesel,Manual,3,20,30005
1138,BMW,Model A,2022,40273,Petrol,Manual,12,20,18125
1139,Mercedes,Model A,2022,36879,Petrol,Automatic,11,10,22998
1140,BMW,Model B,2023,40933,Petrol,Manual,12,20,18033
1141,Toyota,Model B,2025,19031,Petrol,Automatic,12,20,26785
1142,Mercedes,Model B,2020,39201,Petrol,Automatic,10,1,10824
1143,Fiat,Model C,2024,0,Petrol,Manual,8,20,17051
1144,Hyundai,Model C,2023,22416,Hybrid,Automatic,1,1,16172
1145,Ford,Model A,2018,85476,Petrol,Automatic,4,20,8018
1146,Honda,Model C,2025,0,Petrol,Manual,9,30,22958
1147,Audi,Model B,2025,6513,Diesel,Manual,6,30,30823
1148,Honda,Model B,2024,26941,Diesel,Manual,5,30,19666
1149,Ford,Model C,2025,25840,Petrol,Automatic,2,1,23349
1150,Hyundai,Model B,2025,8683,Petrol,Automatic,1,20,27509
1151,BMW,Model B,2025,0,Hybrid,Automatic,3,1,33746
1152,VW,Model C,2025,0,Petrol,Manual,11,1,21085
1153,VW,Model B,2024,10869,Diesel,Automatic,9,30,23185
1154,Ford,Model B,2024,19719,Hybrid,Automatic,5,10,22169
1155,Audi,Model C,2023,29822,Petrol,Automatic,1,20,19388
1156,Honda,Model C,2025,30755,Hybrid,Automatic,3,10,21056
1157,Honda,Model C,2015,113077,Diesel,Manual,6,30,4614
1158,Honda,Model A,2025,5771,Petrol,Automatic,2,20,26569
1159,Honda,Model B,2025,35320,Petrol,Manual,10,20,17831
1160,Mercedes,Model B,2002,250000,Hybrid,Automatic,10,30,6553
1161,Mercedes,Model B,2025,2177,Petrol,Automatic,2,30,30285
1162,BMW,Model C,2012,141826,Petrol,Manual,10,30,500
1163,Audi,Model B,2020,61231,Diesel,Manual,7,30,14510
1164,Audi,Model A,2025,0,Diesel,Manual,12,30,22849
1165,Audi,Model B,2015,135702,Petrol,Manual,10,20,6034
1166,Audi,Model B,2025,2209,Petrol,Automatic,8,30,31230
1167,VW,Model B,2025,,Diesel,Automatic,8,30,26393
1168,Hyundai,Model C,2022,48608,Petrol,Automatic,3,30,15173
1169,Toyota,Model C,2000,75000,Petrol,Manual,12,10,1825
1170,Toyota,Model C,2019,86292,Petrol,Automatic,7,10,10675
1171,Hyundai,Model C,2023,6785,Petrol,Automatic,8,30,22834
1172,Ford,Model C,2025,5532,Petrol,Manual,8,20,22658
1173,Toyota,Model A,2024,23600,Diesel,Automatic,4,1,19799
1174,VW,Model B,2018,77649,Petrol,Automatic,11,20,12605
1175,Toyota,Model A,2024,0,Diesel,Automatic,11,30,28405
1176,Ford,Model C,2022,35375,Diesel,Manual,4,30,18824
1177,Dacia,Model A,2025,18421,Petrol,Manual,6,10,17463
1178,Toyota,Model B,2010,196888,Petrol,Automatic,3,1,500
1179,Dacia,Model C,2025,0,Hybrid,Automatic,3,20,18148
1180,Toyota,Model C,2023,4753,Petrol,Automatic,5,1,18522
1181,Honda,Model B,2025,0,Petrol,Automatic,12,30,26774
1182,Honda,Model C,2020,52972,Petrol,Automatic,8,30,12238
1183,Hyundai,Model A,2024,18696,Diesel,Automatic,8,10,23225
1184,BMW,Model B,2025,0,Petrol,Manual,12,20,27648
1185,Ford,Model C,2010,168701,Petrol,Automatic,10,10,6759
1186,Hyundai,Model C,2025,16563,Diesel,Manual,1,30,21219
1187,Honda,Model B,2024,14106,Hybrid,Automatic,2,30,28437
1188,Mercedes,Model C,2006,234531,Petrol,Automatic,4,30,4620
1189,Audi,Model A,2020,34125,Petrol,Automatic,4,30,13118
1190,VW,Model C,2025,0,Diesel,Manual,11,1,17737
1191,Fiat,Model B,2006,206436,Diesel,Manual,10,30,500
1192,Toyota,Model C,2023,16791,Petrol,Automatic,2,30,21639
1193,Ford,Model C,2020,68645,Petrol,Automatic,7,30,7530
1194,Audi,Model C,2024,0,Petrol,Manual,2,30,25739
1195,Toyota,Model B,2004,250000,Petrol,Manual,3,10,1250
1196,Toyota,Model C,2025,2558,Diesel,Manual,4,1,23010
1197,VW,Model C,2025,20404,Petrol,Automatic,12,20,21627
1198,Dacia,Model A,2025,0,Petrol,Manual,5,30,17518
1199,Hyundai,Model A,2025,7557,Petrol,Automatic,12,1,25785
1200,Mercedes,Model B,2013,145277,Diesel,Automatic,10,10,500
1201,Ford,Model A,2025,12265,Diesel,Automatic,10,1,23204
1202,BMW,Model B,2002,250000,Petrol,Automatic,11,1,1886
1203,Audi,Model B,2002,250000,Petrol,Automatic,2,30,500
1204,Mercedes,Model C,2020,,Petrol,Automatic,11,30,17439
1205,Toyota,Model A,2022,26232,Petrol,Automatic,4,20,17424
1206,VW,Model A,2025,,Petrol,Manual,12,1,23143
1207,Honda,Model A,2024,0,Petrol,Manual,11,30,22032
1208,Dacia,Model A,2021,58537,Petrol,Automatic,12,20,10511
1209,Audi,Model A,2019,101319,Petrol,Automatic,12,1,11513
1210,Toyota,Model C,2025,0,Diesel,Automatic,5,20,28031
1211,Toyota,Model A,2021,46629,Diesel,Automatic,12,1,15992
1212,Audi,Model C,2021,61207,Petrol,Automatic,5,1,19772
1213,Dacia,Model C,2015,120471,Petrol,Automatic,9,30,8333
1214,Toyota,Model A,2025,2476,Petrol,Automatic,11,20,27395
1215,Dacia,Model B,2024,6135,Petrol,Manual,5,20,12954
1216,Toyota,Model B,2017,89577,Petrol,Manual,3,1,9059
1217,Audi,Model A,2008,202699,Petrol,Manual,12,20,2549
1218,Mercedes,Model B,2024,12625,Diesel,Automatic,2,1,26746
1219,Fiat,Model B,2024,0,Petrol,Manual,5,1,17089
1220,BMW,Model C,2019,,Petrol,Automatic,7,1,13491
1221,Dacia,Model A,2025,23528,Petrol,Automatic,11,20,15480
1222,Toyota,Model A,2015,34113,Diesel,Manual,11,1,500
1223,Audi,Model C,2021,,Hybrid,Manual,7,30,15937
1224,Ford,Model A,2025,,Petrol,Manual,8,10,23709
1225,Mercedes,Model C,2021,37280,Petrol,Automatic,11,30,16685
1226,BMW,Model B,2024,0,Petrol,Manual,6,20,25080
1227,Hyundai,Model B,2021,50087,Petrol,Manual,7,10,10343
1228,Toyota,Model C,2019,61345,Petrol,Automatic,1,1,7662
1229,Honda,Model A,2025,0,Petrol,Automatic,12,30,28513
1230,Mercedes,Model A,2021,50301,Diesel,Automatic,8,30,18138
1231,BMW,Model B,2025,0,Petrol,Automatic,10,20,32737
1232,Toyota,Model A,2017,,Diesel,Manual,4,30,11956
1233,Honda,Model C,2017,106063,Petrol,Automatic,9,20,5987
1234,Hyundai,Model A,2003,235037,Hybrid,Manual,6,1,500
1235,Honda,Model C,2024,0,Petrol,Manual,2,10,19365
1236,Hyundai,Model B,2020,33002,Petrol,Automatic,11,10,9765
1237,Mercedes,Model A,2025,0,Hybrid,Automatic,11,30,31980
1238,BMW,Model B,2022,12726,Petrol,Automatic,1,10,22256
1239,Mercedes,Model B,2025,1685,Petrol,Automatic,5,1,31823
1240,Hyundai,Model A,2016,143878,Petrol,Automatic,4,1,2744
1241,Hyundai,Model B,2025,16303,Petrol,Automatic,7,30,27222
1242,Mercedes,Model B,2025,0,Petrol,Manual,7,1,27013
1243,BMW,Model C,2025,0,Diesel,Manual,9,20,27868
1244,VW,Model B,2025,40600,Petrol,Manual,4,1,19683
1245,Fiat,Model A,2025,15938,Diesel,Manual,3,10,19791
1246,Hyundai,Model A,2024,20840,Petrol,Manual,10,30,17321
1247,Audi,Model B,2013,,Petrol,Automatic,12,1,1152
1248,Ford,Model C,2003,250000,Petrol,Automatic,12,1,500
1249,Hyundai,Model B,2025,0,Hybrid,Manual,10,10,25533
1250,Audi,Model B,2023,26355,Diesel,Manual,1,1,20793
1251,Honda,Model B,2025,1068,Petrol,Automatic,3,1,27440
1252,Toyota,Model C,2022,22437,Diesel,Automatic,9,1,20248
1253,Audi,Model C,2011,159922,Petrol,Automatic,4,20,1737
1254,Dacia,Model C,2012,178727,Diesel,Automatic,5,20,2564
1255,Fiat,Model A,2024,10122,Petrol,Automatic,12,1,14675
1256,Honda,Model B,2021,79067,Petrol,Automatic,2,20,11436
1257,Mercedes,Model C,2016,81889,Petrol,Manual,11,10,5623
1258,VW,Model A,2022,28168,Diesel,Manual,1,1,14357
1259,Audi,Model B,2006,204790,Petrol,Manual,5,20,1586
1260,Mercedes,Model B,2023,5858,Petrol,Automatic,7,20,27279
1261,Toyota,Model C,2018,71576,Diesel,Automatic,5,10,8755
1262,Honda,Model C,2025,4729,Petrol,Automatic,12,30,28106
1263,BMW,Model C,2020,64002,Petrol,Manual,7,20,12212
1264,Ford,Model C,2021,37810,Diesel,Automatic,10,10,17360
1265,BMW,Model C,2001,250000,Diesel,Automatic,9,30,3203
1266,Fiat,Model A,2007,238165,Diesel,Automatic,11,1,500
1267,Fiat,Model A,2021,43713,Petrol,Automatic,11,30,11184
1268,VW,Model B,2022,19255,Petrol,Automatic,6,30,16965
1269,Honda,Model C,2023,28123,Diesel,Manual,11,1,18198
1270,Audi,Model B,2019,75066,Petrol,Automatic,9,20,10531
1271,VW,Model C,2024,7159,Petrol,Automatic,9,30,17887
1272,Dacia,Model A,2025,2227,Petrol,Automatic,3,30,20200
1273,Mercedes,Model B,2025,0,Diesel,Manual,4,1,27009
1274,Honda,Model A,2003,250000,Petrol,Automatic,9,20,500
1275,Toyota,Model B,2022,21046,Hybrid,Manual,4,20,20525
1276,Toyota,Model C,2010,170916,Petrol,Automatic,7,10,2175
1277,Toyota,Model B,2018,93732,Diesel,Automatic,7,30,10929
1278,Dacia,Model B,2025,18059,Petrol,Automatic,3,1,17993
1279,Audi,Model B,2014,,Petrol,Automatic,8,30,500
1280,Honda,Model B,2022,51836,Petrol,Manual,8,10,11802
1281,Dacia,Model A,2023,19138,Diesel,Manual,2,30,13902
1282,Honda,Model A,2025,0,Petrol,Manual,5,10,22539
1283,Fiat,Model C,2023,45075,Petrol,Automatic,5,30,16799
1284,BMW,Model B,2000,250000,Hybrid,Automatic,8,30,500
1285,Dacia,Model A,2020,49920,Petrol,Manual,10,1,10786
1286,Mercedes,Model C,2022,49817,Hybrid,Automatic,1,30,16382
1287,Dacia,Model A,2008,199017,Diesel,Manual,2,30,500
1288,Mercedes,Model A,2020,82519,Petrol,Manual,4,10,10628
1289,Honda,Model A,2003,250000,Petrol,Automatic,11,10,724
1290,Toyota,Model C,2007,245679,Petrol,Automatic,7,30,3705
1291,Honda,Model B,2021,59791,Petrol,Manual,7,1,10269
1292,Audi,Model A,2013,170963,Petrol,Automatic,6,10,500
1293,Dacia,Model B,2023,17043,Petrol,Automatic,6,10,19022
1294,Toyota,Model B,2024,18075,Petrol,Automatic,12,30,24615
1295,VW,Model A,2025,0,Petrol,Automatic,12,1,22059
1296,Mercedes,Model B,2016,120659,Petrol,Manual,10,1,984
1297,Hyundai,Model B,2015,133485,Petrol,Automatic,5,1,4992
1298,Honda,Model B,2010,215955,Diesel,Manual,7,1,991
1299,Dacia,Model C,2024,19230,Petrol,Manual,9,20,10824
1300,Toyota,Model C,2025,10861,Hybrid,Automatic,5,20,25808
1301,Mercedes,Model A,2003,250000,Petrol,Manual,7,30,3486
1302,Toyota,Model A,2025,8120,Diesel,Automatic,2,20,26112
1303,VW,Model A,2005,234301,Petrol,Manual,2,20,500
1304,VW,Model A,2023,25737,Petrol,Manual,3,10,18689
1305,Hyundai,Model A,2025,2617,Petrol,Automatic,10,20,24287
1306,BMW,Model C,2025,0,Diesel,Manual,3,1,23573
1307,Ford,Model A,2025,944,Petrol,Automatic,12,1,27479
1308,Dacia,Model A,2025,0,Petrol,Manual,5,1,11355
1309,Mercedes,Model A,2020,54304,Petrol,Manual,3,1,11178
1310,BMW,Model C,2025,16149,Petrol,Manual,11,20,28078
1311,VW,Model B,2008,206631,Petrol,Automatic,6,20,500
1312,Toyota,Model A,2025,5205,Petrol,Manual,5,1,24386
1313,VW,Model C,2023,2140,Diesel,Manual,5,20,23324
1314,Honda,Model B,2025,6351,Petrol,Automatic,5,10,27768
1315,Dacia,Model C,2021,55956,Petrol,Automatic,9,1,11243
1316,Fiat,Model B,2024,6024,Petrol,Automatic,7,20,21417
1317,VW,Model C,2022,67275,Petrol,Automatic,6,1,20633
1318,Audi,Model A,2025,0,Petrol,Automatic,6,1,32670
1319,Audi,Model B,2008,215765,Diesel,Automatic,2,20,500
1320,Fiat,Model C,2006,238692,Petrol,Manual,11,20,500
1321,Ford,Model B,2018,27637,Petrol,Manual,12,30,7280
1322,Hyundai,Model A,2015,122643,Hybrid,Manual,11,10,3100
1323,Honda,Model A,2025,8260,Diesel,Manual,6,30,27186
1324,Mercedes,Model C,2017,109022,Petrol,Automatic,12,20,7615
1325,Toyota,Model A,2025,0,Hybrid,Automatic,8,10,26567
1326,Mercedes,Model C,2020,,Petrol,Manual,10,30,12731
1327,Hyundai,Model A,2016,105250,Petrol,Manual,10,1,1516
1328,VW,Model C,2025,0,Hybrid,Automatic,9,1,21525
1329,BMW,Model A,2024,6827,Petrol,Automatic,9,1,24415
1330,Ford,Model B,2022,27534,Petrol,Automatic,3,1,19710
1331,Fiat,Model B,2023,1532,Petrol,Automatic,4,20,16597
1332,VW,Model A,2025,0,Petrol,Automatic,12,30,26156
1333,Honda,Model B,2017,84016,Petrol,Manual,3,20,7059
1334,Toyota,Model B,2025,15427,Petrol,Manual,2,1,25342
1335,Fiat,Model C,2025,2297,Petrol,Automatic,4,10,26900
1336,Toyota,Model A,2024,32735,Petrol,Automatic,5,10,16958
1337,Fiat,Model A,2016,98001,Petrol,Manual,7,30,6642
1338,Hyundai,Model C,2024,25112,Petrol,Automatic,8,30,19017
1339,Hyundai,Model B,2007,250000,Diesel,Manual,10,10,500
1340,Dacia,Model B,2003,75000,Diesel,Automatic,1,30,500
1341,VW,Model C,2018,96924,Petrol,Automatic,3,30,9080
1342,BMW,Model C,2022,46402,Petrol,Automatic,7,1,18472
1343,Audi,Model B,2025,0,Petrol,Manual,4,20,29475
1344,BMW,Model A,2025,8787,Petrol,Automatic,11,30,27040
1345,Mercedes,Model C,2025,4596,Petrol,Automatic,9,30,30767
1346,BMW,Model A,2021,44103,Petrol,Automatic,7,30,13951
1347,Honda,Model B,2020,46739,Petrol,Manual,1,30,13719
1348,BMW,Model B,2020,70409,Petrol,Manual,11,10,9860
1349,Honda,Model C,2025,0,Petrol,Automatic,6,20,28497
1350,Fiat,Model B,2004,250000,Petrol,Automatic,7,30,500
1351,VW,Model A,2025,1712,Petrol,Manual,9,1,23502
1352,Dacia,Model C,2023,5650,Hybrid,Manual,12,20,13446
1353,Audi,Model C,2021,40290,Hybrid,Manual,2,1,15240
1354,Honda,Model B,2025,0,Petrol,Manual,1,1,21720
1355,Toyota,Model A,2022,72185,Hybrid,Manual,2,1,14793
1356,Honda,Model B,2025,0,Diesel,Automatic,10,30,24519
1357,Ford,Model A,2025,0,Petrol,Automatic,2,20,24365
1358,BMW,Model A,2021,39932,Petrol,Manual,7,1,9874
1359,Audi,Model C,2019,79488,Petrol,Automatic,9,1,15058
1360,VW,Model B,2023,16171,Petrol,Automatic,9,1,19048
1361,Hyundai,Model B,2025,0,Petrol,Manual,6,20,18103
1362,Ford,Model C,2017,93070,Diesel,Automatic,9,10,10381
1363,Audi,Model B,2024,7509,Petrol,Manual,12,20,25298
1364,Toyota,Model A,2024,3116,Petrol,Automatic,1,10,20673
1365,BMW,Model A,2025,0,Diesel,Automatic,9,1,25678
1366,Dacia,Model B,2013,161770,Diesel,Automatic,7,30,2769
1367,Fiat,Model C,2025,0,Diesel,Manual,3,20,20323
1368,BMW,Model A,2025,0,Diesel,Manual,4,10,24358
1369,Mercedes,Model B,2015,113068,Petrol,Automatic,11,10,6504
1370,Ford,Model B,2017,96815,Petrol,Automatic,8,30,5490
1371,Audi,Model A,2025,0,Petrol,Automatic,1,1,36648
1372,Dacia,Model A,2016,132389,Petrol,Automatic,12,1,3712
1373,Hyundai,Model B,2025,13013,Petrol,Automatic,9,20,25598
1374,Audi,Model A,2022,57452,Petrol,Automatic,6,1,21319
1375,BMW,Model C,2018,89881,Petrol,Manual,9,1,8792
1376,Hyundai,Model A,2025,0,Petrol,Manual,3,10,19668
1377,Toyota,Model C,2021,71030,Petrol,Automatic,4,1,12861
1378,Ford,Model C,2022,23046,Diesel,Manual,2,30,16349
1379,Toyota,Model A,2020,48267,Petrol,Automatic,5,20,11633
1380,Mercedes,Model C,2023,26344,Petrol,Automatic,12,20,21194
1381,VW,Model B,2015,140673,Petrol,Manual,5,20,6115
1382,Honda,Model B,2021,63799,Petrol,Automatic,4,20,12493
1383,Audi,Model B,2025,13594,Hybrid,Automatic,9,30,29853
1384,Mercedes,Model B,2018,79322,Petrol,Automatic,11,10,10106
1385,Ford,Model B,2024,7085,Petrol,Manual,4,10,21375
1386,VW,Model A,2020,65189,Petrol,Manual,11,30,3489
1387,Toyota,Model B,2025,0,Petrol,Automatic,4,10,28693
1388,VW,Model A,2013,157339,Petrol,Manual,4,10,2451
1389,Mercedes,Model B,2025,12451,Hybrid,Automatic,6,1,26644
1390,Toyota,Model B,2021,56870,Petrol,Manual,1,20,14486
1391,VW,Model C,2017,58110,Petrol,Manual,11,10,6945
1392,VW,Model C,2007,217919,Petrol,Automatic,11,30,500
1393,Audi,Model B,2015,118367,Petrol,Manual,9,30,500
1394,Mercedes,Model C,2022,38520,Petrol,Manual,4,1,19285
1395,BMW,Model C,2020,48685,Petrol,Manual,3,20,17860
1396,Hyundai,Model A,2025,0,Petrol,Manual,9,10,19917
1397,BMW,Model B,2021,54947,Petrol,Automatic,2,20,15000
1398,Mercedes,Model A,2018,78655,Diesel,Automatic,6,10,6174
1399,Audi,Model C,2023,32620,Hybrid,Automatic,2,1,26108
1400,Honda,Model C,2025,0,Petrol,Automatic,6,30,25592
1401,Hyundai,Model A,2015,141238,Petrol,Automatic,2,10,6614
1402,Audi,Model A,2015,135015,Petrol,Automatic,1,30,6504
1403,Honda,Model C,2003,250000,Petrol,Automatic,6,30,500
1404,BMW,Model C,2025,0,Petrol,Manual,8,1,24295
1405,Honda,Model B,2024,24786,Petrol,Manual,6,1,25101
1406,Mercedes,Model C,2022,41888,Petrol,Automatic,3,10,23095
1407,Audi,Model A,2025,3578,Petrol,Automatic,1,1,31200
1408,Toyota,Model A,2025,15642,Petrol,Automatic,2,30,28406
1409,Hyundai,Model A,2023,45398,Petrol,Manual,10,20,13165
1410,VW,Model A,2025,0,Hybrid,Automatic,1,30,27611
1411,Toyota,Model C,2016,92244,Petrol,Manual,11,1,11038
1412,Mercedes,Model A,2011,156296,Petrol,Manual,11,1,989
1413,Toyota,Model C,2018,61463,Petrol,Manual,12,20,10118
1414,Honda,Model C,2005,239058,Diesel,Automatic,11,1,500
1415,Fiat,Model B,2022,45001,Petrol,Automatic,9,10,14642
1416,Dacia,Model B,2025,0,Diesel,Manual,11,1,12838
1417,Ford,Model A,2003,250000,Petrol,Automatic,10,30,500
1418,Toyota,Model B,2012,,Petrol,Automatic,4,1,500
1419,VW,Model B,2021,50108,Diesel,Automatic,10,1,10847
1420,Toyota,Model C,2025,5144,Hybrid,Automatic,8,20,25733
1421,Ford,Model C,2020,77313,Diesel,Manual,1,10,10105
1422,Audi,Model B,2022,34151,Hybrid,Automatic,10,30,19803
1423,Audi,Model B,2004,250000,Petrol,Manual,11,20,1764
1424,BMW,Model B,2014,125282,Petrol,Manual,7,30,500
1425,Toyota,Model B,2025,29969,Petrol,Automatic,7,10,22157
1426,Ford,Model B,2025,0,Petrol,Manual,6,1,22164
1427,Hyundai,Model B,2000,250000,Petrol,Manual,9,10,500
1428,Hyundai,Model A,2025,0,Petrol,Manual,3,30,27054
1429,Dacia,Model B,2024,28793,Petrol,Manual,10,30,18230
1430,BMW,Model C,2025,0,Petrol,Automatic,4,1,31218
1431,Honda,Model C,2021,52363,Petrol,Automatic,4,20,20140
1432,Honda,Model A,2022,26241,Petrol,Automatic,11,1,17721
1433,Hyundai,Model B,2022,50058,Diesel,Automatic,3,1,13350
1434,Audi,Model A,2024,2163,Diesel,Automatic,11,20,31403
1435,BMW,Model A,2013,169251,Petrol,Automatic,12,30,5515
1436,Toyota,Model B,2002,250000,Petrol,Automatic,4,30,500
1437,Dacia,Model C,2020,39815,Petrol,Automatic,12,10,11647
1438,Fiat,Model A,2025,14273,Petrol,Automatic,8,20,21937
1439,Toyota,Model A,2016,99125,Petrol,Automatic,4,20,5602
1440,Fiat,Model A,2024,11891,Diesel,Manual,6,30,16850
1441,BMW,Model A,2025,0,Petrol,Automatic,11,10,26442
1442,Toyota,Model A,2009,172310,Petrol,Manual,9,30,500
1443,VW,Model C,2024,10845,Petrol,Manual,7,1,25330
1444,Audi,Model B,2021,66973,Diesel,Automatic,4,1,16312
1445,Mercedes,Model C,2025,15047,Petrol,Manual,10,10,29243
1446,Fiat,Model C,2015,123476,Petrol,Manual,4,1,3422
1447,Ford,Model B,2024,28684,Diesel,Automatic,5,30,23606
1448,Dacia,Model A,2025,0,Petrol,Automatic,10,30,23303
1449,Mercedes,Model B,2025,0,Petrol,Manual,7,30,31210
1450,Toyota,Model A,2024,17937,Petrol,Automatic,3,20,21941
1451,Toyota,Model B,2022,34043,Petrol,Automatic,9,10,19876
1452,Fiat,Model C,2023,20297,Petrol,Manual,4,1,17295
1453,Audi,Model B,2025,0,Petrol,Manual,10,30,25067
1454,Toyota,Model C,2023,0,Diesel,Manual,6,10,18323
1455,Mercedes,Model B,2003,250000,Hybrid,Manual,8,1,500
1456,Hyundai,Model B,2025,3648,Petrol,Manual,8,20,24366
1457,Audi,Model A,2024,25529,Diesel,Automatic,2,20,29340
1458,BMW,Model B,2024,5441,Petrol,Automatic,9,10,25164
1459,Honda,Model A,2017,85308,Hybrid,Manual,11,10,4899
1460,Toyota,Model C,2024,12098,Diesel,Automatic,12,1,21574
1461,Mercedes,Model A,2021,60812,Petrol,Automatic,9,20,20284
1462,Mercedes,Model A,2024,8528,Petrol,Automatic,12,30,26764
1463,Fiat,Model A,2010,192026,Petrol,Automatic,8,30,819
1464,BMW,Model B,2024,0,Petrol,Automatic,4,1,29604
1465,BMW,Model B,2025,0,Diesel,Manual,9,20,31163
1466,Audi,Model C,2004,250000,Petrol,Manual,12,1,500
1467,Dacia,Model C,2025,18395,Petrol,Automatic,5,30,22462
1468,BMW,Model C,2021,51114,Hybrid,Manual,4,30,17258
1469,Hyundai,Model C,2025,26191,Diesel,Manual,12,1,21592
1470,Fiat,Model C,2025,0,Diesel,Automatic,10,10,23481
1471,Toyota,Model C,2023,25948,Petrol,Automatic,1,20,16703
1472,Toyota,Model B,2025,2690,Petrol,Automatic,8,20,26095
1473,VW,Model B,2025,9301,Petrol,Manual,3,1,19426
1474,VW,Model B,2021,35799,Diesel,Automatic,4,30,18501
1475,Hyundai,Model B,2020,85266,Petrol,Automatic,2,1,9231
1476,Hyundai,Model C,2024,12194,Petrol,Automatic,3,20,18584
1477,Audi,Model A,2025,0,Diesel,Manual,7,1,23624
1478,VW,Model B,2025,0,Petrol,Manual,1,1,25187
1479,Mercedes,Model B,2025,0,Petrol,Automatic,12,1,28156
1480,Honda,Model C,2021,,Diesel,Manual,10,10,12457
1481,Ford,Model C,2025,15749,Petrol,Automatic,5,20,24926
1482,Mercedes,Model B,2012,47023,Hybrid,Manual,2,10,500
1483,BMW,Model C,2023,22321,Petrol,Automatic,12,30,21506
1484,Mercedes,Model C,2000,250000,Petrol,Automatic,8,20,500
1485,Toyota,Model C,2020,74982,Petrol,Manual,6,10,11524
1486,Fiat,Model C,2020,16326,Petrol,Manual,3,10,9401
1487,Honda,Model C,2021,57644,Diesel,Automatic,3,20,12067
1488,VW,Model B,2024,12419,Hybrid,Automatic,10,30,26955
1489,Mercedes,Model C,2021,28332,Hybrid,Automatic,7,30,23318
1490,Mercedes,Model A,2021,61203,Petrol,Manual,12,30,14069
1491,Audi,Model A,2017,129692,Petrol,Automatic,12,1,6438
1492,Toyota,Model C,2020,68351,Petrol,Manual,3,30,14549
1493,Honda,Model A,2017,112506,Petrol,Manual,12,10,6568
1494,Fiat,Model A,2007,243061,Petrol,Automatic,12,20,702
1495,Toyota,Model C,2023,11546,Petrol,Manual,10,10,16606
1496,Honda,Model B,2024,0,Petrol,Automatic,5,1,23555
1497,BMW,Model B,2023,33852,Petrol,Manual,3,30,19070
1498,BMW,Model B,2022,32285,Diesel,Manual,2,1,12869
1499,BMW,Model C,2020,39387,Diesel,Automatic,1,1,11172
1500,VW,Model A,2025,0,Petrol,Automatic,11,30,27244
1501,Honda,Model B,2022,46913,Petrol,Manual,12,30,14805
1502,Mercedes,Model A,2022,33765,Petrol,Automatic,10,10,17419
1503,Ford,Model C,2002,250000,Petrol,Automatic,10,1,500
1504,Honda,Model B,2020,56647,Petrol,Automatic,6,1,8808
1505,BMW,Model B,2021,47707,Petrol,Automatic,9,30,17828
1506,Ford,Model A,2021,19057,Diesel,Automatic,9,1,18142
1507,Hyundai,Model A,2023,21858,Diesel,Automatic,4,30,17102
1508,Toyota,Model B,2022,15834,Petrol,Automatic,10,1,17288
1509,VW,Model B,2023,33885,Petrol,Manual,2,30,13158
1510,Mercedes,Model A,2025,0,Petrol,Automatic,4,1,35406
1511,Hyundai,Model A,2025,15190,Hybrid,Automatic,8,30,24694
1512,Fiat,Model C,2025,0,Diesel,Automatic,7,10,22359
1513,Honda,Model B,2025,0,Petrol,Automatic,9,30,28532
1514,Audi,Model A,2001,250000,Diesel,Automatic,8,1,500
1515,Toyota,Model A,2016,95009,Petrol,Automatic,1,30,4774
1516,Audi,Model A,2000,250000,Petrol,Automatic,12,1,575
1517,BMW,Model B,2024,1018,Diesel,Automatic,10,20,33375
1518,VW,Model A,2025,0,Petrol,Manual,12,1,24689
1519,BMW,Model B,2018,,Petrol,Manual,11,1,9636
1520,Audi,Model C,2025,0,Petrol,Automatic,3,30,32768
1521,VW,Model B,2006,209034,Petrol,Manual,12,10,500
1522,VW,Model A,2025,3723,Diesel,Automatic,12,10,26399
1523,BMW,Model C,2020,59596,Diesel,Manual,1,10,14706
1524,VW,Model A,2010,182530,Diesel,Manual,2,20,2513
1525,Dacia,Model B,2022,40914,Petrol,Manual,12,10,11242
1526,BMW,Model C,2018,84860,Diesel,Manual,4,30,9665
1527,Toyota,Model C,2019,81121,Petrol,Automatic,11,10,6453
1528,VW,Model B,2020,61461,Petrol,Automatic,1,30,7727
1529,VW,Model C,2025,0,Petrol,Automatic,10,20,24161
1530,Audi,Model B,2022,9781,Petrol,Manual,9,10,24172
1531,Mercedes,Model C,2020,88919,Petrol,Manual,12,30,12869
1532,Hyundai,Model A,2023,24001,Petrol,Automatic,10,10,17328
1533,Dacia,Model C,2025,14253,Petrol,Automatic,1,10,19141
1534,Hyundai,Model B,2019,66814,Petrol,Manual,6,20,5907
1535,Dacia,Model C,2021,47129,Petrol,Automatic,5,20,11512
1536,Ford,Model B,2012,149199,Petrol,Automatic,8,1,500
1537,Fiat,Model B,2016,144988,Petrol,Automatic,6,1,3383
1538,VW,Model A,2024,15798,Petrol,Automatic,4,30,23701
1539,Fiat,Model B,2016,99977,Hybrid,Automatic,9,20,3640
1540,Mercedes,Model B,2022,11226,Petrol,Automatic,4,20,21317
1541,Hyundai,Model B,2025,8881,Hybrid,Automatic,11,10,23277
1542,Mercedes,Model B,2010,177550,Petrol,Manual,5,1,500
1543,BMW,Model A,2023,35163,Petrol,Automatic,7,30,17427
1544,Honda,Model A,2018,96839,Diesel,Manual,11,20,7747
1545,Toyota,Model C,2025,0,Diesel,Manual,11,1,27255
1546,BMW,Model C,2022,46086,Petrol,Manual,8,10,10985
1547,Dacia,Model A,2025,0,Petrol,Manual,5,20,18258
1548,VW,Model A,2023,9143,Diesel,Manual,7,30,17671
1549,Fiat,Model C,2004,250000,Hybrid,Manual,11,1,1480
1550,Dacia,Model B,2024,9627,Hybrid,Automatic,3,30,17050
1551,Toyota,Model A,2025,7777,Petrol,Automatic,2,30,24741
1552,Audi,Model C,2023,30163,Diesel,Automatic,8,10,22527
1553,Mercedes,Model C,2025,9568,Diesel,Automatic,8,30,26945
1554,Honda,Model C,2025,0,Diesel,Automatic,4,1,27954
1555,Ford,Model A,2017,87220,Hybrid,Automatic,6,30,8307
1556,Honda,Model C,2017,91132,Diesel,Automatic,2,1,2997
1557,Toyota,Model A,2023,11527,Petrol,Manual,2,1,23007
1558,Mercedes,Model A,2021,54435,Petrol,Manual,11,1,14567
1559,Honda,Model C,2025,17803,Petrol,Automatic,6,1,28566
1560,BMW,Model B,2025,20177,Diesel,Automatic,2,1,27363
1561,Fiat,Model B,2020,54911,Petrol,Manual,12,10,9563
1562,BMW,Model A,2017,100379,Petrol,Manual,3,20,6660
1563,Toyota,Model B,2025,6684,Petrol,Manual,4,30,25556
1564,Mercedes,Model B,2019,81318,Hybrid,Automatic,12,20,11685
1565,Hyundai,Model C,2025,0,Diesel,Manual,3,30,25710
1566,Toyota,Model B,2021,75308,Petrol,Manual,12,30,7817
1567,Mercedes,Model C,2024,25897,Petrol,Automatic,10,1,34008
1568,Honda,Model B,2009,206289,Petrol,Automatic,6,30,500
1569,Fiat,Model A,2024,30051,Petrol,Automatic,8,30,19335
1570,Fiat,Model B,2021,56012,Petrol,Automatic,7,30,11899
1571,Audi,Model C,2023,8590,Hybrid,Manual,11,20,22215
1572,VW,Model C,2015,117915,Petrol,Automatic,1,1,6941
1573,BMW,Model B,2025,0,Petrol,Manual,11,1,23736
1574,Mercedes,Model A,2025,6226,Diesel,Manual,12,30,26703
1575,Honda,Model A,2017,93461,Petrol,Automatic,6,10,1692
1576,Audi,Model A,2009,191392,Petrol,Manual,3,20,2100
1577,Hyundai,Model A,2002,250000,Petrol,Automatic,2,10,500
1578,Dacia,Model A,2024,5145,Hybrid,Automatic,5,20,21048
1579,BMW,Model B,2023,20218,Petrol,Manual,2,10,22832
1580,Audi,Model A,2023,24329,Diesel,Automatic,3,30,27636
1581,Honda,Model B,2017,68400,Petrol,Automatic,9,20,6860
1582,Ford,Model A,2021,,Diesel,Manual,6,30,9258
1583,Fiat,Model C,2023,0,Diesel,Manual,12,1,12141
1584,Fiat,Model C,2022,27217,Petrol,Manual,6,10,14516
1585,Ford,Model C,2025,12827,Petrol,Manual,2,30,22047
1586,Audi,Model A,2013,150708,Petrol,Automatic,2,1,7741
1587,Hyundai,Model B,2024,3077,Petrol,Manual,9,30,18845
1588,Audi,Model C,2021,48611,Hybrid,Manual,8,10,19153
1589,Dacia,Model B,2021,31875,Petrol,Automatic,9,20,11291
1590,BMW,Model B,2025,,Petrol,Automatic,5,1,31065
1591,Ford,Model C,2024,55954,Diesel,Automatic,12,10,23938
1592,BMW,Model A,2025,27687,Hybrid,Automatic,2,10,33954
1593,Toyota,Model C,2012,156789,Petrol,Automatic,1,1,1703
1594,Ford,Model C,2010,182402,Diesel,Manual,10,30,500
1595,VW,Model B,2025,0,Petrol,Manual,9,10,21041
1596,Hyundai,Model A,2023,,Petrol,Manual,7,30,13872
1597,Ford,Model C,2019,77432,Petrol,Manual,1,20,12369
1598,Audi,Model B,2007,208126,Petrol,Automatic,2,30,2510
1599,Fiat,Model A,2008,217562,Petrol,Automatic,3,30,500
1600,Hyundai,Model C,2025,23545,Petrol,Manual,8,30,28936
1601,Mercedes,Model A,2016,112989,Petrol,Manual,9,20,3583
1602,Hyundai,Model B,2020,61526,Petrol,Automatic,9,30,15130
1603,Dacia,Model A,2017,70788,Petrol,Manual,11,30,7015
1604,Ford,Model A,2020,71214,Hybrid,Automatic,1,30,8733
1605,Toyota,Model C,2006,210844,Hybrid,Automatic,9,1,2791
1606,Ford,Model B,2022,29729,Petrol,Manual,4,10,19977
1607,Toyota,Model A,2006,,Petrol,Manual,8,1,2488
1608,VW,Model B,2025,15446,Diesel,Automatic,10,1,26684
1609,Honda,Model A,2017,89002,Petrol,Automatic,10,10,7583
1610,Fiat,Model B,2023,17866,Hybrid,Automatic,4,30,19274
1611,Ford,Model C,2025,,Petrol,Manual,5,10,20336
1612,Audi,Model A,2024,0,Petrol,Automatic,12,30,22489
1613,VW,Model B,2022,26478,Diesel,Manual,11,30,19532
1614,Toyota,Model A,2020,35803,Petrol,Manual,4,30,6288
1615,Audi,Model A,2020,70245,Petrol,Automatic,8,30,11263
1616,Toyota,Model C,2024,17917,Diesel,Manual,2,10,16996
1617,BMW,Model C,2025,8407,Hybrid,Automatic,9,20,35282
1618,Dacia,Model B,2024,0,Petrol,Automatic,8,1,18990
1619,Honda,Model A,2023,,Diesel,Automatic,4,30,19160
1620,Hyundai,Model C,2025,802,Hybrid,Manual,6,30,21345
1621,Audi,Model C,2022,36961,Petrol,Automatic,10,30,21860
1622,VW,Model B,2006,225790,Petrol,Manual,4,1,2361
1623,Ford,Model B,2023,19657,Petrol,Automatic,10,30,20145
1624,Toyota,Model A,2025,25661,Petrol,Automatic,4,30,30860
1625,Dacia,Model C,2015,126390,Diesel,Manual,11,1,1062
1626,Honda,Model A,2024,41560,Petrol,Manual,1,1,21010
1627,VW,Model B,2016,127034,Petrol,Automatic,4,1,3780
1628,BMW,Model A,2022,61549,Petrol,Automatic,3,30,19350
1629,Toyota,Model C,2009,175883,Petrol,Automatic,12,30,1513
1630,Fiat,Model A,2021,56897,Petrol,Automatic,6,30,12102
1631,Hyundai,Model C,2025,,Petrol,Manual,7,1,23876
1632,Honda,Model A,2020,35049,Diesel,Automatic,4,20,13208
1633,Fiat,Model A,2024,34440,Diesel,Manual,2,10,13162
1634,Honda,Model A,2025,,Diesel,Manual,8,30,20163
1635,Ford,Model B,2025,0,Diesel,Automatic,4,20,26393
1636,Toyota,Model A,2017,89781,Hybrid,Automatic,12,1,5374
1637,Ford,Model B,2021,36056,Petrol,Automatic,6,30,15925
1638,Toyota,Model A,2015,109594,Hybrid,Automatic,2,30,6767
1639,Toyota,Model B,2025,0,Petrol,Manual,1,1,23501
1640,Dacia,Model C,2025,25962,Petrol,Automatic,3,1,19987
1641,Mercedes,Model A,2022,26005,Petrol,Manual,4,20,21806
1642,Mercedes,Model C,2025,24889,Petrol,Automatic,3,30,29513
1643,BMW,Model C,2022,48732,Petrol,Automatic,5,10,21995
1644,Toyota,Model C,2024,17944,Petrol,Automatic,11,1,23098
1645,Toyota,Model A,2008,215221,Petrol,Manual,1,20,4254
1646,BMW,Model A,2025,204,Diesel,Automatic,11,1,28015
1647,Honda,Model B,2012,175290,Petrol,Manual,6,10,5870
1648,Ford,Model C,2025,8504,Diesel,Automatic,12,1,23660
1649,Hyundai,Model C,2025,0,Petrol,Automatic,9,20,22236
1650,Dacia,Model B,2025,4443,Petrol,Automatic,3,1,17502
1651,Ford,Model B,2003,250000,Petrol,Automatic,12,10,2935
1652,Mercedes,Model A,2020,55664,Diesel,Manual,2,20,11204
1653,BMW,Model C,2018,85893,Hybrid,Automatic,5,1,10069
1654,Hyundai,Model A,2020,50807,Petrol,Automatic,12,1,9099
1655,VW,Model B,2008,183335,Hybrid,Manual,3,20,500
1656,Mercedes,Model C,2025,,Diesel,Automatic,8,20,33608
1657,Audi,Model B,2023,943,Petrol,Automatic,12,1,21457
1658,Hyundai,Model A,2020,70035,Petrol,Manual,9,20,11246
1659,Ford,Model B,2021,10645,Diesel,Automatic,9,20,13327
1660,Ford,Model B,2021,38002,Petrol,Manual,8,30,10349
1661,Audi,Model A,2023,12515,Petrol,Automatic,7,30,23021
1662,Ford,Model A,2022,31767,Petrol,Automatic,12,30,13504
1663,Hyundai,Model B,2025,0,Petrol,Manual,7,1,23900
1664,Fiat,Model A,2022,42058,Petrol,Manual,9,30,10757
1665,VW,Model A,2025,0,Petrol,Automatic,10,30,29276
1666,Ford,Model C,2025,16986,Diesel,Automatic,7,30,25927
1667,VW,Model C,2016,98673,Diesel,Automatic,12,20,2337
1668,Honda,Model C,2025,0,Petrol,Automatic,1,30,29048
1669,Audi,Model C,2011,168056,Petrol,Manual,5,10,5613
1670,Fiat,Model B,2025,3663,Petrol,Automatic,8,30,21143
1671,Honda,Model A,2021,48555,Diesel,Automatic,1,10,11870
1672,Ford,Model C,2025,0,Petrol,Automatic,12,10,24317
1673,Dacia,Model C,2025,5145,Petrol,Automatic,11,30,21632
1674,Dacia,Model C,2025,6992,Petrol,Automatic,3,30,16696
1675,Ford,Model A,2025,0,Petrol,Automatic,5,30,26166
1676,BMW,Model B,2020,66395,Petrol,Manual,9,10,7975
1677,Toyota,Model A,2008,66562,Diesel,Automatic,5,1,500
1678,Dacia,Model B,2021,58588,Petrol,Automatic,11,20,13145
1679,Toyota,Model A,2015,133985,Petrol,Manual,4,10,500
1680,Dacia,Model C,2024,14578,Hybrid,Manual,11,30,14610
1681,BMW,Model A,2020,45957,Petrol,Automatic,6,20,14101
1682,Ford,Model B,2025,0,Petrol,Manual,6,30,19025
1683,Honda,Model B,2024,16798,Petrol,Manual,3,30,15483
1684,Audi,Model B,2025,14141,Petrol,Automatic,12,1,31053
1685,Dacia,Model A,2013,185788,Diesel,Manual,5,1,2098
1686,Ford,Model B,2025,14727,Diesel,Automatic,3,30,22435
1687,Audi,Model A,2025,0,Petrol,Automatic,1,20,32075
1688,Toyota,Model B,2022,24490,Petrol,Automatic,7,10,19517
1689,VW,Model B,2023,58177,Diesel,Automatic,1,1,12107
1690,Toyota,Model B,2025,0,Petrol,Automatic,6,20,28407
1691,Fiat,Model A,2015,120712,Petrol,Manual,12,1,4404
1692,Mercedes,Model B,2022,21593,Diesel,Automatic,7,1,21763
1693,Audi,Model C,2021,71476,Diesel,Manual,1,10,17511
1694,Mercedes,Model B,2014,139504,Petrol,Manual,4,20,5207
1695,Mercedes,Model B,2020,48380,Petrol,Manual,1,30,11934
1696,Toyota,Model A,2006,213092,Petrol,Automatic,12,1,500
1697,Dacia,Model B,2002,250000,Petrol,Manual,4,20,500
1698,BMW,Model A,2013,144663,Petrol,Automatic,1,10,1542
1699,Audi,Model C,2025,12481,Petrol,Manual,12,10,30044
1700,Audi,Model C,2023,32204,Petrol,Automatic,7,30,22209
1701,Ford,Model A,2025,0,Petrol,Manual,6,20,19838
1702,VW,Model B,2021,11952,Petrol,Automatic,12,10,17911
1703,Hyundai,Model A,2020,57600,Hybrid,Manual,7,30,9477
1704,BMW,Model C,2022,27739,Petrol,Manual,4,10,15489
1705,VW,Model B,2021,46047,Petrol,Manual,10,30,16660
1706,Ford,Model A,2010,180246,Petrol,Automatic,4,30,628
1707,Honda,Model A,2024,0,Petrol,Automatic,6,20,16890
1708,Toyota,Model B,2017,105460,Petrol,Automatic,11,20,4114
1709,Hyundai,Model B,2023,18443,Petrol,Automatic,12,20,16509
1710,Toyota,Model A,2024,0,Petrol,Automatic,8,30,23803
1711,Audi,Model B,2015,114725,Petrol,Automatic,7,20,6165
1712,Toyota,Model A,2006,231633,Petrol,Manual,1,30,1580
1713,Honda,Model A,2025,1245,Diesel,Automatic,8,30,27763
1714,Audi,Model A,2021,54331,Hybrid,Manual,5,10,9695
1715,Ford,Model B,2005,250000,Petrol,Automatic,7,30,500
1716,Fiat,Model C,2025,19574,Diesel,Manual,10,1,17403
1717,Ford,Model B,2005,244282,Diesel,Automatic,9,10,3255
1718,Honda,Model A,2024,0,Petrol,Manual,2,1,18270
1719,Hyundai,Model B,2025,0,Diesel,Automatic,5,10,27392
1720,VW,Model C,2017,80935,Petrol,Automatic,3,20,6497
1721,Toyota,Model C,2014,157452,Petrol,Automatic,2,30,4216
1722,Ford,Model A,2012,185811,Hybrid,Automatic,3,10,500
1723,VW,Model B,2020,69754,Petrol,Automatic,12,20,9332
1724,Audi,Model C,2010,192876,Petrol,Manual,9,30,1790
1725,Toyota,Model A,2024,15764,Petrol,Automatic,12,1,21360
1726,Mercedes,Model C,2006,233490,Petrol,Manual,7,30,500
1727,Dacia,Model C,2022,12038,Petrol,Manual,1,20,11802
1728,BMW,Model A,2025,,Petrol,Manual,1,10,34477
1729,Mercedes,Model B,2025,0,Petrol,Automatic,2,30,27993
1730,Honda,Model A,2023,28220,Petrol,Automatic,10,10,27135
1731,Fiat,Model B,2020,59105,Petrol,Automatic,3,1,13288
1732,Toyota,Model A,2024,41202,Diesel,Automatic,2,10,22731
1733,Hyundai,Model A,2022,49749,Diesel,Automatic,11,10,14276
1734,VW,Model A,2021,52267,Petrol,Automatic,3,1,13924
1735,Ford,Model B,2013,139995,Petrol,Automatic,7,10,2683
1736,Hyundai,Model B,2025,25140,Petrol,Manual,5,10,17745
1737,BMW,Model C,2021,47550,Petrol,Automatic,12,10,15116
1738,Fiat,Model A,2016,112975,Diesel,Automatic,9,20,5903
1739,Hyundai,Model C,2020,60633,Petrol,Automatic,6,20,10632
1740,Dacia,Model A,2021,12581,Petrol,Automatic,11,10,10528
1741,Hyundai,Model C,2025,547,Petrol,Manual,10,30,19693
1742,Fiat,Model B,2025,0,Hybrid,Manual,11,20,22424
1743,Audi,Model B,2025,0,Petrol,Manual,12,30,26867
1744,Toyota,Model A,2001,250000,Petrol,Manual,3,10,500
1745,Toyota,Model B,2021,71522,Hybrid,Automatic,3,1,17409
1746,Mercedes,Model C,2022,41223,Petrol,Automatic,7,20,15659
1747,VW,Model B,2001,250000,Diesel,Manual,7,20,500
1748,Mercedes,Model B,2018,62357,Diesel,Manual,11,10,9259
1749,BMW,Model C,2025,11767,Petrol,Manual,2,1,29399
1750,Hyundai,Model B,2013,135492,Petrol,Manual,6,10,2686
1751,Fiat,Model C,2022,45648,Petrol,Automatic,7,1,16818
1752,Hyundai,Model B,2017,,Diesel,Manual,6,30,8056
1753,Hyundai,Model A,2001,250000,Diesel,Automatic,1,20,500
1754,Ford,Model B,2018,84504,Petrol,Automatic,2,1,10426
1755,Fiat,Model A,2025,5754,Petrol,Automatic,2,30,23948
1756,Honda,Model B,2025,0,Petrol,Automatic,8,10,32432
1757,Dacia,Model C,2025,0,Petrol,Automatic,6,20,22551
1758,Mercedes,Model C,2022,21547,Hybrid,Automatic,3,30,18170
1759,Hyundai,Model B,2010,144224,Diesel,Automatic,10,30,1092
1760,Ford,Model A,2023,21283,Petrol,Automatic,11,1,20171
1761,Ford,Model C,2021,70790,Petrol,Automatic,3,20,12095
1762,VW,Model A,2025,10951,Diesel,Manual,10,30,24390
1763,Hyundai,Model C,2009,195415,Petrol,Manual,1,30,1927
1764,Fiat,Model C,2022,24989,Petrol,Automatic,11,1,14248
1765,Mercedes,Model C,2015,134960,Petrol,Manual,12,10,4962
1766,Mercedes,Model C,2020,58210,Petrol,Automatic,2,30,15287
1767,BMW,Model B,2025,23624,Petrol,Automatic,10,10,31599
1768,Mercedes,Model A,2022,21283,Petrol,Automatic,2,20,21877
1769,Audi,Model C,2020,48750,Petrol,Automatic,12,1,12520
1770,VW,Model A,2021,35290,Petrol,Manual,6,30,13306
1771,Honda,Model C,2021,25768,Petrol,Automatic,7,1,15810
1772,Hyundai,Model B,2025,0,Petrol,Automatic,10,20,27251
1773,Honda,Model B,2025,1548,Petrol,Automatic,4,1,20334
1774,Ford,Model C,2025,0,Petrol,Manual,5,1,18376
1775,Mercedes,Model A,2025,0,Petrol,Automatic,1,20,31274
1776,Hyundai,Model B,2020,76114,Hybrid,Manual,8,30,9509
1777,Hyundai,Model A,2024,0,Petrol,Manual,10,30,20030
1778,Toyota,Model C,2021,56838,Petrol,Manual,11,10,17918
1779,Toyota,Model A,2018,84468,Petrol,Manual,7,30,9188
1780,Audi,Model A,2025,31760,Diesel,Automatic,10,1,28850
1781,Hyundai,Model A,2003,250000,Petrol,Automatic,2,10,500
1782,VW,Model B,2025,0,Petrol,Manual,10,1,22065
1783,Ford,Model B,2022,25469,Hybrid,Automatic,1,1,21958
1784,Audi,Model C,2024,34540,Petrol,Automatic,3,1,21005
1785,Mercedes,Model A,2024,0,Hybrid,Automatic,8,30,26382
1786,BMW,Model A,2025,2863,Diesel,Manual,5,30,32273
1787,BMW,Model A,2024,10033,Petrol,Automatic,6,20,21310
1788,Mercedes,Model A,2023,18851,Petrol,Automatic,11,20,19709
1789,Mercedes,Model C,2006,233302,Petrol,Manual,8,10,500
1790,Ford,Model C,2022,11653,Diesel,Automatic,5,1,15472
1791,Toyota,Model B,2015,126861,Petrol,Automatic,6,30,5197
1792,Honda,Model B,2025,2084,Petrol,Automatic,11,30,26222
1793,Ford,Model A,2022,42265,Petrol,Automatic,7,30,20054
1794,VW,Model B,2024,13400,Petrol,Automatic,11,1,24816
1795,Ford,Model A,2004,242108,Petrol,Automatic,4,1,500
1796,Audi,Model C,2008,204060,Petrol,Manual,7,1,500
1797,Hyundai,Model A,2025,0,Petrol,Manual,5,1,23875
1798,Fiat,Model B,2007,204294,Petrol,Automatic,8,20,500
1799,Toyota,Model A,2007,210957,Diesel,Manual,8,1,1722
1800,BMW,Model C,2001,250000,Petrol,Automatic,8,1,500
1801,Fiat,Model A,2025,528,Petrol,Automatic,7,1,21835
1802,Fiat,Model A,2025,13745,Diesel,Manual,6,1,20452
1803,BMW,Model B,2020,52523,Diesel,Automatic,12,10,11848
1804,BMW,Model B,2019,74952,Petrol,Manual,4,1,11965
1805,Hyundai,Model C,2020,61770,Hybrid,Automatic,6,10,9037
1806,Toyota,Model B,2025,0,Petrol,Automatic,3,1,25397
1807,Fiat,Model C,2024,13106,Petrol,Manual,5,30,21949
1808,Audi,Model C,2016,123040,Petrol,Automatic,4,30,9473
1809,Fiat,Model A,2015,122797,Petrol,Automatic,9,30,500
1810,BMW,Model C,2009,195398,Diesel,Automatic,9,30,500
1811,Audi,Model A,2024,1420,Petrol,Automatic,4,10,24199
1812,Dacia,Model C,2025,29532,Petrol,Manual,12,20,20074
1813,Audi,Model A,2018,74274,Petrol,Manual,4,1,5734
1814,Mercedes,Model C,2002,250000,Petrol,Manual,11,20,500
1815,Fiat,Model B,2008,216902,Diesel,Automatic,4,30,1746
1816,Mercedes,Model A,2025,0,Diesel,Automatic,6,10,28560
1817,BMW,Model B,2019,67454,Hybrid,Manual,9,30,11476
1818,Toyota,Model B,2025,0,Petrol,Automatic,7,10,23336
1819,Ford,Model B,2024,40075,Petrol,Automatic,7,30,21089
1820,VW,Model B,2021,53318,Diesel,Manual,10,10,9864
1821,Fiat,Model C,2016,116246,Petrol,Automatic,9,30,3608
1822,Honda,Model A,2012,158439,Petrol,Manual,12,30,878
1823,Toyota,Model A,2023,28050,Petrol,Automatic,3,10,20938
1824,Toyota,Model A,2025,20979,Hybrid,Manual,1,30,25290
1825,Hyundai,Model B,2024,8237,Petrol,Automatic,12,30,21616
1826,VW,Model A,2022,14145,Diesel,Manual,4,1,14442
1827,Fiat,Model C,2004,250000,Petrol,Automatic,1,20,1271
1828,Dacia,Model A,2025,7450,Petrol,Manual,4,30,12695
1829,Toyota,Model A,2025,1619,Hybrid,Automatic,9,1,28362
1830,Honda,Model C,2019,79061,Petrol,Manual,8,10,8466
1831,Ford,Model B,2025,0,Petrol,Manual,3,30,19504
1832,Mercedes,Model C,2023,24310,Petrol,Automatic,3,10,29802
1833,BMW,Model A,2023,22024,Petrol,Automatic,6,10,27433
1834,Fiat,Model A,2025,0,Diesel,Manual,1,30,16433
1835,Honda,Model B,2025,17837,Petrol,Automatic,1,10,28645
1836,Ford,Model A,2024,0,Petrol,Manual,8,10,17798
1837,Ford,Model C,2012,191413,Petrol,Automatic,5,20,2488
1838,Hyundai,Model A,2020,73160,Diesel,Manual,1,10,8119
1839,Mercedes,Model A,2025,0,Diesel,Automatic,6,30,33907
1840,Ford,Model C,2017,92637,Diesel,Manual,12,10,9397
1841,Honda,Model B,2020,57471,Petrol,Automatic,4,30,6681
1842,Fiat,Model A,2021,53878,Petrol,Automatic,4,10,11175
1843,Honda,Model C,2021,33159,Petrol,Automatic,6,1,9021
1844,Dacia,Model A,2023,24480,Petrol,Manual,2,30,14835
1845,Toyota,Model B,2025,0,Petrol,Automatic,8,30,26777
1846,Dacia,Model C,2018,,Hybrid,Automatic,11,10,4828
1847,Fiat,Model A,2012,42854,Hybrid,Manual,3,30,4974
1848,Ford,Model B,2016,121782,Petrol,Automatic,9,10,4836
1849,Toyota,Model C,2025,0,Petrol,Manual,12,10,20992
1850,Toyota,Model A,2024,19168,Petrol,Manual,12,20,25851
1851,Hyundai,Model B,2019,25188,Petrol,Automatic,7,20,7246
1852,Ford,Model B,2025,0,Diesel,Automatic,2,30,23844
1853,Toyota,Model B,2025,785,Petrol,Manual,9,1,23303
1854,Ford,Model B,2025,17452,Petrol,Automatic,10,1,27730
1855,VW,Model A,2025,0,Diesel,Manual,10,30,23900
1856,BMW,Model C,2018,74975,Hybrid,Automatic,12,30,8478
1857,BMW,Model C,2025,0,Petrol,Automatic,8,20,30807
1858,BMW,Model A,2022,53479,Petrol,Automatic,6,10,18901
1859,Audi,Model B,2025,19384,Hybrid,Manual,7,10,26977
1860,Toyota,Model B,2025,0,Petrol,Manual,5,30,25037
1861,Hyundai,Model A,2025,15093,Diesel,Automatic,1,30,21500
1862,Toyota,Model A,2024,24283,Petrol,Manual,9,10,17219
1863,BMW,Model B,2015,42991,Petrol,Automatic,1,1,2516
1864,Honda,Model C,2023,29776,Petrol,Manual,1,20,19807
1865,Dacia,Model A,2025,0,Petrol,Manual,5,1,19147
1866,Toyota,Model B,2025,17178,Diesel,Manual,12,30,25210
1867,Dacia,Model A,2004,250000,Petrol,Automatic,7,20,1176
1868,Mercedes,Model A,2015,153673,Hybrid,Automatic,3,1,3852
1869,Mercedes,Model B,2013,158380,Petrol,Manual,12,10,6789
1870,VW,Model A,2025,2303,Petrol,Automatic,8,1,21169
1871,Honda,Model A,2025,0,Petrol,Automatic,5,20,17574
1872,Hyundai,Model B,2017,87286,Petrol,Manual,9,10,7435
1873,Fiat,Model C,2022,14460,Petrol,Manual,6,20,9369
1874,Audi,Model A,2025,0,Petrol,Automatic,10,30,31649
1875,VW,Model A,2025,13891,Petrol,Automatic,3,20,25614
1876,Ford,Model A,2023,23944,Diesel,Automatic,2,30,25193
1877,Fiat,Model A,2023,11797,Petrol,Manual,6,30,13427
1878,Honda,Model A,2022,41063,Petrol,Manual,4,10,13369
1879,BMW,Model C,2019,65953,Petrol,Manual,8,20,15380
1880,Ford,Model B,2023,25314,Petrol,Manual,10,30,19708
1881,Dacia,Model B,2024,,Hybrid,Manual,12,30,15971
1882,BMW,Model C,2025,2088,Petrol,Automatic,10,30,34535
1883,Audi,Model B,2024,14260,Hybrid,Automatic,5,1,23921
1884,Toyota,Model C,2025,0,Petrol,Manual,10,10,24037
1885,Hyundai,Model C,2015,113505,Petrol,Automatic,7,10,500
1886,Toyota,Model B,2022,69876,Diesel,Manual,12,30,13202
1887,Audi,Model A,2000,250000,Diesel,Manual,9,10,1170
1888,Ford,Model B,2018,61892,Petrol,Automatic,2,30,10830
1889,BMW,Model B,2025,0,Petrol,Automatic,1,10,27969
1890,Mercedes,Model C,2025,1142,Petrol,Automatic,7,10,30252
1891,Toyota,Model B,2009,205402,Petrol,Manual,5,10,4795
1892,Toyota,Model C,2021,40200,Petrol,Manual,3,30,14304
1893,Toyota,Model B,2025,15324,Petrol,Automatic,10,20,27975
1894,Mercedes,Model C,2016,108894,Diesel,Manual,5,1,500
1895,Toyota,Model C,2023,21554,Petrol,Manual,2,10,20500
1896,Hyundai,Model B,2025,11341,Petrol,Automatic,4,1,29076
1897,Toyota,Model C,2023,16021,Hybrid,Automatic,9,10,21938
1898,Ford,Model A,2016,103699,Petrol,Automatic,9,1,5151
1899,Mercedes,Model B,2020,70052,Petrol,Automatic,4,1,9080
1900,BMW,Model B,2025,0,Petrol,Automatic,5,1,28166
1901,Fiat,Model B,2023,52631,Diesel,Automatic,1,10,16720
1902,Toyota,Model C,2000,250000,Petrol,Manual,12,10,500
1903,Toyota,Model A,2025,9432,Diesel,Automatic,5,1,30211
1904,Fiat,Model A,2003,250000,Petrol,Automatic,12,10,500
1905,VW,Model A,2025,13121,Petrol,Automatic,11,1,28596
1906,Hyundai,Model B,2016,103160,Petrol,Manual,5,10,500
1907,VW,Model C,2025,4235,Petrol,Manual,9,30,22056
1908,Mercedes,Model A,2020,46255,Petrol,Manual,6,30,14081
1909,Dacia,Model B,2020,75591,Diesel,Manual,12,20,5012
1910,Fiat,Model B,2014,136359,Petrol,Automatic,8,1,698
1911,Audi,Model A,2020,89737,Diesel,Automatic,7,1,8816
1912,Hyundai,Model B,2025,35884,Petrol,Manual,8,1,19250
1913,Toyota,Model A,2025,11449,Petrol,Automatic,3,1,26886
1914,VW,Model C,2020,61026,Petrol,Manual,4,20,9613
1915,Mercedes,Model B,2021,33809,Petrol,Automatic,9,10,16620
1916,Honda,Model B,2025,13571,Petrol,Manual,2,10,21919
1917,Mercedes,Model C,2025,3154,Petrol,Automatic,4,1,31336
1918,Honda,Model C,2023,32070,Petrol,Automatic,8,1,18396
1919,Audi,Model C,2021,73946,Diesel,Automatic,12,20,13063
1920,Honda,Model A,2021,35633,Petrol,Manual,12,20,12069
1921,VW,Model C,2024,0,Petrol,Automatic,11,30,23390
1922,Fiat,Model A,2000,250000,Petrol,Automatic,7,30,500
1923,Mercedes,Model B,2023,36318,Petrol,Automatic,11,30,23606
1924,Fiat,Model A,2020,68323,Petrol,Automatic,7,30,6470
1925,Toyota,Model C,2025,0,Petrol,Automatic,6,30,28411
1926,Hyundai,Model C,2009,203348,Petrol,Automatic,3,20,500
1927,Honda,Model C,2023,5981,Hybrid,Manual,12,10,14345
1928,Fiat,Model B,2022,23433,Hybrid,Manual,8,20,12207
1929,VW,Model B,2024,10268,Petrol,Automatic,9,30,24131
1930,Honda,Model C,2006,219698,Petrol,Automatic,2,30,500
1931,Toyota,Model C,2023,,Petrol,Automatic,6,1,17247
1932,Dacia,Model A,2023,28295,Petrol,Automatic,12,20,16342
1933,Hyundai,Model B,2023,50483,Petrol,Manual,10,20,12486
1934,Toyota,Model B,2023,20292,Petrol,Automatic,12,1,16938
1935,Mercedes,Model C,2024,10166,Diesel,Manual,5,10,28774
1936,Hyundai,Model A,2025,18155,Petrol,Automatic,1,1,27283
1937,Dacia,Model C,2018,82636,Petrol,Automatic,5,1,7021
1938,Audi,Model B,2025,22410,Petrol,Manual,5,30,34438
1939,Fiat,Model C,2022,44112,Petrol,Automatic,4,30,14309
1940,Mercedes,Model B,2007,180708,Petrol,Automatic,7,30,500
1941,Dacia,Model B,2005,250000,Hybrid,Automatic,3,30,500
1942,VW,Model A,2020,73690,Petrol,Automatic,12,30,13062
1943,Toyota,Model A,2025,14269,Petrol,Automatic,12,20,23624
1944,Toyota,Model A,2025,0,Petrol,Manual,4,1,21754
1945,Ford,Model C,2025,0,Petrol,Manual,9,1,21905
1946,Ford,Model A,2022,27169,Petrol,Manual,7,30,13885
1947,Fiat,Model C,2021,35383,Petrol,Automatic,4,1,11910
1948,Hyundai,Model B,2014,158128,Petrol,Manual,12,10,3593
1949,Honda,Model C,2020,59823,Petrol,Manual,3,30,7931
1950,Fiat,Model A,2021,14235,Diesel,Automatic,8,30,13188
1951,Ford,Model A,2008,212280,Petrol,Automatic,5,1,500
1952,Hyundai,Model C,2017,104539,Diesel,Manual,11,10,4213
1953,Hyundai,Model A,2023,0,Hybrid,Manual,8,1,19934
1954,Fiat,Model A,2025,0,Hybrid,Automatic,11,30,19905
1955,BMW,Model B,2025,0,Petrol,Automatic,5,20,29443
1956,Ford,Model A,2025,6004,Diesel,Manual,1,20,22072
1957,Honda,Model A,2024,7666,Petrol,Automatic,3,20,20878
1958,Honda,Model A,2021,48230,Petrol,Automatic,11,30,11715
1959,Honda,Model C,2024,0,Diesel,Manual,4,1,23183
1960,Hyundai,Model C,2025,0,Petrol,Automatic,4,30,29331
1961,Toyota,Model A,2011,184726,Petrol,Manual,6,1,1978
1962,Honda,Model A,2021,69141,Petrol,Manual,4,1,10448
1963,Audi,Model B,2025,10782,Petrol,Automatic,11,10,30932
1964,Audi,Model B,2021,27968,Diesel,Automatic,5,1,16572
1965,VW,Model A,2023,42891,Petrol,Automatic,8,20,19283
1966,Mercedes,Model A,2023,34860,Petrol,Automatic,6,10,19153
1967,Mercedes,Model A,2016,106242,Hybrid,Manual,4,30,3576
1968,Honda,Model B,2020,29624,Diesel,Automatic,4,10,15561
1969,BMW,Model C,2020,74303,Diesel,Manual,7,1,13546
1970,Mercedes,Model C,2002,250000,Petrol,Manual,3,1,500
1971,Fiat,Model B,2002,250000,Petrol,Automatic,5,20,500
1972,Hyundai,Model B,2025,1025,Petrol,Manual,1,1,19683
1973,Toyota,Model C,2019,95075,Petrol,Manual,10,30,6541
1974,Toyota,Model C,2022,34119,Petrol,Manual,1,30,18766
1975,Dacia,Model B,2019,71773,Petrol,Automatic,11,1,6941
1976,BMW,Model A,2025,23679,Petrol,Manual,1,30,29092
1977,Ford,Model B,2018,74126,Petrol,Automatic,11,10,10724
1978,Ford,Model A,2021,60214,Petrol,Manual,9,1,9211
1979,Hyundai,Model C,2025,0,Petrol,Automatic,7,30,21956
1980,Dacia,Model C,2025,0,Hybrid,Automatic,2,20,23580
1981,Toyota,Model C,2016,32405,Petrol,Automatic,4,20,5632
1982,Honda,Model A,2025,10375,Petrol,Automatic,9,30,25255
1983,VW,Model A,2021,68305,Petrol,Automatic,7,10,14793
1984,Dacia,Model B,2022,17436,Petrol,Automatic,7,1,12892
1985,Fiat,Model A,2013,139578,Petrol,Manual,2,1,2960
1986,VW,Model C,2008,189191,Petrol,Automatic,6,20,500
1987,Fiat,Model C,2025,0,Diesel,Automatic,8,20,24222
1988,BMW,Model A,2022,18277,Petrol,Manual,2,10,18654
1989,Toyota,Model C,2021,44739,Petrol,Automatic,12,1,15056
1990,BMW,Model B,2025,0,Diesel,Manual,11,20,25299
1991,Mercedes,Model B,2025,10912,Diesel,Automatic,4,1,34277
1992,Ford,Model B,2015,86910,Petrol,Automatic,8,20,8044
1993,Fiat,Model A,2023,12995,Petrol,Automatic,7,10,18615
1994,Ford,Model A,2013,133117,Hybrid,Manual,2,1,4068
1995,VW,Model C,2025,17806,Diesel,Manual,6,20,24152
1996,Mercedes,Model C,2024,0,Diesel,Manual,3,30,21902
1997,VW,Model B,2025,3399,Petrol,Automatic,5,10,25829
1998,Honda,Model C,2006,226078,Petrol,Manual,12,10,500
1999,VW,Model C,2005,250000,Petrol,Manual,7,10,2835
2000,Toyota,Model B,2019,80937,Petrol,Automatic,1,1,10671
2001,Ford,Model B,2018,85818,Petrol,Manual,9,20,10133
2002,Toyota,Model B,2018,75679,Petrol,Manual,12,10,9227
2003,Ford,Model C,2025,0,Hybrid,Automatic,3,10,22209
2004,Mercedes,Model A,2018,87706,Petrol,Automatic,9,20,9291
2005,Toyota,Model C,2019,79957,Petrol,Manual,11,30,13766
2006,Toyota,Model B,2025,0,Hybrid,Automatic,11,10,23299
2007,VW,Model A,2021,29494,Petrol,Manual,9,1,17442
2008,VW,Model B,2025,3784,Petrol,Automatic,12,30,28401
2009,Fiat,Model A,2006,233087,Petrol,Automatic,1,1,2294
2010,Ford,Model B,2022,21140,Diesel,Automatic,1,1,16788
2011,Toyota,Model B,2003,250000,Petrol,Manual,2,10,780
2012,Hyundai,Model B,2006,200452,Petrol,Automatic,1,1,1463
2013,Honda,Model A,2025,20658,Diesel,Automatic,2,30,22400
2014,Mercedes,Model A,2013,124501,Petrol,Automatic,11,1,3837
2015,VW,Model A,2022,44133,Petrol,Manual,12,30,17076
2016,Mercedes,Model C,2021,,Petrol,Manual,5,1,15588
2017,Mercedes,Model C,2020,79343,Diesel,Manual,12,20,14800
2018,Hyundai,Model B,2025,0,Petrol,Manual,6,1,22136
2019,Hyundai,Model B,2002,250000,Petrol,Automatic,3,10,500
2020,Hyundai,Model B,2024,0,Petrol,Automatic,9,10,24578
2021,Toyota,Model C,2025,0,Petrol,Automatic,6,30,24496
2022,Fiat,Model C,2023,32945,Diesel,Manual,1,20,14632
2023,VW,Model C,2025,0,Petrol,Manual,12,1,19757
2024,Hyundai,Model C,2005,236576,Petrol,Manual,8,30,1951
2025,VW,Model A,2021,63169,Diesel,Manual,8,10,11675
2026,Ford,Model A,2018,95200,Diesel,Manual,12,30,8348
2027,Mercedes,Model B,2025,0,Petrol,Automatic,11,1,28816
2028,VW,Model C,2025,0,Petrol,Automatic,5,30,23927
2029,VW,Model C,2018,91642,Petrol,Manual,1,1,4687
2030,Toyota,Model B,2024,32133,Diesel,Manual,3,1,20529
2031,VW,Model B,2016,98066,Diesel,Automatic,5,10,3430
2032,Ford,Model A,2023,11950,Petrol,Manual,12,30,14858
2033,Ford,Model A,2022,28126,Diesel,Automatic,12,30,19012
2034,Toyota,Model B,2025,8574,Petrol,Automatic,1,30,29315
2035,Mercedes,Model B,2023,42427,Diesel,Manual,12,20,20122
2036,Audi,Model A,2020,41405,Petrol,Manual,4,1,12457
2037,Hyundai,Model B,2011,145525,Petrol,Automatic,10,30,2870
2038,Audi,Model B,2015,155099,Diesel,Automatic,2,10,5493
2039,BMW,Model A,2017,93340,Petrol,Manual,3,1,5620
2040,Dacia,Model A,2018,87793,Petrol,Automatic,7,1,1386
2041,Audi,Model A,2025,0,Diesel,Automatic,9,30,30315
2042,VW,Model B,2023,31349,Petrol,Automatic,5,10,22716
2043,Fiat,Model A,2022,50400,Diesel,Automatic,11,20,16039
2044,Ford,Model A,2011,172496,Petrol,Manual,12,30,3883
2045,Hyundai,Model A,2025,,Diesel,Automatic,2,10,21284
2046,Dacia,Model B,2025,0,Petrol,Automatic,9,30,17140
2047,Fiat,Model A,2006,224056,Petrol,Manual,2,20,500
2048,Ford,Model B,2025,3471,Petrol,Manual,5,1,24808
2049,Toyota,Model A,2023,30974,Hybrid,Automatic,11,30,20960
2050,Honda,Model B,2008,62225,Petrol,Automatic,5,20,2519
2051,Hyundai,Model C,2021,28733,Petrol,Automatic,12,10,16620
2052,Fiat,Model C,2022,40687,Petrol,Automatic,6,1,14279
2053,Hyundai,Model B,2015,114387,Petrol,Automatic,4,30,1062
2054,Ford,Model C,2025,0,Hybrid,Automatic,12,30,23864
2055,Honda,Model B,2025,487,Petrol,Manual,6,10,23819
2056,Toyota,Model A,2024,0,Petrol,Manual,10,30,25362
2057,BMW,Model C,2022,,Petrol,Manual,8,30,20016
2058,Hyundai,Model C,2021,8767,Diesel,Manual,3,1,7876
2059,Audi,Model C,2024,38208,Diesel,Manual,7,1,22794
2060,Toyota,Model B,2023,32335,Petrol,Automatic,1,1,20845
2061,Hyundai,Model A,2006,226248,Petrol,Automatic,9,20,500
2062,BMW,Model B,2022,25991,Petrol,Manual,7,20,17940
2063,Fiat,Model B,2025,0,Petrol,Manual,2,1,20564
2064,BMW,Model B,2021,37072,Diesel,Automatic,10,20,15119
2065,Dacia,Model C,2005,250000,Petrol,Automatic,11,10,4939
2066,Honda,Model B,2025,14132,Diesel,Manual,10,30,25227
2067,Mercedes,Model B,2016,117634,Petrol,Automatic,5,20,1969
2068,VW,Model A,2018,86375,Petrol,Automatic,10,1,6658
2069,Fiat,Model A,2015,139558,Petrol,Automatic,8,10,500
2070,Honda,Model B,2020,,Petrol,Automatic,7,10,6306
2071,VW,Model C,2025,16277,Petrol,Automatic,9,20,23494
2072,Dacia,Model C,2022,30231,Petrol,Automatic,8,1,12984
2073,Audi,Model B,2016,94782,Hybrid,Manual,10,20,8045
2074,Hyundai,Model B,2025,0,Hybrid,Automatic,12,20,26018
2075,Toyota,Model C,2025,0,Petrol,Manual,10,30,29470
2076,Toyota,Model A,2025,9886,Petrol,Automatic,6,1,24284
2077,Toyota,Model A,2017,25457,Hybrid,Automatic,6,10,13381
2078,Honda,Model B,2021,32504,Diesel,Manual,1,20,10196
2079,BMW,Model A,2025,10706,Petrol,Manual,2,10,25479
2080,Toyota,Model C,2025,4919,Diesel,Manual,3,20,19602
2081,Honda,Model A,2002,250000,Petrol,Automatic,12,10,500
2082,Ford,Model B,2006,235688,Petrol,Automatic,10,30,1799
2083,Ford,Model A,2022,24703,Petrol,Manual,2,30,14972
2084,Ford,Model A,2025,1141,Diesel,Automatic,7,10,26513
2085,Toyota,Model A,2022,37876,Petrol,Manual,3,20,10848
2086,Dacia,Model C,2022,22212,Petrol,Automatic,4,1,11308
2087,Toyota,Model A,2010,163430,Diesel,Manual,8,30,500
2088,Audi,Model A,2024,1789,Diesel,Manual,8,1,20090
2089,Ford,Model C,2025,30548,Petrol,Automatic,11,30,18856
2090,VW,Model A,2021,41808,Petrol,Automatic,3,1,10836
2091,BMW,Model B,2025,18493,Diesel,Manual,7,1,31438
2092,Audi,Model A,2025,0,Petrol,Manual,8,1,30597
2093,Hyundai,Model A,2016,121332,Petrol,Automatic,12,10,5103
2094,Honda,Model B,2022,49537,Petrol,Automatic,7,10,11414
2095,Toyota,Model B,2019,86288,Hybrid,Automatic,5,10,10062
2096,Dacia,Model A,2025,5817,Diesel,Automatic,4,10,20810
2097,BMW,Model C,2023,44660,Petrol,Automatic,3,10,16094
2098,Ford,Model B,2024,17675,Petrol,Manual,12,30,18720
2099,Toyota,Model B,2025,25702,Diesel,Automatic,8,1,26229
2100,BMW,Model A,2021,23701,Petrol,Manual,4,1,19515
2101,Audi,Model C,2025,5224,Petrol,Manual,10,1,29663
2102,Ford,Model B,2022,40249,Petrol,Automatic,4,10,15835
2103,BMW,Model C,2015,105952,Diesel,Automatic,7,1,500
2104,Ford,Model B,2024,20693,Petrol,Manual,1,20,20535
2105,Dacia,Model B,2025,0,Petrol,Automatic,11,1,24655
2106,Hyundai,Model A,2020,50187,Petrol,Automatic,12,20,6713
2107,Toyota,Model A,2025,0,Petrol,Manual,11,1,26015
2108,Mercedes,Model C,2025,23379,Petrol,Automatic,3,10,30266
2109,Honda,Model A,2019,68526,Petrol,Automatic,11,20,4893
2110,Toyota,Model B,2025,32503,Petrol,Automatic,5,1,27139
2111,Dacia,Model A,2014,144044,Petrol,Manual,12,10,2484
2112,Dacia,Model A,2016,114721,Petrol,Automatic,4,30,3933
2113,Toyota,Model C,2016,99206,Petrol,Automatic,2,10,5427
2114,Mercedes,Model C,2025,0,Petrol,Automatic,11,10,28640
2115,Fiat,Model A,2024,19844,Petrol,Manual,2,30,18956
2116,Hyundai,Model C,2015,118927,Diesel,Manual,7,20,4823
2117,Honda,Model B,2021,27910,Diesel,Automatic,5,1,10934
2118,Toyota,Model C,2023,1247,Petrol,Manual,10,20,21203
2119,Honda,Model B,2008,189619,Petrol,Automatic,10,10,500
2120,Fiat,Model A,2025,27314,Petrol,Automatic,10,20,23609
2121,Mercedes,Model A,2025,33199,Petrol,Manual,1,1,28700
2122,Hyundai,Model C,2022,39074,Petrol,Automatic,11,30,16833
2123,BMW,Model B,2025,2234,Petrol,Manual,6,30,31880
2124,Fiat,Model A,2021,42955,Petrol,Manual,3,1,8871
2125,Honda,Model A,2025,0,Diesel,Automatic,4,20,27942
2126,Audi,Model B,2024,32627,Diesel,Manual,12,1,21778
2127,BMW,Model A,2024,40103,Diesel,Automatic,1,1,22512
2128,Ford,Model A,2015,106598,Diesel,Automatic,11,20,706
2129,Audi,Model B,2025,0,Petrol,Manual,12,30,23193
2130,Ford,Model A,2021,41252,Diesel,Manual,4,10,10094
2131,Toyota,Model C,2015,34108,Petrol,Automatic,11,20,8485
2132,BMW,Model A,2001,250000,Petrol,Manual,3,10,1982
2133,Honda,Model C,2023,4320,Petrol,Manual,1,30,17079
2134,Ford,Model B,2022,42997,Petrol,Automatic,8,1,13634
2135,Honda,Model B,2025,10923,Petrol,Manual,9,20,20814
2136,Honda,Model B,2025,0,Petrol,Automatic,2,20,25872
2137,Ford,Model C,2007,229396,Hybrid,Automatic,7,20,500
2138,Honda,Model A,2025,2214,Diesel,Manual,5,20,22223
2139,Mercedes,Model B,2016,126256,Hybrid,Automatic,1,20,7452
2140,Mercedes,Model C,2025,0,Diesel,Manual,7,20,33670
2141,Mercedes,Model C,2025,,Hybrid,Automatic,8,1,31729
2142,VW,Model C,2023,22922,Petrol,Automatic,3,10,19773
2143,Honda,Model A,2025,0,Petrol,Manual,10,20,22237
2144,Toyota,Model B,2020,,Petrol,Automatic,1,10,8994
2145,Hyundai,Model C,2022,23796,Petrol,Automatic,7,10,17282
2146,Toyota,Model A,2025,14223,Diesel,Manual,4,20,27935
2147,Ford,Model C,2021,11219,Petrol,Manual,6,30,12887
2148,BMW,Model A,2020,47728,Petrol,Automatic,12,10,13354
2149,VW,Model C,2022,48262,Petrol,Automatic,9,30,16062
2150,VW,Model C,2025,,Petrol,Automatic,2,1,27165
2151,Hyundai,Model C,2020,28931,Diesel,Manual,12,30,7564
2152,Fiat,Model B,2015,114576,Petrol,Automatic,5,30,4540
2153,Hyundai,Model A,2025,0,Diesel,Automatic,5,30,23687
2154,Hyundai,Model A,2025,0,Hybrid,Manual,7,30,24370
2155,Toyota,Model A,2010,188601,Petrol,Automatic,3,1,500
2156,Toyota,Model A,2017,109139,Hybrid,Automatic,12,20,7888
2157,Dacia,Model A,2014,143832,Hybrid,Automatic,6,30,2107
2158,Fiat,Model B,2020,76631,Petrol,Manual,5,1,2286
2159,Honda,Model C,2021,66617,Diesel,Automatic,3,30,16238
2160,Toyota,Model B,2025,0,Petrol,Automatic,11,30,25653
2161,Fiat,Model C,2024,18756,Hybrid,Manual,12,10,18757
2162,Toyota,Model A,2024,4055,Petrol,Manual,11,30,22051
2163,Mercedes,Model C,2020,48788,Hybrid,Automatic,3,30,12150
2164,Ford,Model C,2025,8406,Petrol,Automatic,10,20,28907
2165,BMW,Model C,2022,10045,Diesel,Automatic,3,10,15654
2166,Toyota,Model C,2025,0,Petrol,Automatic,1,30,29062
2167,Hyundai,Model C,2024,21503,Petrol,Automatic,7,30,22215
2168,Toyota,Model B,2012,163316,Hybrid,Automatic,9,1,1908
2169,Dacia,Model A,2024,14050,Petrol,Manual,2,30,17320
2170,Dacia,Model B,2020,46801,Diesel,Automatic,8,1,7916
2171,Hyundai,Model A,2024,,Petrol,Automatic,11,1,22375
2172,Dacia,Model C,2006,238204,Hybrid,Automatic,3,1,1011
2173,Honda,Model A,2015,121279,Diesel,Manual,6,30,4261
2174,Ford,Model C,2025,0,Petrol,Automatic,7,10,28023
2175,Hyundai,Model C,2017,89621,Diesel,Manual,11,1,4327
2176,Honda,Model C,2025,12567,Petrol,Automatic,10,30,28751
2177,Toyota,Model B,2019,91907,Diesel,Manual,10,20,8762
2178,Ford,Model C,2024,7101,Petrol,Automatic,9,30,19850
2179,VW,Model B,2024,8254,Petrol,Automatic,8,1,22292
2180,Hyundai,Model B,2022,33574,Diesel,Manual,7,1,8576
2181,VW,Model C,2020,64123,Petrol,Automatic,5,10,13806
2182,VW,Model B,2017,87283,Petrol,Automatic,7,20,4005
2183,VW,Model B,2003,220587,Diesel,Automatic,11,10,500
2184,Honda,Model B,2020,77891,Petrol,Automatic,8,1,12825
2185,Mercedes,Model C,2024,38920,Petrol,Manual,12,1,24038
2186,Hyundai,Model C,2025,0,Petrol,Automatic,2,1,22749
2187,BMW,Model C,2025,0,Petrol,Automatic,6,30,28940
2188,Dacia,Model B,2025,0,Petrol,Automatic,3,1,18648
2189,Hyundai,Model A,2025,,Petrol,Automatic,5,1,26500
2190,VW,Model B,2024,26932,Petrol,Automatic,10,10,27449
2191,Dacia,Model A,2018,84819,Diesel,Automatic,11,30,4048
2192,Ford,Model C,2025,0,Petrol,Automatic,1,1,22053
2193,BMW,Model C,2024,0,Petrol,Manual,12,1,16883
2194,Ford,Model A,2023,36984,Petrol,Automatic,11,10,15207
2195,Audi,Model A,2011,53097,Petrol,Manual,12,1,758
2196,Toyota,Model B,2021,63908,Petrol,Manual,5,1,17026
2197,Honda,Model C,2022,21477,Diesel,Automatic,7,1,18793
2198,Hyundai,Model A,2025,27576,Petrol,Automatic,3,20,25606
2199,Honda,Model B,2023,0,Petrol,Automatic,5,1,20384
2200,Honda,Model C,2021,58644,Petrol,Automatic,2,20,12746
2201,Toyota,Model B,2025,0,Petrol,Manual,11,30,29267
2202,Honda,Model B,2011,156145,Diesel,Manual,8,10,2509
2203,Audi,Model A,2021,71415,Petrol,Automatic,2,10,11446
2204,Audi,Model B,2004,250000,Petrol,Automatic,11,1,500
2205,Hyundai,Model A,2025,0,Petrol,Manual,2,20,22653
2206,Toyota,Model B,2025,0,Hybrid,Automatic,12,1,25716
2207,BMW,Model A,2019,73509,Petrol,Manual,2,30,12653
2208,Toyota,Model B,2025,7712,Petrol,Automatic,9,1,29557
2209,Ford,Model B,2019,90773,Petrol,Automatic,9,1,9419
2210,Hyundai,Model B,2025,0,Diesel,Manual,10,1,23546
2211,Dacia,Model A,2025,0,Petrol,Automatic,8,30,18734
2212,VW,Model B,2025,2354,Petrol,Manual,5,30,26962
2213,Toyota,Model C,2001,250000,Diesel,Automatic,4,20,500
2214,Toyota,Model A,2025,0,Petrol,Manual,12,30,25153
2215,Mercedes,Model B,2025,4465,Hybrid,Manual,6,10,28799
2216,Ford,Model C,2020,56803,Petrol,Automatic,11,1,8108
2217,Honda,Model A,2025,4597,Petrol,Automatic,10,10,28950
2218,VW,Model B,2019,58583,Hybrid,Manual,9,1,9274
2219,Audi,Model A,2025,7300,Petrol,Manual,12,30,24816
2220,Toyota,Model A,2011,148243,Diesel,Manual,8,30,500
2221,Toyota,Model B,2025,0,Diesel,Manual,10,10,31563
2222,Hyundai,Model C,2023,20356,Petrol,Automatic,11,30,16815
2223,Mercedes,Model A,2009,218127,Petrol,Manual,1,30,2722
2224,Ford,Model B,2018,95772,Petrol,Automatic,12,30,1342
2225,BMW,Model B,2001,250000,Petrol,Automatic,4,30,500
2226,Honda,Model A,2022,57256,Petrol,Automatic,9,20,14521
2227,BMW,Model A,2020,114042,Diesel,Manual,12,10,11259
2228,Mercedes,Model C,2023,,Petrol,Automatic,10,30,16448
2229,Mercedes,Model C,2019,93306,Petrol,Manual,3,1,9935
2230,Toyota,Model C,2019,87189,Petrol,Manual,5,10,3560
2231,Toyota,Model A,2025,14940,Petrol,Manual,6,1,23381
2232,Hyundai,Model B,2004,75000,Diesel,Automatic,8,10,500
2233,Audi,Model A,2025,0,Petrol,Automatic,8,20,27886
2234,BMW,Model A,2025,0,Petrol,Automatic,10,30,29374
2235,Ford,Model A,2024,16796,Hybrid,Manual,11,10,16784
2236,VW,Model A,2023,21259,Petrol,Automatic,2,30,19217
2237,Toyota,Model C,2025,4777,Petrol,Manual,4,1,20262
2238,Ford,Model B,2016,131441,Petrol,Automatic,5,10,500
2239,Hyundai,Model C,2007,208827,Petrol,Manual,1,20,1685
2240,Toyota,Model B,2017,91429,Petrol,Automatic,6,1,3905
2241,Honda,Model C,2025,2614,Petrol,Manual,5,1,20961
2242,Mercedes,Model A,2003,250000,Hybrid,Automatic,7,1,1237
2243,BMW,Model C,2023,0,Petrol,Automatic,2,30,20704
2244,Dacia,Model A,2025,0,Petrol,Manual,6,20,14739
2245,Toyota,Model B,2025,10310,Petrol,Automatic,8,20,29606
2246,Audi,Model C,2022,57563,Petrol,Manual,11,10,20879
2247,Dacia,Model C,2006,210680,Petrol,Automatic,10,1,500
2248,VW,Model A,2025,0,Petrol,Automatic,6,30,25604
2249,Ford,Model A,2023,24453,Petrol,Automatic,5,10,15647
2250,VW,Model A,2011,136866,Petrol,Manual,1,10,2586
2251,VW,Model B,2009,185325,Hybrid,Manual,2,30,795
2252,Hyundai,Model A,2025,0,Petrol,Automatic,11,1,21848
2253,BMW,Model B,2024,32535,Petrol,Automatic,11,10,21790
2254,Toyota,Model C,2025,0,Petrol,Manual,1,20,22048
2255,Toyota,Model C,2025,7437,Diesel,Manual,12,10,23155
2256,BMW,Model B,2023,40702,Diesel,Manual,8,1,21632
2257,Toyota,Model B,2022,26305,Petrol,Manual,11,20,14236
2258,Ford,Model A,2021,31920,Petrol,Automatic,7,1,10916
2259,Mercedes,Model A,2020,,Diesel,Manual,2,1,14618
2260,Toyota,Model B,2021,46430,Hybrid,Manual,5,1,13544
2261,Ford,Model A,2025,5192,Petrol,Automatic,6,10,20631
2262,Ford,Model B,2023,12351,Diesel,Manual,10,30,17176
2263,Fiat,Model C,2025,11195,Diesel,Manual,11,30,21008
2264,Hyundai,Model C,2021,51979,Petrol,Manual,10,30,9638
2265,Dacia,Model C,2023,18894,Petrol,Automatic,6,20,13330
2266,Ford,Model B,2024,395,Petrol,Automatic,9,20,22986
2267,VW,Model C,2023,21226,Petrol,Automatic,4,1,27611
2268,Fiat,Model A,2025,0,Petrol,Automatic,12,30,21884
2269,Hyundai,Model C,2017,96876,Hybrid,Manual,3,30,2413
2270,VW,Model C,2022,37281,Petrol,Automatic,10,20,14109
2271,Honda,Model B,2010,183925,Petrol,Manual,2,30,5464
2272,Audi,Model A,2021,74493,Petrol,Automatic,4,30,18172
2273,Fiat,Model C,2022,34013,Petrol,Automatic,10,20,15014
2274,Hyundai,Model B,2024,27068,Diesel,Automatic,10,30,25780
2275,Hyundai,Model B,2025,3443,Petrol,Automatic,2,1,24550
2276,Mercedes,Model C,2023,20426,Petrol,Automatic,9,30,24321
2277,Toyota,Model A,2025,0,Petrol,Manual,3,20,27550
2278,Toyota,Model B,2022,35117,Petrol,Manual,12,1,13665
2279,Hyundai,Model C,2024,16196,Diesel,Automatic,8,30,25151
2280,Fiat,Model A,2007,201610,Petrol,Automatic,1,30,1567
2281,Toyota,Model A,2018,62019,Petrol,Manual,3,10,3740
2282,VW,Model C,2020,69814,Petrol,Manual,3,10,10304
2283,BMW,Model B,2022,49471,Petrol,Automatic,4,30,19954
2284,Toyota,Model C,2004,250000,Petrol,Automatic,7,20,500
2285,Honda,Model A,2014,134324,Petrol,Automatic,3,10,924
2286,Hyundai,Model B,2019,83508,Petrol,Automatic,6,30,13257
2287,Fiat,Model C,2025,10701,Petrol,Automatic,3,30,20487
2288,Toyota,Model C,2020,71814,Petrol,Automatic,9,1,6759
2289,Honda,Model A,2022,23106,Petrol,Manual,8,30,18190
2290,Ford,Model C,2016,91545,Petrol,Automatic,8,20,10977
2291,Toyota,Model B,2023,18171,Petrol,Manual,12,10,16854
2292,Dacia,Model B,2019,71739,Petrol,Automatic,5,10,5581
2293,Fiat,Model B,2016,104371,Petrol,Manual,3,1,5471
2294,Toyota,Model C,2022,7849,Petrol,Manual,12,1,15541
2295,Honda,Model A,2000,250000,Petrol,Manual,1,30,500
2296,Audi,Model B,2000,250000,Petrol,Manual,11,10,500
2297,Honda,Model B,2017,98590,Petrol,Manual,3,30,7349
2298,VW,Model B,2003,250000,Diesel,Automatic,9,1,570
2299,BMW,Model A,2010,144825,Petrol,Automatic,6,30,6447
2300,Fiat,Model A,2020,52324,Petrol,Manual,11,1,7544
2301,Ford,Model A,2025,0,Petrol,Manual,10,30,21934
2302,Dacia,Model A,2023,18955,Diesel,Automatic,3,10,18201
2303,BMW,Model A,2022,,Diesel,Manual,9,1,13738
2304,Hyundai,Model C,2019,93707,Petrol,Automatic,3,30,10589
2305,Hyundai,Model A,2025,10101,Petrol,Automatic,3,30,26713
2306,Mercedes,Model B,2021,62370,Petrol,Manual,2,10,17917
2307,Toyota,Model C,2008,204706,Petrol,Automatic,2,1,1392
2308,Fiat,Model A,2023,3009,Petrol,Automatic,9,30,14681
2309,Honda,Model B,2011,136804,Diesel,Automatic,12,1,500
2310,Toyota,Model A,2020,37058,Hybrid,Manual,9,30,9512
2311,Fiat,Model B,2022,41396,Petrol,Manual,9,1,11748
2312,BMW,Model B,2025,476,Diesel,Automatic,10,10,30452
2313,Honda,Model C,2022,32847,Petrol,Automatic,12,30,18625
2314,VW,Model A,2025,0,Petrol,Automatic,4,30,26798
2315,Ford,Model B,2025,30175,Petrol,Manual,8,30,17747
2316,Audi,Model A,2013,131656,Petrol,Manual,3,1,500
2317,Ford,Model A,2019,85917,Hybrid,Automatic,7,20,11002
2318,VW,Model B,2021,48028,Diesel,Manual,3,1,1220
2319,Ford,Model A,2021,47085,Petrol,Manual,1,30,14615
2320,VW,Model C,2021,65649,Diesel,Automatic,2,1,16466
2321,Audi,Model C,2025,21937,Diesel,Automatic,12,1,33010
2322,Hyundai,Model C,2025,0,Petrol,Automatic,1,1,25531
2323,Honda,Model B,2023,35988,Petrol,Automatic,9,30,15368
2324,Dacia,Model A,2020,65458,Diesel,Automatic,12,1,8467
2325,BMW,Model B,2025,111,Diesel,Automatic,5,30,33501
2326,Toyota,Model B,2025,,Hybrid,Automatic,9,30,30808
2327,Mercedes,Model A,2025,0,Petrol,Automatic,5,1,29546
2328,Ford,Model C,2000,250000,Petrol,Manual,7,30,500
2329,Audi,Model A,2024,3290,Diesel,Manual,12,30,24784
2330,VW,Model A,2005,250000,Petrol,Manual,1,1,500
2331,Fiat,Model B,2018,82571,Diesel,Manual,4,30,7043
2332,Audi,Model C,2005,220534,Petrol,Manual,2,1,500
2333,Mercedes,Model C,2023,13148,Petrol,Automatic,7,30,20267
2334,Fiat,Model C,2024,0,Petrol,Automatic,10,20,17145
2335,Toyota,Model B,2011,,Petrol,Automatic,12,20,500
2336,Honda,Model A,2021,,Petrol,Automatic,2,30,15513
2337,Audi,Model A,2021,45957,Diesel,Manual,1,1,17376
2338,Toyota,Model C,2020,89702,Petrol,Automatic,2,20,8218
2339,Audi,Model C,2012,164623,Petrol,Manual,12,1,500
2340,VW,Model A,2021,,Hybrid,Automatic,5,1,14693
2341,Honda,Model B,2025,0,Petrol,Automatic,4,20,28286
2342,Hyundai,Model C,2007,210530,Petrol,Manual,10,1,500
2343,Toyota,Model C,2008,196700,Petrol,Automatic,2,20,500
2344,Honda,Model C,2020,48208,Petrol,Automatic,5,10,12214
2345,Audi,Model B,2025,0,Petrol,Automatic,2,10,36691
2346,Dacia,Model A,2024,0,Hybrid,Automatic,12,1,15895
2347,Honda,Model B,2024,0,Petrol,Manual,4,10,19762
2348,Mercedes,Model A,2020,73111,Diesel,Manual,4,20,12277
2349,Audi,Model A,2023,21856,Petrol,Automatic,8,30,25223
2350,BMW,Model B,2001,250000,Hybrid,Manual,1,10,500
2351,BMW,Model B,2024,11918,Petrol,Manual,9,30,23396
2352,Honda,Model A,2025,17510,Petrol,Automatic,6,1,27553
2353,Toyota,Model B,2023,24063,Diesel,Automatic,3,20,21357
2354,Dacia,Model B,2025,8105,Diesel,Manual,7,30,17451
2355,Mercedes,Model B,2025,0,Petrol,Manual,12,1,27141
2356,Hyundai,Model B,2012,146720,Petrol,Automatic,11,1,500
2357,Toyota,Model C,2025,5309,Petrol,Automatic,12,1,26389
2358,Audi,Model B,2006,250000,Petrol,Automatic,12,1,500
2359,Dacia,Model A,2022,57446,Diesel,Automatic,11,20,9122
2360,Hyundai,Model B,2014,140742,Petrol,Automatic,5,1,4537
2361,Ford,Model C,2001,250000,Petrol,Manual,10,1,500
2362,VW,Model A,2021,69016,Petrol,Manual,5,1,15524
2363,Dacia,Model C,2019,83920,Hybrid,Manual,6,10,7225
2364,Ford,Model A,2022,1595,Diesel,Automatic,11,30,16203
2365,Mercedes,Model C,2023,8191,Petrol,Automatic,3,20,24576
2366,BMW,Model C,2004,250000,Diesel,Automatic,4,10,500
2367,VW,Model C,2012,129195,Diesel,Automatic,12,10,500
2368,VW,Model B,2023,10536,Petrol,Automatic,9,20,18070
2369,VW,Model A,2020,49502,Petrol,Automatic,1,1,9302
2370,Mercedes,Model A,2025,0,Diesel,Automatic,2,30,30976
2371,Dacia,Model A,2024,7688,Petrol,Manual,8,30,16555
2372,Ford,Model B,2025,0,Diesel,Manual,10,10,23086
2373,Ford,Model C,2024,24379,Petrol,Automatic,10,10,26235
2374,BMW,Model B,2021,44021,Hybrid,Manual,6,30,17104
2375,Dacia,Model B,2024,6230,Petrol,Manual,4,1,12953
2376,Ford,Model B,2019,51762,Petrol,Automatic,10,20,7842
2377,Ford,Model A,2020,75365,Diesel,Automatic,12,30,9518
2378,Dacia,Model B,2025,0,Petrol,Manual,6,10,18949
2379,Fiat,Model C,2021,31694,Petrol,Automatic,2,1,12415
2380,Audi,Model A,2025,3196,Petrol,Manual,8,30,34214
2381,Dacia,Model B,2025,0,Petrol,Automatic,1,10,22251
2382,VW,Model B,2025,0,Petrol,Automatic,8,10,27678
2383,BMW,Model A,2025,3876,Petrol,Automatic,3,10,32377
2384,Audi,Model B,2021,43102,Diesel,Manual,7,20,15603
2385,Toyota,Model B,2020,,Petrol,Manual,8,20,9336
2386,Ford,Model B,2023,22877,Petrol,Automatic,6,10,19719
2387,VW,Model C,2020,69267,Petrol,Automatic,11,30,10497
2388,Audi,Model A,2023,0,Hybrid,Automatic,5,1,23387
2389,Hyundai,Model C,2025,0,Diesel,Manual,2,30,20056
2390,Hyundai,Model C,2024,0,Petrol,Manual,6,10,18712
2391,Ford,Model B,2020,45684,Petrol,Automatic,12,1,6285
2392,Fiat,Model C,2015,126233,Petrol,Manual,12,1,1738
2393,Hyundai,Model B,2021,63533,Petrol,Manual,4,30,9079
2394,Audi,Model A,2014,137169,Petrol,Automatic,4,30,2590
2395,Hyundai,Model C,2025,0,Petrol,Automatic,7,30,25527
2396,Dacia,Model C,2020,50537,Petrol,Automatic,9,20,7144
2397,Mercedes,Model A,2015,136703,Petrol,Manual,12,20,500
2398,Dacia,Model B,2002,250000,Petrol,Automatic,8,10,645
2399,BMW,Model B,2024,14025,Petrol,Manual,11,20,23186
2400,Honda,Model C,2024,26090,Petrol,Manual,9,1,19896
2401,Hyundai,Model A,2020,65150,Diesel,Manual,2,10,12844
2402,Hyundai,Model A,2007,227332,Petrol,Automatic,12,1,500
2403,VW,Model C,2021,,Petrol,Manual,3,1,19169
2404,Honda,Model B,2020,52677,Petrol,Automatic,5,1,7341
2405,VW,Model C,2024,17932,Petrol,Manual,11,20,20285
2406,VW,Model C,2023,42187,Petrol,Automatic,12,1,15468
2407,Honda,Model A,2020,47727,Diesel,Manual,4,1,9209
2408,Ford,Model C,2017,65500,Petrol,Manual,5,10,7519
2409,Hyundai,Model B,2025,0,Petrol,Manual,7,30,21740
2410,Toyota,Model C,2021,,Petrol,Automatic,7,30,13483
2411,Honda,Model B,2024,0,Petrol,Automatic,10,20,24052
2412,BMW,Model B,2014,114346,Diesel,Automatic,11,1,500
2413,VW,Model A,2022,38338,Petrol,Automatic,12,1,11912
2414,Mercedes,Model C,2002,250000,Petrol,Automatic,11,30,2049
2415,Honda,Model B,2022,44916,Petrol,Manual,4,20,13626
2416,Audi,Model A,2025,0,Petrol,Manual,5,20,32293
2417,BMW,Model C,2021,43125,Diesel,Automatic,8,20,19002
2418,Honda,Model A,2003,250000,Hybrid,Manual,9,1,500
2419,Toyota,Model B,2003,246106,Petrol,Manual,2,30,532
2420,Toyota,Model A,2021,70153,Diesel,Manual,5,30,14905
2421,Audi,Model C,2015,103988,Petrol,Manual,3,10,4647
2422,Dacia,Model A,2002,250000,Petrol,Manual,7,1,500
2423,BMW,Model A,2025,,Petrol,Automatic,3,10,32994
2424,Fiat,Model C,2021,30826,Diesel,Manual,8,30,9304
2425,VW,Model A,2019,64546,Petrol,Automatic,6,1,7949
2426,Mercedes,Model C,2025,8173,Petrol,Manual,6,30,27610
2427,Honda,Model C,2011,167897,Petrol,Manual,9,30,627
2428,Dacia,Model B,2025,16777,Diesel,Automatic,6,30,21790
2429,Ford,Model B,2020,81536,Petrol,Manual,5,10,10717
2430,Mercedes,Model B,2025,0,Petrol,Automatic,9,10,34676
2431,Honda,Model A,2023,5155,Petrol,Automatic,1,30,18715
2432,Honda,Model B,2025,0,Petrol,Automatic,6,10,23523
2433,Hyundai,Model A,2025,0,Petrol,Manual,3,10,26929
2434,Fiat,Model C,2019,88563,Petrol,Automatic,1,30,4793
2435,BMW,Model B,2025,2521,Petrol,Manual,1,30,27287
2436,Toyota,Model C,2021,39824,Petrol,Manual,3,20,11431
2437,Toyota,Model B,2021,47833,Diesel,Manual,6,10,9790
2438,Dacia,Model B,2020,81064,Diesel,Manual,8,10,9953
2439,Ford,Model B,2023,52620,Petrol,Automatic,10,1,16309
2440,Fiat,Model A,2015,123890,Petrol,Automatic,8,10,975
2441,Toyota,Model A,2023,0,Petrol,Automatic,7,10,19384
2442,VW,Model A,2023,28459,Petrol,Automatic,1,20,16990
2443,Toyota,Model C,2025,14021,Petrol,Automatic,4,1,24521
2444,Fiat,Model B,2025,3369,Diesel,Automatic,9,20,18653
2445,Honda,Model C,2021,58897,Petrol,Manual,4,20,11674
2446,Hyundai,Model C,2020,19606,Diesel,Automatic,8,30,7645
2447,Audi,Model C,2018,65480,Petrol,Manual,8,20,13038
2448,VW,Model C,2016,94706,Petrol,Automatic,4,10,8579
2449,Toyota,Model A,2005,235182,Diesel,Manual,8,30,686
2450,BMW,Model A,2020,75981,Petrol,Automatic,2,30,11435
2451,Toyota,Model A,2019,60511,Petrol,Manual,10,1,7650
2452,Ford,Model A,2025,6838,Petrol,Automatic,1,1,19837
2453,Mercedes,Model B,2023,28555,Petrol,Automatic,1,10,22118
2454,Mercedes,Model A,2020,83792,Diesel,Automatic,11,1,6778
2455,Honda,Model A,2023,23374,Petrol,Automatic,8,30,26033
2456,Toyota,Model B,2013,117678,Petrol,Manual,3,30,10890
2457,Honda,Model A,2021,57703,Diesel,Automatic,8,30,18480
2458,Honda,Model C,2024,44070,Petrol,Automatic,5,10,15164
2459,Mercedes,Model A,2022,46685,Petrol,Manual,4,1,17970
2460,Mercedes,Model C,2021,36185,Hybrid,Automatic,11,30,15738
2461,Hyundai,Model A,2025,0,Petrol,Automatic,6,1,27585
2462,Mercedes,Model C,2025,0,Petrol,Automatic,4,10,29344
2463,VW,Model A,2024,42049,Diesel,Automatic,12,30,19051
2464,Toyota,Model B,2023,19090,Petrol,Automatic,3,10,21105
2465,Dacia,Model C,2024,2060,Diesel,Manual,2,30,16714
2466,BMW,Model A,2016,105623,Petrol,Automatic,2,30,4966
2467,Hyundai,Model C,2021,12973,Diesel,Manual,2,1,8112
2468,Honda,Model C,2003,250000,Petrol,Manual,4,30,500
2469,BMW,Model A,2022,20782,Petrol,Manual,9,1,14724
2470,Audi,Model A,2023,41709,Petrol,Automatic,9,20,26134
2471,Toyota,Model B,2017,29349,Petrol,Automatic,10,20,4421
2472,Toyota,Model A,2025,18105,Petrol,Automatic,8,1,29164
2473,Toyota,Model A,2025,23739,Diesel,Manual,7,30,23490
2474,Fiat,Model A,2025,1271,Diesel,Manual,6,20,18446
2475,Toyota,Model C,2022,31274,Diesel,Automatic,11,1,16801
2476,Toyota,Model A,2025,992,Hybrid,Manual,5,20,24071
2477,Hyundai,Model B,2013,142578,Diesel,Automatic,12,20,2447
2478,Hyundai,Model B,2025,0,Diesel,Manual,4,30,25727
2479,BMW,Model A,2012,179287,Diesel,Manual,2,30,3507
2480,VW,Model C,2025,3686,Petrol,Manual,4,20,22793
2481,Honda,Model B,2019,54553,Diesel,Manual,7,20,15334
2482,Mercedes,Model A,2025,0,Diesel,Automatic,12,10,33658
2483,Audi,Model C,2025,0,Petrol,Automatic,3,1,28495
2484,BMW,Model B,2014,143557,Hybrid,Automatic,8,30,4639
2485,Toyota,Model C,2022,26715,Petrol,Manual,3,30,15208
2486,Audi,Model B,2025,0,Petrol,Manual,9,30,26652
2487,Toyota,Model A,2022,43322,Petrol,Automatic,6,30,14085
2488,Ford,Model A,2025,0,Petrol,Automatic,10,30,24368
2489,VW,Model A,2023,32197,Petrol,Automatic,11,1,21024
2490,Ford,Model C,2020,61428,Petrol,Automatic,5,1,10626
2491,VW,Model B,2019,70738,Diesel,Automatic,12,1,1465
2492,Fiat,Model B,2016,84408,Diesel,Manual,6,20,7274
2493,Fiat,Model A,2025,0,Diesel,Automatic,12,30,24607
2494,Fiat,Model B,2021,57038,Petrol,Manual,3,1,10792
2495,Mercedes,Model A,2022,25769,Petrol,Automatic,12,1,21851
2496,Audi,Model A,2022,54080,Diesel,Manual,5,30,13744
2497,Honda,Model A,2023,59196,Petrol,Manual,10,30,17203
2498,Toyota,Model C,2025,9845,Petrol,Automatic,12,30,28941
2499,Mercedes,Model C,2025,22392,Petrol,Manual,12,20,25093
2500,Toyota,Model C,2021,58810,Petrol,Automatic,6,10,10896
2501,Dacia,Model B,2025,0,Hybrid,Manual,5,1,15306
2502,Toyota,Model A,2025,3002,Diesel,Manual,8,20,23868
2503,Toyota,Model C,2023,54199,Petrol,Manual,9,30,18558
2504,BMW,Model C,2025,0,Petrol,Automatic,7,1,29402
2505,VW,Model B,2016,92410,Petrol,Automatic,11,10,5259
2506,Toyota,Model C,2010,162987,Petrol,Automatic,1,30,4839
2507,Mercedes,Model C,2025,0,Petrol,Automatic,8,10,33396
2508,Dacia,Model C,2021,32947,Petrol,Manual,7,30,7074
2509,Hyundai,Model C,2025,25110,Hybrid,Automatic,1,30,26872
2510,VW,Model A,2025,3245,Diesel,Automatic,1,30,25658
2511,Dacia,Model A,2006,242575,Diesel,Automatic,8,20,666
2512,Toyota,Model A,2025,0,Diesel,Manual,2,20,22349
2513,VW,Model C,2021,30897,Petrol,Manual,10,10,8957
2514,Audi,Model A,2022,16359,Petrol,Automatic,12,1,19988
2515,VW,Model B,2024,0,Petrol,Automatic,3,30,22324
2516,BMW,Model A,2025,5212,Diesel,Automatic,10,10,29410
2517,Mercedes,Model C,2001,250000,Hybrid,Automatic,8,30,3728
2518,Toyota,Model A,2022,45047,Petrol,Manual,6,30,14750
2519,BMW,Model A,2024,0,Petrol,Manual,9,1,28470
2520,Honda,Model B,2025,0,Petrol,Manual,11,20,26566
2521,Honda,Model B,2024,0,Petrol,Manual,12,1,22981
2522,Ford,Model C,2013,150021,Petrol,Manual,9,30,2469
2523,Mercedes,Model A,2019,79186,Hybrid,Manual,10,30,12774
2524,Mercedes,Model B,2020,42417,Petrol,Manual,8,30,8221
2525,Ford,Model A,2025,14520,Hybrid,Manual,8,1,18768
2526,VW,Model B,2019,107082,Petrol,Automatic,1,10,9592
2527,BMW,Model A,2017,108522,Petrol,Manual,2,1,9589
2528,Honda,Model B,2025,0,Petrol,Automatic,5,30,26514
2529,Hyundai,Model B,2000,250000,Diesel,Manual,9,30,1654
2530,BMW,Model A,2025,0,Petrol,Automatic,1,1,26662
2531,Toyota,Model C,2024,588,Diesel,Automatic,7,20,23999
2532,Toyota,Model B,2025,3785,Petrol,Automatic,1,30,31299
2533,Fiat,Model C,2019,54923,Diesel,Manual,10,20,9009
2534,Mercedes,Model B,2001,250000,Petrol,Manual,9,20,500
2535,Toyota,Model C,2025,3294,Petrol,Manual,7,10,26865
2536,Fiat,Model C,2025,318,Petrol,Automatic,8,30,23080
2537,Toyota,Model B,2025,0,Petrol,Automatic,12,1,23410
2538,Honda,Model B,2014,112759,Petrol,Automatic,12,30,3338
2539,BMW,Model A,2025,4346,Petrol,Manual,10,10,30770
2540,Dacia,Model B,2025,0,Diesel,Manual,5,30,17028
2541,Hyundai,Model C,2024,9915,Diesel,Manual,2,30,19119
2542,Ford,Model A,2025,26474,Petrol,Manual,5,30,20161
2543,BMW,Model A,2025,9767,Hybrid,Manual,10,10,26193
2544,BMW,Model A,2023,3463,Hybrid,Automatic,8,10,21515
2545,Honda,Model A,2008,184877,Hybrid,Automatic,9,1,2878
2546,Toyota,Model C,2022,38277,Petrol,Manual,2,30,14497
2547,Ford,Model B,2007,195370,Petrol,Automatic,2,10,1830
2548,Ford,Model C,2021,17974,Petrol,Manual,9,30,11880
2549,Hyundai,Model C,2021,55985,Petrol,Manual,5,20,11448
2550,Toyota,Model B,2006,232814,Petrol,Automatic,5,1,500
2551,Ford,Model A,2020,66758,Petrol,Automatic,5,30,10977
2552,Hyundai,Model C,2011,171945,Petrol,Automatic,10,30,500
2553,Honda,Model A,2025,0,Petrol,Manual,9,30,27737
2554,Hyundai,Model B,2025,0,Petrol,Automatic,2,10,26620
2555,Mercedes,Model A,2007,223742,Petrol,Automatic,5,30,500
2556,VW,Model B,2025,22948,Petrol,Manual,9,30,21843
2557,Dacia,Model A,2022,28481,Petrol,Automatic,12,30,12678
2558,Toyota,Model B,2019,56688,Petrol,Automatic,12,30,15379
2559,Toyota,Model B,2007,198973,Petrol,Automatic,4,1,2592
2560,BMW,Model B,2022,22999,Diesel,Automatic,1,30,22683
2561,Ford,Model A,2025,3038,Petrol,Manual,8,1,21738
2562,Ford,Model C,2025,0,Petrol,Manual,6,1,21730
2563,BMW,Model A,2005,246587,Diesel,Automatic,3,20,500
2564,Hyundai,Model A,2007,225658,Petrol,Manual,9,10,500
2565,Hyundai,Model A,2021,21028,Petrol,Automatic,3,10,13387
2566,Fiat,Model A,2019,57312,Petrol,Manual,5,30,4853
2567,Honda,Model C,2017,97195,Petrol,Manual,10,30,5443
2568,Honda,Model C,2019,69847,Petrol,Automatic,9,30,9928
2569,Fiat,Model B,2025,7794,Petrol,Automatic,8,30,24729
2570,Toyota,Model C,2025,0,Petrol,Automatic,12,30,26920
2571,VW,Model B,2021,66971,Petrol,Manual,2,20,12306
2572,Ford,Model C,2025,0,Petrol,Automatic,9,10,27408
2573,Toyota,Model B,2020,45254,Diesel,Automatic,2,20,7762
2574,BMW,Model A,2022,20048,Petrol,Automatic,2,1,18828
2575,BMW,Model C,2017,107032,Petrol,Automatic,7,1,7623
2576,Toyota,Model B,2024,12444,Diesel,Manual,1,10,19362
2577,Honda,Model C,2025,9505,Petrol,Manual,7,1,21025
2578,Hyundai,Model C,2023,33196,Petrol,Manual,1,1,18012
2579,Toyota,Model A,2020,29702,Petrol,Automatic,8,30,15610
2580,Toyota,Model C,2024,0,Petrol,Automatic,4,1,24270
2581,Honda,Model C,2012,140690,Petrol,Automatic,2,1,6464
2582,Audi,Model A,2025,0,Petrol,Manual,10,10,29350
2583,BMW,Model C,2022,29694,Petrol,Automatic,5,10,17902
2584,Mercedes,Model A,2021,62987,Hybrid,Manual,6,30,16230
2585,Toyota,Model B,2023,41977,Petrol,Automatic,5,30,19240
2586,BMW,Model C,2024,7606,Petrol,Manual,2,1,25102
2587,Audi,Model A,2007,212230,Hybrid,Manual,6,20,500
2588,Hyundai,Model C,2024,1418,Petrol,Manual,9,10,20691
2589,Audi,Model A,2018,85337,Petrol,Automatic,12,20,6118
2590,Mercedes,Model A,2025,3037,Hybrid,Automatic,10,30,27674
2591,Dacia,Model B,2025,12097,Petrol,Manual,1,10,16698
2592,Ford,Model C,2025,11976,Petrol,Manual,3,10,23903
2593,BMW,Model C,2023,0,Petrol,Automatic,1,1,20757
2594,BMW,Model A,2022,33711,Diesel,Automatic,2,1,11237
2595,Ford,Model B,2014,152761,Petrol,Manual,7,30,500
2596,Honda,Model C,2025,0,Petrol,Manual,3,30,21896
2597,BMW,Model C,2019,89088,Petrol,Automatic,9,30,7130
2598,Audi,Model A,2022,,Petrol,Automatic,1,30,18469
2599,Fiat,Model C,2019,22387,Petrol,Manual,11,1,8812
2600,Ford,Model B,2013,126946,Petrol,Manual,9,1,3615
2601,Honda,Model C,2024,0,Petrol,Automatic,12,1,24398
2602,Audi,Model C,2005,75000,Petrol,Automatic,12,1,3226
2603,Mercedes,Model A,2025,13227,Petrol,Manual,9,1,29106
2604,Toyota,Model A,2020,60396,Petrol,Automatic,2,1,10089
2605,Fiat,Model B,2000,250000,Petrol,Automatic,3,10,500
2606,BMW,Model C,2022,36657,Petrol,Manual,4,30,17425
2607,Dacia,Model A,2004,250000,Hybrid,Automatic,6,10,500
2608,Audi,Model B,2019,98142,Petrol,Automatic,8,20,4316
2609,Toyota,Model B,2025,0,Petrol,Automatic,9,10,27283
2610,BMW,Model C,2006,203101,Petrol,Manual,1,1,500
2611,Ford,Model B,2025,12605,Petrol,Automatic,8,30,23964
2612,Honda,Model C,2000,250000,Hybrid,Automatic,1,10,500
2613,VW,Model A,2018,98145,Petrol,Automatic,11,20,6413
2614,Honda,Model C,2025,4216,Petrol,Automatic,1,10,25060
2615,Toyota,Model B,2020,46748,Petrol,Manual,5,30,12808
2616,VW,Model C,2010,180873,Diesel,Manual,6,30,2016
2617,BMW,Model A,2020,79625,Petrol,Manual,8,20,10771
2618,Honda,Model A,2019,69762,Diesel,Automatic,2,30,13700
2619,Mercedes,Model B,2025,0,Petrol,Automatic,12,10,22139
2620,Honda,Model A,2020,36170,Petrol,Automatic,5,30,16271
2621,Hyundai,Model C,2025,0,Petrol,Automatic,5,1,22954
2622,Mercedes,Model C,2025,0,Hybrid,Automatic,4,20,32909
2623,Dacia,Model A,2021,60299,Petrol,Automatic,10,30,7232
2624,Fiat,Model B,2025,0,Petrol,Manual,1,20,20598
2625,Toyota,Model B,2020,83306,Petrol,Manual,2,1,8503
2626,BMW,Model A,2025,0,Hybrid,Manual,6,30,29503
2627,Hyundai,Model B,2008,238972,Petrol,Automatic,12,1,500
2628,Fiat,Model C,2024,37882,Hybrid,Manual,1,1,15725
2629,Mercedes,Model B,2022,38117,Petrol,Automatic,1,30,20567
2630,Fiat,Model B,2021,23284,Petrol,Automatic,9,1,14553
2631,Fiat,Model A,2024,11168,Petrol,Automatic,10,1,24844
2632,Honda,Model A,2025,0,Petrol,Automatic,12,20,24126
2633,Hyundai,Model C,2000,250000,Petrol,Automatic,8,30,500
2634,Honda,Model A,2015,124365,Diesel,Automatic,6,30,6261
2635,Ford,Model A,2025,0,Petrol,Automatic,6,20,19863
2636,Toyota,Model B,2024,1276,Petrol,Manual,6,20,18103
2637,Mercedes,Model C,2025,0,Petrol,Automatic,12,10,33387
2638,VW,Model B,2025,0,Petrol,Automatic,5,1,20657
2639,BMW,Model B,2025,31172,Petrol,Automatic,2,30,25038
2640,Ford,Model A,2025,,Petrol,Automatic,4,10,28640
2641,Fiat,Model A,2019,78613,Hybrid,Manual,12,1,7651
2642,Audi,Model B,2010,182182,Diesel,Automatic,6,1,663
2643,Toyota,Model C,2025,5291,Petrol,Automatic,4,20,26204
2644,Ford,Model C,2024,18436,Petrol,Manual,4,10,15741
2645,Audi,Model A,2004,250000,Petrol,Manual,1,1,815
2646,Hyundai,Model C,2020,63996,Petrol,Automatic,8,10,11457
2647,Toyota,Model A,2025,3373,Petrol,Automatic,10,20,27378
2648,Ford,Model B,2022,36877,Petrol,Manual,5,30,17445
2649,Audi,Model C,2021,,Diesel,Manual,11,10,12072
2650,BMW,Model A,2021,34323,Petrol,Manual,10,10,17418
2651,Mercedes,Model C,2016,107086,Petrol,Manual,8,30,500
2652,BMW,Model A,2020,63619,Petrol,Manual,9,10,8625
2653,Honda,Model C,2020,66032,Petrol,Automatic,10,20,6665
2654,Ford,Model C,2005,242704,Petrol,Manual,7,1,500
2655,BMW,Model A,2025,0,Petrol,Manual,5,1,32581
2656,BMW,Model B,2021,47143,Petrol,Automatic,2,1,9411
2657,Honda,Model A,2025,0,Diesel,Manual,6,20,26765
2658,Hyundai,Model B,2025,,Petrol,Manual,7,1,19598
2659,Ford,Model A,2017,92683,Diesel,Automatic,12,10,7384
2660,Mercedes,Model B,2024,14708,Petrol,Automatic,2,1,29306
2661,Fiat,Model B,2022,51012,Diesel,Automatic,10,1,8757
2662,Fiat,Model A,2025,0,Diesel,Manual,4,1,18721
2663,Toyota,Model B,2017,,Diesel,Manual,12,10,5939
2664,Ford,Model B,2024,12498,Diesel,Automatic,8,10,21008
2665,Honda,Model A,2023,54317,Petrol,Automatic,6,10,24151
2666,Dacia,Model B,2019,68755,Petrol,Automatic,5,30,5364
2667,Honda,Model B,2013,154427,Diesel,Automatic,3,10,7222
2668,Dacia,Model B,2024,12230,Petrol,Automatic,9,20,19529
2669,Mercedes,Model A,2025,0,Petrol,Automatic,8,1,31075
2670,Toyota,Model A,2020,52189,Diesel,Automatic,12,1,13428
2671,Hyundai,Model B,2024,25207,Petrol,Automatic,8,20,18189
2672,Hyundai,Model B,2021,41509,Petrol,Manual,3,30,11852
2673,VW,Model C,2025,0,Petrol,Manual,9,1,22490
2674,Fiat,Model C,2016,107528,Diesel,Automatic,11,20,3958
2675,VW,Model B,2025,0,Diesel,Automatic,12,1,22308
2676,Ford,Model C,2019,73977,Petrol,Manual,9,30,9854
2677,Honda,Model C,2020,83267,Petrol,Manual,4,10,10758
2678,Honda,Model A,2005,250000,Petrol,Automatic,8,1,1404
2679,Toyota,Model A,2011,191049,Petrol,Automatic,7,1,923
2680,Ford,Model C,2022,27577,Petrol,Automatic,7,1,17808
2681,Toyota,Model B,2018,81852,Hybrid,Automatic,1,1,5470
2682,Mercedes,Model C,2025,0,Petrol,Automatic,3,30,38875
2683,Mercedes,Model A,2001,250000,Petrol,Automatic,7,30,500
2684,Fiat,Model C,2020,46096,Petrol,Manual,10,20,3661
2685,BMW,Model C,2020,40399,Hybrid,Automatic,3,1,9801
2686,Mercedes,Model C,2001,250000,Petrol,Manual,3,1,500
2687,Honda,Model A,2012,124620,Petrol,Automatic,10,1,2779
2688,Audi,Model C,2021,68552,Diesel,Automatic,9,30,13855
2689,Toyota,Model B,2022,54690,Petrol,Manual,7,1,13815
2690,Mercedes,Model C,2021,55496,Petrol,Manual,1,30,15172
2691,Mercedes,Model C,2022,19282,Petrol,Automatic,6,10,22917
2692,Hyundai,Model C,2023,267,Petrol,Automatic,11,30,18151
2693,Hyundai,Model C,2000,250000,Petrol,Automatic,1,20,1650
2694,Mercedes,Model A,2022,45376,Diesel,Automatic,2,30,20399
2695,VW,Model C,2025,45,Petrol,Automatic,11,10,24683
2696,Ford,Model A,2022,20347,Diesel,Automatic,7,30,18581
2697,VW,Model A,2024,29223,Hybrid,Automatic,9,10,25418
2698,Honda,Model B,2020,85265,Diesel,Automatic,10,1,9933
2699,Audi,Model C,2025,0,Petrol,Manual,4,1,30705
2700,VW,Model A,2025,1640,Hybrid,Automatic,4,1,27435
2701,Toyota,Model A,2022,13367,Hybrid,Automatic,4,10,21341
2702,Audi,Model A,2025,0,Petrol,Manual,3,1,28448
2703,Toyota,Model C,2012,163656,Petrol,Manual,4,30,1619
2704,Hyundai,Model C,2001,250000,Hybrid,Automatic,12,30,500
2705,Honda,Model B,2025,0,Diesel,Automatic,2,10,27875
2706,Toyota,Model A,2025,0,Petrol,Manual,4,10,18394
2707,Hyundai,Model A,2012,149291,Hybrid,Manual,4,20,4572
2708,Fiat,Model B,2018,79823,Petrol,Automatic,2,30,5302
2709,Honda,Model B,2001,250000,Petrol,Manual,1,10,500
2710,Toyota,Model B,2019,12746,Petrol,Manual,3,30,8966
2711,Ford,Model A,2025,0,Petrol,Automatic,7,20,24597
2712,BMW,Model B,2022,41249,Petrol,Automatic,8,1,20579
2713,VW,Model C,2020,51442,Petrol,Manual,3,1,12750
2714,Hyundai,Model B,2020,52810,Petrol,Automatic,7,1,6424
2715,Toyota,Model A,2000,250000,Petrol,Automatic,1,30,500
2716,Mercedes,Model C,2019,64814,Diesel,Automatic,8,30,12651
2717,BMW,Model A,2024,12088,Petrol,Automatic,1,20,29699
2718,Ford,Model B,2025,1935,Hybrid,Automatic,9,20,25146
2719,Audi,Model B,2025,0,Diesel,Manual,7,20,31403
2720,Honda,Model B,2002,250000,Diesel,Manual,2,20,500
2721,Toyota,Model B,2025,0,Petrol,Automatic,2,20,23457
2722,Mercedes,Model C,2025,28994,Hybrid,Automatic,1,1,33448
2723,Honda,Model C,2025,0,Petrol,Manual,7,20,24986
2724,Honda,Model A,2021,34990,Petrol,Automatic,11,10,15929
2725,Ford,Model A,2021,44956,Diesel,Manual,11,20,16272
2726,Audi,Model C,2020,66198,Diesel,Manual,8,1,10280
2727,Audi,Model A,2006,198738,Petrol,Manual,12,20,2399
2728,Hyundai,Model A,2017,83563,Petrol,Automatic,11,30,7762
2729,VW,Model B,2018,92869,Petrol,Automatic,9,1,8781
2730,Hyundai,Model A,2022,21778,Petrol,Automatic,5,10,22364
2731,Mercedes,Model A,2025,20550,Petrol,Automatic,11,1,34688
2732,Audi,Model B,2022,29191,Hybrid,Manual,5,30,18481
2733,Ford,Model B,2005,226509,Hybrid,Manual,6,30,500
2734,Fiat,Model A,2025,9153,Hybrid,Manual,9,10,16670
2735,Fiat,Model C,2025,24114,Petrol,Automatic,12,1,19065
2736,Hyundai,Model A,2025,6245,Petrol,Manual,7,10,17218
2737,BMW,Model A,2025,18906,Petrol,Automatic,3,30,25263
2738,Hyundai,Model C,2023,49149,Petrol,Manual,2,10,12008
2739,Fiat,Model B,2025,0,Petrol,Automatic,4,30,19981
2740,BMW,Model A,2007,230075,Petrol,Automatic,6,1,500
2741,Toyota,Model B,2020,37147,Petrol,Manual,4,20,10612
2742,Honda,Model A,2017,102373,Hybrid,Manual,9,30,3826
2743,Audi,Model C,2016,106930,Petrol,Manual,7,20,7437
2744,Honda,Model A,2014,150644,Petrol,Automatic,6,30,1232
2745,Fiat,Model C,2024,29583,Petrol,Manual,3,20,18771
2746,Fiat,Model C,2025,8546,Petrol,Manual,8,1,19905
2747,Dacia,Model C,2023,28476,Petrol,Manual,9,1,18610
2748,Honda,Model B,2014,139625,Petrol,Automatic,10,1,1625
2749,Toyota,Model A,2025,926,Petrol,Manual,12,30,24739
2750,VW,Model A,2024,11082,Petrol,Automatic,3,1,19129
2751,Toyota,Model C,2021,69638,Hybrid,Automatic,1,10,18556
2752,BMW,Model C,2024,35443,Petrol,Automatic,7,30,23079
2753,VW,Model C,2018,81875,Diesel,Manual,12,20,4784
2754,Toyota,Model B,2020,63564,Hybrid,Automatic,4,10,6598
2755,BMW,Model A,2025,1224,Petrol,Automatic,10,20,27848
2756,BMW,Model A,2019,47824,Petrol,Manual,4,10,12317
2757,Dacia,Model A,2022,30953,Petrol,Automatic,5,20,17597
2758,Audi,Model A,2025,23995,Petrol,Automatic,12,1,29792
2759,Honda,Model C,2025,0,Petrol,Manual,6,1,25052
2760,Dacia,Model C,2006,250000,Petrol,Automatic,10,10,500
2761,Honda,Model B,2014,149581,Petrol,Automatic,7,30,7954
2762,BMW,Model C,2000,250000,Diesel,Automatic,10,1,500
2763,Ford,Model A,2024,20412,Petrol,Automatic,4,30,23664
2764,BMW,Model C,2021,34241,Diesel,Automatic,11,30,14043
2765,BMW,Model C,2013,140021,Petrol,Manual,7,30,5932
2766,Fiat,Model B,2025,21620,Petrol,Manual,4,30,17906
2767,Toyota,Model A,2022,26782,Petrol,Automatic,1,1,23137
2768,VW,Model B,2018,99916,Diesel,Automatic,1,20,8004
2769,Honda,Model B,2022,15344,Diesel,Automatic,5,1,17866
2770,Audi,Model B,2024,0,Petrol,Automatic,3,20,25052
2771,Honda,Model B,2007,244520,Petrol,Manual,1,10,1965
2772,BMW,Model C,2019,71822,Petrol,Automatic,7,20,10387
2773,Toyota,Model A,2025,0,Petrol,Manual,12,1,24995
2774,Honda,Model C,2021,68441,Petrol,Manual,6,1,7571
2775,Audi,Model A,2023,42687,Petrol,Manual,7,10,14502
2776,VW,Model A,2021,61811,Petrol,Automatic,3,1,12554
2777,BMW,Model C,2004,243451,Diesel,Automatic,3,20,2697
2778,Honda,Model A,2015,115696,Diesel,Automatic,5,1,1848
2779,VW,Model A,2021,15802,Petrol,Manual,11,1,7413
2780,Toyota,Model C,2016,118415,Hybrid,Automatic,12,20,6942
2781,Fiat,Model B,2004,244372,Petrol,Automatic,10,20,500
2782,Ford,Model A,2025,2561,Petrol,Manual,1,10,23949
2783,Dacia,Model A,2025,4010,Hybrid,Automatic,6,10,19668
2784,Toyota,Model A,2025,19301,Petrol,Automatic,6,20,29310
2785,Dacia,Model B,2025,11316,Diesel,Automatic,12,10,15319
2786,Ford,Model C,2018,61397,Petrol,Automatic,10,20,7155
2787,VW,Model B,2025,0,Diesel,Manual,9,10,20967
2788,Fiat,Model A,2016,94068,Diesel,Automatic,8,30,3398
2789,Ford,Model B,2025,8521,Petrol,Automatic,9,30,28267
2790,Fiat,Model C,2025,13847,Diesel,Manual,9,30,20437
2791,Honda,Model B,2025,1523,Hybrid,Automatic,7,30,27218
2792,Ford,Model A,2025,0,Petrol,Automatic,11,30,27319
2793,Honda,Model B,2023,25037,Petrol,Automatic,1,20,26473
2794,Mercedes,Model C,2018,87133,Diesel,Manual,12,1,8889
2795,Ford,Model A,2021,38398,Petrol,Manual,10,30,13754
2796,Dacia,Model C,2023,5719,Hybrid,Automatic,7,1,14003
2797,Hyundai,Model B,2007,185247,Petrol,Automatic,11,30,2274
2798,VW,Model B,2024,,Petrol,Manual,11,30,23533
2799,Ford,Model C,2025,7445,Diesel,Automatic,6,10,26529
2800,Toyota,Model B,2016,113437,Petrol,Automatic,11,20,2193
2801,Mercedes,Model C,2025,18977,Petrol,Manual,3,20,25220
2802,Audi,Model B,2025,0,Petrol,Manual,6,1,31416
2803,BMW,Model C,2025,0,Diesel,Manual,3,30,23972
2804,VW,Model C,2025,5763,Petrol,Manual,2,1,27073
2805,Hyundai,Model B,2022,40399,Petrol,Manual,12,10,14804
2806,Audi,Model B,2025,0,Petrol,Manual,5,30,29335
2807,BMW,Model C,2025,5392,Petrol,Automatic,9,30,29745
2808,Toyota,Model C,2015,113996,Petrol,Automatic,5,30,500
2809,Toyota,Model C,2022,23893,Petrol,Manual,7,20,17720
2810,Honda,Model A,2025,0,Petrol,Automatic,5,10,27167
2811,Audi,Model B,2018,47377,Petrol,Manual,10,10,11999
2812,Toyota,Model B,2024,3129,Petrol,Manual,10,1,23437
2813,Fiat,Model C,2024,,Petrol,Automatic,6,30,15628
2814,Toyota,Model C,2015,128356,Petrol,Automatic,11,20,500
2815,Hyundai,Model B,2023,21626,Petrol,Automatic,5,1,17025
2816,Ford,Model C,2025,9583,Diesel,Automatic,10,1,22004
2817,Toyota,Model C,2022,0,Petrol,Manual,9,1,15541
2818,Hyundai,Model A,2001,250000,Petrol,Automatic,6,30,616
2819,Ford,Model B,2000,250000,Petrol,Manual,12,10,3762
2820,BMW,Model A,2020,55367,Petrol,Automatic,8,30,13110
2821,BMW,Model A,2025,12681,Petrol,Manual,11,30,30474
2822,Hyundai,Model C,2017,,Petrol,Automatic,10,30,4205
2823,Honda,Model C,2024,22966,Petrol,Automatic,7,30,22038
2824,Toyota,Model A,2017,,Petrol,Automatic,5,30,7826
2825,Mercedes,Model C,2020,48957,Petrol,Automatic,12,30,13220
2826,Mercedes,Model A,2025,14865,Petrol,Manual,1,30,28024
2827,Hyundai,Model A,2025,17428,Diesel,Manual,12,1,19834
2828,Hyundai,Model A,2009,207520,Petrol,Automatic,7,1,500
2829,Ford,Model A,2021,78579,Diesel,Automatic,10,1,8427
2830,Toyota,Model B,2002,250000,Petrol,Manual,5,1,500
2831,Dacia,Model B,2022,24068,Petrol,Manual,5,20,8610
2832,Ford,Model B,2024,14124,Petrol,Automatic,3,30,23214
2833,Hyundai,Model A,2011,162597,Petrol,Automatic,12,10,500
2834,BMW,Model A,2019,102436,Petrol,Automatic,1,30,9245
2835,Honda,Model C,2021,64573,Petrol,Automatic,5,1,11618
2836,Fiat,Model B,2025,0,Petrol,Automatic,5,20,13606
2837,Toyota,Model C,2025,13168,Petrol,Automatic,11,30,30348
2838,VW,Model B,2004,233517,Diesel,Automatic,7,30,500
2839,VW,Model C,2025,3753,Petrol,Automatic,3,30,25642
2840,Mercedes,Model C,2020,45931,Petrol,Automatic,7,1,7954
2841,Hyundai,Model B,2021,22671,Petrol,Automatic,3,30,19142
2842,Mercedes,Model B,2025,11768,Diesel,Automatic,1,20,31384
2843,VW,Model C,2025,13628,Petrol,Automatic,7,20,25379
2844,Dacia,Model C,2025,6858,Petrol,Automatic,5,1,17247
2845,Dacia,Model C,2023,21255,Hybrid,Automatic,3,30,18882
2846,Hyundai,Model B,2020,41004,Petrol,Manual,3,10,9278
2847,Honda,Model A,2025,0,Petrol,Automatic,6,10,28717
2848,VW,Model C,2018,69460,Petrol,Manual,11,1,5365
2849,VW,Model A,2023,20494,Petrol,Automatic,10,20,15579
2850,BMW,Model B,2020,76142,Petrol,Automatic,1,10,10558
2851,Mercedes,Model C,2024,27906,Petrol,Manual,10,20,26796
2852,Ford,Model B,2018,59271,Petrol,Automatic,1,30,8787
2853,BMW,Model A,2016,97601,Diesel,Automatic,7,30,500
2854,Fiat,Model B,2025,0,Diesel,Automatic,10,30,21649
2855,Honda,Model C,2010,142026,Petrol,Automatic,6,20,500
2856,Audi,Model C,2022,44491,Diesel,Automatic,5,30,18969
2857,Toyota,Model B,2017,92307,Petrol,Manual,12,1,4136
2858,Fiat,Model B,2003,250000,Petrol,Automatic,1,20,500
2859,Fiat,Model C,2003,250000,Petrol,Manual,2,30,1438
2860,Mercedes,Model B,2015,121324,Diesel,Automatic,11,1,500
2861,Hyundai,Model B,2025,0,Petrol,Automatic,12,30,26050
2862,Ford,Model C,2019,80581,Petrol,Manual,5,10,9297
2863,Ford,Model B,2025,,Petrol,Automatic,7,1,23602
2864,Hyundai,Model B,2023,28447,Petrol,Manual,3,20,19752
2865,Audi,Model C,2021,58337,Diesel,Automatic,12,1,18547
2866,Honda,Model A,2023,21816,Petrol,Automatic,6,30,20979
2867,Toyota,Model B,2022,34772,Petrol,Automatic,8,1,10911
2868,BMW,Model A,2025,1695,Petrol,Automatic,2,20,33510
2869,Mercedes,Model B,2019,60703,Petrol,Automatic,8,1,11388
2870,Mercedes,Model C,2020,51479,Petrol,Automatic,9,1,17920
2871,Ford,Model C,2025,20668,Petrol,Automatic,4,30,27519
2872,Mercedes,Model B,2025,30119,Petrol,Automatic,12,10,30100
2873,Ford,Model B,2025,23882,Petrol,Automatic,3,10,27286
2874,Ford,Model A,2021,28151,Petrol,Manual,12,30,14471
2875,Fiat,Model C,2025,0,Petrol,Automatic,9,30,25112
2876,Ford,Model A,2022,18139,Petrol,Manual,11,30,15918
2877,Dacia,Model C,2022,38015,Petrol,Automatic,9,1,10403
2878,BMW,Model C,2016,65869,Petrol,Automatic,6,10,6617
2879,VW,Model A,2023,15167,Hybrid,Automatic,5,1,22360
2880,BMW,Model A,2016,129106,Petrol,Manual,10,10,6929
2881,VW,Model C,2020,74736,Petrol,Manual,4,30,5250
2882,Toyota,Model B,2025,0,Petrol,Automatic,1,20,24949
2883,Ford,Model B,2016,101499,Petrol,Automatic,4,30,1976
2884,Toyota,Model B,2007,224508,Diesel,Automatic,10,30,2816
2885,Mercedes,Model C,2006,242029,Petrol,Manual,10,10,4314
2886,VW,Model C,2025,0,Diesel,Automatic,4,20,27373
2887,Fiat,Model C,2022,32484,Petrol,Manual,5,1,15660
2888,Mercedes,Model B,2021,39509,Diesel,Manual,7,10,14930
2889,Fiat,Model A,2025,0,Diesel,Manual,4,20,17295
2890,Mercedes,Model B,2025,0,Hybrid,Automatic,8,1,32674
2891,VW,Model C,2020,55561,Petrol,Manual,4,30,8182
2892,Dacia,Model B,2024,0,Diesel,Automatic,2,10,17569
2893,Mercedes,Model C,2025,9691,Petrol,Automatic,2,30,31532
2894,Honda,Model C,2024,19249,Petrol,Automatic,4,1,22905
2895,Toyota,Model A,2015,130435,Petrol,Manual,3,10,4443
2896,Toyota,Model A,2025,0,Petrol,Automatic,12,10,26788
2897,Hyundai,Model C,2022,6246,Petrol,Manual,9,1,10419
2898,VW,Model B,2019,79009,Hybrid,Manual,3,10,9046
2899,Dacia,Model B,2021,,Diesel,Manual,6,10,8183
2900,Mercedes,Model A,2003,250000,Petrol,Automatic,4,1,5388
2901,Honda,Model C,2012,137144,Petrol,Manual,9,1,500
2902,Honda,Model A,2025,0,Petrol,Automatic,11,20,29225
2903,Fiat,Model A,2000,250000,Petrol,Manual,6,30,500
2904,BMW,Model C,2021,40418,Petrol,Automatic,6,10,14310
2905,Dacia,Model A,2022,19652,Diesel,Manual,5,30,13371
2906,Honda,Model B,2005,249779,Hybrid,Automatic,6,20,500
2907,Ford,Model A,2025,2592,Petrol,Manual,1,20,22420
2908,Toyota,Model C,2017,64210,Hybrid,Automatic,8,30,5854
2909,Fiat,Model B,2020,69935,Petrol,Manual,12,20,4058
2910,Ford,Model B,2020,91927,Petrol,Automatic,10,1,11235
2911,VW,Model B,2017,56991,Petrol,Manual,11,1,5182
2912,Ford,Model A,2000,250000,Petrol,Automatic,3,30,2729
2913,Toyota,Model B,2025,0,Petrol,Manual,8,20,25766
2914,BMW,Model C,2025,0,Petrol,Automatic,12,1,25961
2915,Hyundai,Model B,2017,110855,Petrol,Automatic,1,30,3053
2916,Toyota,Model C,2024,13582,Petrol,Manual,11,1,22510
2917,Hyundai,Model C,2025,20879,Hybrid,Manual,1,30,20195
2918,Ford,Model A,2025,12458,Diesel,Manual,12,30,21190
2919,Toyota,Model B,2021,73532,Petrol,Manual,2,20,12341
2920,Ford,Model C,2020,77403,Petrol,Automatic,5,20,12708
2921,Ford,Model B,2020,53955,Petrol,Automatic,1,20,10225
2922,VW,Model C,2025,1000,Petrol,Automatic,1,20,26396
2923,Hyundai,Model A,2025,0,Diesel,Automatic,11,20,21779
2924,Mercedes,Model B,2016,104540,Petrol,Automatic,1,30,4484
2925,Dacia,Model B,2020,60927,Petrol,Manual,10,30,4300
2926,Toyota,Model C,2025,0,Petrol,Automatic,12,10,25448
2927,Fiat,Model C,2025,20133,Petrol,Automatic,12,1,20428
2928,Audi,Model A,2025,0,Petrol,Automatic,11,10,30455
2929,BMW,Model A,2025,0,Petrol,Automatic,12,10,28034
2930,Ford,Model A,2021,34955,Petrol,Automatic,1,30,12860
2931,Toyota,Model B,2023,33826,Hybrid,Automatic,12,1,20816
2932,Dacia,Model C,2024,0,Diesel,Manual,1,30,18109
2933,Mercedes,Model C,2007,212982,Petrol,Automatic,3,1,500
2934,BMW,Model B,2023,43912,Petrol,Manual,2,10,17894
2935,BMW,Model B,2025,4388,Petrol,Automatic,10,1,36442
2936,Audi,Model C,2015,118880,Diesel,Automatic,2,1,1783
2937,Ford,Model C,2025,0,Petrol,Automatic,4,30,23550
2938,Honda,Model B,2023,8556,Petrol,Manual,8,30,15158
2939,Toyota,Model B,2025,0,Diesel,Manual,7,20,23605
2940,BMW,Model A,2004,249072,Petrol,Automatic,2,1,500
2941,Audi,Model A,2018,88069,Petrol,Automatic,7,30,5234
2942,Mercedes,Model A,2023,38222,Petrol,Automatic,5,30,16530
2943,VW,Model A,2019,73388,Petrol,Automatic,8,10,8506
2944,Hyundai,Model B,2025,20291,Petrol,Manual,7,1,25222
2945,Hyundai,Model A,2025,24077,Petrol,Automatic,12,30,23831
2946,Dacia,Model C,2010,191929,Petrol,Automatic,11,30,500
2947,Fiat,Model A,2022,54374,Petrol,Manual,1,20,14393
2948,Honda,Model C,2022,21139,Diesel,Automatic,3,10,19164
2949,Toyota,Model A,2020,42762,Petrol,Manual,12,20,8620
2950,Fiat,Model C,2025,7769,Petrol,Manual,7,20,19677
2951,Ford,Model C,2025,0,Petrol,Automatic,10,20,24292
2952,Toyota,Model A,2024,7644,Petrol,Automatic,7,1,27028
2953,Ford,Model C,2025,11567,Petrol,Automatic,10,20,27470
2954,Dacia,Model B,2022,57200,Petrol,Manual,2,10,8030
2955,Hyundai,Model B,2025,0,Diesel,Manual,10,1,20005
2956,Toyota,Model B,2024,2250,Petrol,Automatic,11,20,21996
2957,Dacia,Model B,2025,4806,Petrol,Manual,4,1,18008
2958,Dacia,Model B,2025,0,Petrol,Manual,5,20,19687
2959,Audi,Model C,2019,69400,Petrol,Automatic,8,20,11004
2960,Fiat,Model C,2025,0,Petrol,Automatic,11,20,21066
2961,Fiat,Model C,2016,107580,Hybrid,Manual,12,10,2682
2962,BMW,Model A,2020,61327,Petrol,Automatic,7,30,8707
2963,VW,Model B,2020,47482,Petrol,Manual,9,30,7217
2964,Toyota,Model C,2025,0,Petrol,Manual,11,10,22539
2965,VW,Model A,2025,0,Diesel,Automatic,3,1,24725
2966,Fiat,Model A,2025,0,Diesel,Manual,11,30,20356
2967,Honda,Model B,2025,5127,Petrol,Automatic,4,30,28409
2968,Toyota,Model C,2023,37419,Petrol,Manual,8,20,15749
2969,Fiat,Model B,2025,11944,Diesel,Automatic,12,1,16162
2970,Dacia,Model A,2022,32062,Diesel,Manual,7,1,9657
2971,BMW,Model A,2021,35834,Petrol,Manual,2,10,17869
2972,Fiat,Model C,2015,131164,Petrol,Automatic,12,20,1093
2973,BMW,Model A,2025,9583,Petrol,Automatic,8,10,29940
2974,Toyota,Model C,2025,3261,Petrol,Automatic,1,20,27185
2975,Hyundai,Model C,2021,74164,Hybrid,Automatic,1,1,20621
2976,Hyundai,Model B,2002,250000,Hybrid,Automatic,4,30,500
2977,VW,Model C,2025,0,Diesel,Manual,2,20,24288
2978,BMW,Model A,2001,,Petrol,Manual,8,20,500
2979,Mercedes,Model B,2025,0,Petrol,Automatic,8,1,25898
2980,Dacia,Model A,2025,9920,Petrol,Manual,11,30,18972
2981,BMW,Model B,2021,46417,Diesel,Automatic,7,30,17375
2982,BMW,Model C,2017,103648,Petrol,Manual,4,30,2904
2983,Hyundai,Model A,2025,27628,Diesel,Automatic,1,30,24423
2984,Ford,Model C,2025,0,Petrol,Automatic,1,30,25716
2985,Toyota,Model A,2023,0,Petrol,Automatic,12,10,24103
2986,Mercedes,Model B,2025,7216,Hybrid,Manual,2,10,29166
2987,Fiat,Model A,2005,242502,Diesel,Automatic,7,20,500
2988,Dacia,Model A,2022,25013,Diesel,Automatic,10,20,11266
2989,BMW,Model A,2025,5958,Petrol,Automatic,12,20,33631
2990,Ford,Model B,2025,11791,Hybrid,Automatic,3,1,25682
2991,Audi,Model B,2015,105800,Petrol,Automatic,3,30,3877
2992,Hyundai,Model B,2025,0,Petrol,Manual,3,10,22437
2993,Toyota,Model B,2023,46151,Diesel,Automatic,2,30,22043
2994,VW,Model C,2021,11152,Petrol,Automatic,6,1,16978
2995,Honda,Model B,2013,145000,Petrol,Automatic,8,1,807
2996,Honda,Model B,2025,0,Petrol,Automatic,9,10,25941
2997,Fiat,Model C,2015,97772,Petrol,Automatic,5,1,3267
2998,Honda,Model B,2020,62362,Hybrid,Automatic,8,10,3741
2999,Hyundai,Model C,2019,90419,Diesel,Automatic,1,30,7631
3000,Toyota,Model A,2025,0,Petrol,Automatic,12,1,23648
3001,Mercedes,Model A,2024,13118,Petrol,Automatic,11,20,28016
3002,Honda,Model C,2025,0,Hybrid,Automatic,7,20,29517
3003,Honda,Model C,2018,98296,Petrol,Automatic,4,1,4393
3004,Honda,Model C,2024,0,Petrol,Manual,12,10,20580
3005,Hyundai,Model C,2023,30451,Petrol,Manual,11,10,15046
3006,Ford,Model C,2025,0,Petrol,Automatic,1,1,21086
3007,Fiat,Model B,2025,3345,Petrol,Automatic,6,10,19605
3008,Honda,Model C,2001,250000,Petrol,Automatic,2,30,500
3009,Audi,Model C,2024,8223,Petrol,Manual,2,30,24864
3010,Mercedes,Model A,2005,247167,Petrol,Automatic,1,20,500
3011,Fiat,Model B,2023,24654,Petrol,Automatic,9,1,17935
3012,BMW,Model A,2019,70007,Diesel,Automatic,4,1,8794
3013,Mercedes,Model B,2020,54653,Petrol,Automatic,4,20,6981
3014,BMW,Model C,2020,61163,Petrol,Automatic,1,10,12032
3015,Toyota,Model B,2024,15330,Petrol,Manual,1,30,20973
3016,Honda,Model B,2020,45162,Petrol,Automatic,10,20,10424
3017,BMW,Model A,2025,,Diesel,Automatic,9,30,30761
3018,Honda,Model A,2021,32172,Petrol,Manual,5,1,11376
3019,Toyota,Model C,2006,68220,Petrol,Automatic,1,10,500
3020,Hyundai,Model A,2025,0,Petrol,Automatic,10,10,24519
3021,Hyundai,Model B,2019,83561,Petrol,Automatic,12,1,12972
3022,VW,Model A,2021,58090,Petrol,Automatic,7,30,12578
3023,Honda,Model B,2024,0,Petrol,Manual,2,20,24487
3024,Audi,Model A,2020,,Petrol,Automatic,9,10,11076
3025,Hyundai,Model C,2005,249577,Petrol,Manual,1,1,1268
3026,Toyota,Model C,2020,57370,Diesel,Manual,3,30,8682
3027,Toyota,Model B,2025,0,Petrol,Automatic,6,10,25052
3028,Fiat,Model A,2024,0,Petrol,Automatic,4,1,16950
3029,Dacia,Model A,2024,24814,Diesel,Automatic,12,20,18336
3030,Fiat,Model A,2024,25540,Petrol,Manual,11,30,15226
3031,Dacia,Model B,2016,31464,Petrol,Automatic,4,30,2932
3032,Fiat,Model C,2021,59492,Petrol,Automatic,12,10,17662
3033,VW,Model C,2025,0,Petrol,Manual,5,30,20729
3034,Toyota,Model A,2010,199913,Petrol,Automatic,8,1,1034
3035,Dacia,Model B,2019,69645,Diesel,Automatic,8,10,8397
3036,Fiat,Model A,2019,74126,Petrol,Automatic,9,20,3601
3037,Audi,Model B,2021,43192,Petrol,Automatic,4,20,16297
3038,Honda,Model B,2025,20935,Petrol,Automatic,12,1,23896
3039,BMW,Model A,2006,212089,Petrol,Manual,4,10,500
3040,Dacia,Model B,2022,58116,Hybrid,Automatic,9,20,14213
3041,Ford,Model A,2015,125944,Petrol,Automatic,10,20,3065
3042,Audi,Model B,2025,9339,Petrol,Automatic,12,30,25916
3043,Toyota,Model C,2011,163061,Petrol,Manual,6,30,2587
3044,Dacia,Model B,2021,28376,Petrol,Manual,9,20,12393
3045,Ford,Model A,2025,13957,Hybrid,Automatic,2,1,27110
3046,Toyota,Model A,2025,4671,Petrol,Automatic,10,1,32953
3047,Honda,Model A,2021,68424,Petrol,Manual,10,1,10255
3048,BMW,Model B,2020,57093,Diesel,Automatic,6,30,13027
3049,BMW,Model C,2021,41711,Diesel,Automatic,4,1,13009
3050,Ford,Model B,2018,31446,Diesel,Automatic,5,10,11027
3051,Honda,Model B,2016,136678,Diesel,Automatic,2,30,2082
3052,Toyota,Model B,2022,36140,Petrol,Automatic,8,1,19752
3053,Ford,Model C,2018,72708,Diesel,Manual,12,20,8440
3054,BMW,Model B,2019,84157,Hybrid,Automatic,9,30,13077
3055,Dacia,Model B,2024,8189,Petrol,Automatic,8,1,18007
3056,Toyota,Model C,2025,8988,Petrol,Automatic,12,10,25580
3057,BMW,Model B,2023,20110,Petrol,Automatic,7,30,17974
3058,Mercedes,Model B,2007,239460,Petrol,Automatic,5,10,1790
3059,BMW,Model B,2007,205507,Petrol,Automatic,9,20,952
3060,Mercedes,Model A,2025,7207,Petrol,Automatic,7,10,30211
3061,Toyota,Model C,2019,64669,Diesel,Automatic,12,10,1250
3062,VW,Model A,2009,187777,Petrol,Automatic,12,20,500
3063,Audi,Model C,2023,17819,Diesel,Manual,12,30,18504
3064,Honda,Model B,2024,23079,Diesel,Automatic,1,30,23728
3065,Fiat,Model C,2024,25775,Petrol,Manual,5,30,18643
3066,Toyota,Model B,2018,92366,Petrol,Automatic,8,20,9096
3067,Hyundai,Model A,2001,250000,Petrol,Automatic,4,30,1386
3068,Mercedes,Model B,2025,2102,Hybrid,Automatic,9,30,29212
3069,Mercedes,Model B,2018,97465,Diesel,Automatic,9,20,11543
3070,Honda,Model A,2024,25939,Diesel,Automatic,8,10,24591
3071,Audi,Model C,2025,0,Diesel,Automatic,6,20,33128
3072,Fiat,Model A,2023,19916,Petrol,Automatic,9,20,20045
3073,BMW,Model C,2020,56636,Petrol,Automatic,10,20,16419
3074,Ford,Model C,2019,82038,Petrol,Manual,9,30,7934
3075,Ford,Model B,2023,22998,Petrol,Automatic,11,1,14334
3076,BMW,Model A,2025,10787,Petrol,Automatic,12,1,32527
3077,VW,Model C,2025,0,Diesel,Manual,2,30,28356
3078,Honda,Model A,2010,183900,Petrol,Automatic,12,20,500
3079,VW,Model A,2015,133503,Petrol,Manual,4,10,7661
3080,Hyundai,Model A,2025,0,Diesel,Manual,8,30,24768
3081,Toyota,Model A,2025,37704,Petrol,Automatic,12,10,19704
3082,Honda,Model B,2025,17863,Petrol,Automatic,8,30,28001
3083,Audi,Model B,2016,108020,Hybrid,Manual,2,30,2895
3084,Audi,Model B,2023,11573,Petrol,Automatic,7,20,26309
3085,BMW,Model C,2025,0,Petrol,Automatic,12,30,31831
3086,Dacia,Model A,2024,13257,Hybrid,Automatic,6,1,18778
3087,Honda,Model B,2021,54609,Petrol,Automatic,11,30,18083
3088,BMW,Model B,2001,250000,Diesel,Manual,10,20,500
3089,BMW,Model B,2023,16858,Diesel,Automatic,12,1,24355
3090,Toyota,Model C,2018,92440,Petrol,Automatic,4,20,10996
3091,BMW,Model A,2021,28613,Petrol,Automatic,7,10,20195
3092,Toyota,Model A,2025,0,Diesel,Automatic,5,10,29346
3093,BMW,Model B,2021,53650,Diesel,Automatic,7,30,16727
3094,BMW,Model A,2025,10368,Diesel,Manual,1,1,23675
3095,VW,Model C,2016,,Petrol,Manual,4,30,2868
3096,Fiat,Model B,2024,5388,Petrol,Automatic,12,20,20277
3097,Toyota,Model A,2025,21908,Petrol,Automatic,8,10,28796
3098,Hyundai,Model C,2010,197428,Petrol,Automatic,3,20,3757
3099,BMW,Model B,2000,250000,Hybrid,Automatic,7,1,2307
3100,Hyundai,Model A,2021,14450,Petrol,Automatic,9,20,17316
3101,BMW,Model C,2009,229666,Petrol,Manual,8,30,500
3102,Hyundai,Model A,2025,0,Petrol,Automatic,7,1,26273
3103,Fiat,Model C,2025,0,Petrol,Manual,9,20,20715
3104,Hyundai,Model B,2021,40164,Petrol,Automatic,3,30,16841
3105,Hyundai,Model B,2018,89645,Petrol,Manual,6,20,10437
3106,Ford,Model A,2021,53798,Petrol,Automatic,10,10,12124
3107,Audi,Model B,2025,14259,Diesel,Manual,8,10,27798
3108,Ford,Model C,2000,250000,Petrol,Manual,12,10,500
3109,Honda,Model C,2023,19312,Diesel,Manual,6,10,19716
3110,BMW,Model B,2023,54458,Petrol,Manual,2,30,17886
3111,Honda,Model B,2024,4610,Petrol,Manual,1,20,19796
3112,VW,Model C,2018,81412,Petrol,Automatic,6,10,6760
3113,BMW,Model C,2025,0,Hybrid,Automatic,6,30,31085
3114,Ford,Model C,2009,199589,Diesel,Automatic,4,30,500
3115,VW,Model A,2016,123465,Petrol,Automatic,8,1,5459
3116,Mercedes,Model A,2025,13118,Petrol,Manual,4,30,28087
3117,Honda,Model A,2025,0,Petrol,Automatic,3,1,25770
3118,Dacia,Model C,2001,75000,Diesel,Automatic,8,10,500
3119,Fiat,Model B,2018,109074,Hybrid,Automatic,12,10,500
3120,Toyota,Model C,2017,112063,Petrol,Automatic,3,1,8210
3121,Toyota,Model A,2019,60237,Petrol,Automatic,3,1,11273
3122,Mercedes,Model A,2018,45809,Petrol,Automatic,7,1,4758
3123,BMW,Model B,2006,232451,Diesel,Automatic,2,20,4795
3124,Toyota,Model C,2021,59978,Petrol,Automatic,4,10,16030
3125,Dacia,Model A,2025,0,Petrol,Automatic,12,10,19749
3126,Dacia,Model C,2023,23868,Petrol,Manual,11,30,17239
3127,Hyundai,Model B,2024,8044,Petrol,Manual,9,20,20701
3128,Toyota,Model B,2008,205564,Diesel,Automatic,1,10,500
3129,Mercedes,Model B,2025,0,Petrol,Automatic,4,10,31399
3130,Ford,Model C,2025,19357,Petrol,Automatic,8,30,25989
3131,Ford,Model C,2025,2219,Diesel,Manual,9,1,21357
3132,Toyota,Model B,2025,0,Petrol,Automatic,9,1,27498
3133,VW,Model C,2025,13761,Petrol,Manual,3,30,16507
3134,VW,Model B,2023,5037,Hybrid,Manual,6,10,19786
3135,Hyundai,Model C,2016,127267,Petrol,Manual,3,30,4668
3136,Honda,Model C,2023,38865,Petrol,Manual,12,1,14565
3137,Hyundai,Model B,2025,20846,Petrol,Manual,7,20,19854
3138,BMW,Model B,2025,0,Hybrid,Manual,5,20,30166
3139,VW,Model B,2022,28558,Petrol,Manual,12,1,15785
3140,Audi,Model C,2006,,Diesel,Automatic,12,1,500
3141,Audi,Model B,2020,58733,Petrol,Manual,7,30,9517
3142,BMW,Model A,2025,0,Petrol,Manual,9,20,23940
3143,Mercedes,Model C,2023,15695,Diesel,Automatic,4,1,21028
3144,Dacia,Model C,2022,30504,Petrol,Automatic,4,10,17547
3145,Toyota,Model B,2018,66449,Petrol,Manual,7,30,8824
3146,Fiat,Model C,2020,70169,Petrol,Automatic,11,10,8985
3147,Mercedes,Model C,2025,0,Petrol,Manual,8,20,30948
3148,Audi,Model C,2024,7374,Petrol,Automatic,6,10,26254
3149,Ford,Model A,2025,0,Petrol,Manual,9,1,22058
3150,Toyota,Model A,2021,30594,Petrol,Automatic,11,10,19756
3151,Ford,Model B,2024,41038,Petrol,Automatic,10,10,23389
3152,Toyota,Model C,2018,74591,Petrol,Manual,5,30,4256
3153,Hyundai,Model A,2025,9157,Hybrid,Automatic,12,1,21445
3154,Honda,Model B,2021,,Petrol,Manual,1,1,13220
3155,Ford,Model B,2021,6372,Petrol,Automatic,6,1,17020
3156,Toyota,Model B,2024,38886,Petrol,Manual,12,30,18165
3157,VW,Model C,2025,10261,Petrol,Automatic,9,1,27740
3158,VW,Model B,2006,216484,Petrol,Automatic,9,30,500
3159,Toyota,Model C,2025,0,Petrol,Manual,2,30,23610
3160,Audi,Model B,2019,54762,Petrol,Automatic,8,10,12255
3161,Ford,Model B,2021,75393,Petrol,Manual,12,1,9184
3162,Dacia,Model C,2002,250000,Hybrid,Manual,3,1,500
3163,Mercedes,Model C,2020,52153,Petrol,Automatic,5,10,6946
3164,Hyundai,Model A,2022,25056,Diesel,Automatic,5,30,18374
3165,Honda,Model B,2005,241205,Petrol,Automatic,5,1,4854
3166,Honda,Model C,2022,56554,Petrol,Automatic,8,10,18536
3167,Dacia,Model B,2025,26840,Petrol,Automatic,3,1,19729
3168,Ford,Model B,2010,174015,Petrol,Automatic,7,20,500
3169,Hyundai,Model A,2025,5673,Petrol,Manual,6,30,24190
3170,Honda,Model A,2021,49228,Diesel,Automatic,9,30,15472
3171,Audi,Model B,2024,0,Petrol,Automatic,4,30,23919
3172,VW,Model C,2018,120338,Petrol,Automatic,7,10,3400
3173,Fiat,Model B,2015,140441,Petrol,Automatic,10,30,514
3174,Hyundai,Model B,2015,122836,Petrol,Manual,9,30,3875
3175,Mercedes,Model C,2007,239728,Petrol,Automatic,11,30,500
3176,Toyota,Model B,2016,126181,Petrol,Manual,12,20,6602
3177,Honda,Model C,2024,13227,Petrol,Manual,11,1,20781
3178,Ford,Model C,2025,4889,Diesel,Automatic,12,20,22648
3179,Mercedes,Model C,2025,22681,Petrol,Manual,1,1,25422
3180,Audi,Model C,2024,0,Diesel,Manual,8,10,26519
3181,Hyundai,Model A,2011,193105,Petrol,Manual,4,30,3221
3182,VW,Model C,2019,68623,Petrol,Automatic,11,20,13438
3183,Hyundai,Model C,2020,82870,Petrol,Automatic,11,10,10555
3184,Dacia,Model B,2018,83921,Petrol,Automatic,1,30,7561
3185,Toyota,Model C,2022,41064,Petrol,Automatic,8,20,17596
3186,Fiat,Model A,2022,35485,Petrol,Automatic,11,1,12807
3187,VW,Model B,2020,52022,Petrol,Manual,8,30,9727
3188,Dacia,Model A,2020,,Petrol,Automatic,6,30,7737
3189,Audi,Model B,2025,20686,Diesel,Automatic,1,1,21290
3190,Audi,Model A,2025,0,Petrol,Automatic,10,10,33915
3191,VW,Model B,2020,41415,Petrol,Automatic,1,10,10730
3192,Fiat,Model B,2025,0,Diesel,Automatic,8,30,24415
3193,Hyundai,Model C,2025,0,Petrol,Manual,12,1,22329
3194,VW,Model A,2020,82649,Petrol,Manual,6,20,9513
3195,Toyota,Model C,2020,78865,Petrol,Automatic,10,30,8724
3196,VW,Model B,2022,13464,Petrol,Automatic,10,30,16438
3197,Hyundai,Model C,2025,0,Petrol,Manual,1,10,17881
3198,Hyundai,Model C,2025,20025,Petrol,Automatic,12,30,24694
3199,VW,Model A,2010,156178,Petrol,Automatic,3,20,500
3200,BMW,Model C,2021,80129,Petrol,Automatic,4,1,16982
3201,VW,Model A,2023,,Petrol,Automatic,11,10,24190
3202,Honda,Model C,2022,32069,Petrol,Manual,9,20,12356
3203,Dacia,Model B,2016,101559,Petrol,Manual,5,1,2517
3204,Ford,Model C,2025,0,Petrol,Automatic,2,30,26988
3205,Ford,Model C,2024,40876,Petrol,Automatic,5,10,21266
3206,Dacia,Model B,2025,11833,Petrol,Automatic,12,30,17233
3207,BMW,Model C,2025,18232,Diesel,Automatic,2,10,32349
3208,Audi,Model C,2025,0,Petrol,Manual,11,1,26667
3209,VW,Model B,2021,50714,Petrol,Automatic,5,30,10163
3210,Toyota,Model C,2023,31815,Petrol,Automatic,9,10,14582
3211,Toyota,Model C,2015,124061,Petrol,Automatic,8,30,500
3212,Fiat,Model B,2024,0,Diesel,Automatic,5,30,22283
3213,Ford,Model B,2015,136132,Hybrid,Automatic,1,20,1136
3214,Mercedes,Model B,2024,13823,Diesel,Automatic,2,10,28828
3215,Toyota,Model B,2017,81675,Petrol,Manual,8,10,8958
3216,BMW,Model B,2011,140171,Petrol,Automatic,12,20,4114
3217,Ford,Model C,2015,129099,Petrol,Manual,12,1,3235
3218,Mercedes,Model A,2000,250000,Diesel,Manual,2,20,500
3219,Fiat,Model B,2025,0,Petrol,Manual,11,20,23015
3220,Ford,Model C,2025,2556,Diesel,Automatic,3,30,26516
3221,BMW,Model B,2022,15797,Petrol,Manual,12,10,17629
3222,Toyota,Model A,2015,100955,Diesel,Manual,10,1,3045
3223,Ford,Model B,2008,196800,Petrol,Automatic,12,10,879
3224,Toyota,Model B,2001,250000,Petrol,Manual,6,10,500
3225,Honda,Model A,2015,134770,Petrol,Automatic,10,1,6030
3226,Fiat,Model C,2025,19882,Diesel,Manual,10,20,19064
3227,Toyota,Model C,2018,86385,Diesel,Automatic,7,10,6004
3228,Toyota,Model C,2020,47373,Diesel,Manual,12,30,8480
3229,Hyundai,Model B,2010,173358,Petrol,Automatic,4,20,500
3230,Toyota,Model C,2017,86542,Petrol,Automatic,12,10,6269
3231,BMW,Model B,2022,21340,Hybrid,Automatic,11,30,19732
3232,Mercedes,Model B,2023,22469,Petrol,Automatic,8,10,24145
3233,Dacia,Model A,2018,92622,Petrol,Manual,1,10,6061
3234,Dacia,Model A,2005,247353,Diesel,Automatic,4,1,1776
3235,Audi,Model B,2021,47876,Petrol,Automatic,11,1,16612
3236,Ford,Model B,2017,96855,Petrol,Manual,10,30,2362
3237,Mercedes,Model B,2017,94776,Petrol,Automatic,12,10,7987
3238,VW,Model A,2025,,Petrol,Automatic,5,20,22607
3239,Mercedes,Model B,2023,,Petrol,Automatic,12,30,23265
3240,BMW,Model C,2023,15245,Petrol,Manual,11,10,21203
3241,Hyundai,Model C,2021,27789,Petrol,Manual,12,10,10513
3242,Toyota,Model C,2021,53560,Hybrid,Manual,4,20,14897
3243,Mercedes,Model B,2023,14824,Diesel,Manual,7,1,16262
3244,Hyundai,Model B,2024,15416,Diesel,Automatic,2,30,27525
3245,Hyundai,Model C,2025,12714,Petrol,Manual,8,30,26140
3246,VW,Model A,2015,105746,Petrol,Automatic,10,20,3275
3247,Fiat,Model C,2022,37381,Petrol,Automatic,3,30,11241
3248,Honda,Model A,2021,20843,Petrol,Automatic,3,10,18033
3249,Mercedes,Model B,2025,22987,Petrol,Automatic,8,1,28250
3250,BMW,Model C,2024,0,Petrol,Manual,5,30,27970
3251,Toyota,Model B,2022,28277,Petrol,Automatic,6,10,18814
3252,BMW,Model B,2011,188075,Petrol,Manual,6,30,500
3253,Honda,Model B,2023,20482,Petrol,Automatic,7,20,17018
3254,BMW,Model B,2011,150039,Diesel,Automatic,3,30,500
3255,Honda,Model A,2020,70696,Petrol,Automatic,8,20,10520
3256,Mercedes,Model B,2014,142357,Diesel,Automatic,1,30,2091
3257,Toyota,Model A,2024,2502,Petrol,Manual,2,30,20347
3258,VW,Model C,2016,100126,Petrol,Manual,9,30,1136
3259,Toyota,Model B,2021,41468,Hybrid,Automatic,10,30,15446
3260,Toyota,Model B,2025,0,Petrol,Automatic,4,20,32177
3261,Dacia,Model C,2016,79605,Petrol,Automatic,3,1,3033
3262,VW,Model A,2022,33278,Petrol,Automatic,1,1,14701
3263,Honda,Model C,2021,74758,Petrol,Manual,6,20,9071
3264,Ford,Model C,2001,250000,Petrol,Automatic,7,10,3503
3265,Ford,Model C,2025,0,Petrol,Automatic,12,1,32955
3266,BMW,Model C,2006,210245,Petrol,Manual,1,30,500
3267,BMW,Model A,2022,45182,Petrol,Automatic,6,1,12950
3268,Ford,Model B,2023,42047,Petrol,Manual,6,10,17125
3269,Toyota,Model B,2024,29704,Hybrid,Manual,12,20,19880
3270,BMW,Model A,2024,0,Petrol,Automatic,3,20,26881
3271,Toyota,Model C,2018,91496,Petrol,Manual,1,1,11278
3272,Mercedes,Model A,2000,250000,Petrol,Manual,5,1,500
3273,Fiat,Model A,2025,7644,Hybrid,Automatic,8,30,18128
3274,Audi,Model B,2022,43176,Hybrid,Automatic,11,20,17434
3275,Mercedes,Model B,2025,0,Petrol,Automatic,4,10,33782
3276,Ford,Model C,2025,3301,Petrol,Manual,4,20,25385
3277,Honda,Model A,2025,18544,Diesel,Automatic,5,30,27059
3278,Ford,Model B,2022,12276,Petrol,Automatic,2,1,17087
3279,Honda,Model B,2020,41275,Diesel,Automatic,12,30,8845
3280,Honda,Model C,2025,0,Hybrid,Automatic,7,30,27524
3281,Hyundai,Model A,2021,66139,Petrol,Automatic,4,1,6958
3282,Audi,Model C,2016,112871,Diesel,Automatic,5,30,1784
3283,Toyota,Model A,2025,1785,Petrol,Automatic,11,30,26751
3284,Dacia,Model A,2025,0,Hybrid,Manual,9,1,17117
3285,Mercedes,Model C,2022,53828,Petrol,Manual,7,10,16157
3286,Toyota,Model A,2007,240936,Petrol,Automatic,10,1,500
3287,Mercedes,Model B,2021,66947,Diesel,Manual,10,1,15664
3288,BMW,Model C,2025,21638,Petrol,Automatic,3,20,29265
3289,Audi,Model B,2025,0,Diesel,Manual,2,30,31325
3290,BMW,Model C,2016,100497,Diesel,Automatic,12,30,500
3291,Mercedes,Model B,2006,225654,Petrol,Automatic,3,1,500
3292,Toyota,Model B,2025,578,Petrol,Automatic,6,1,25800
3293,BMW,Model A,2021,69465,Petrol,Automatic,12,10,13095
3294,Hyundai,Model C,2023,41488,Petrol,Manual,6,10,13441
3295,Hyundai,Model A,2025,2423,Petrol,Automatic,7,1,24852
3296,Toyota,Model A,2006,206532,Petrol,Automatic,10,1,2398
3297,Dacia,Model C,2024,0,Hybrid,Manual,5,10,9729
3298,VW,Model C,2007,219606,Diesel,Manual,6,10,4713
3299,VW,Model C,2020,73203,Petrol,Automatic,5,30,11867
3300,Mercedes,Model B,2025,0,Diesel,Automatic,4,30,29806
3301,Hyundai,Model B,2021,76723,Hybrid,Manual,6,20,11143
3302,Dacia,Model A,2025,0,Petrol,Automatic,10,10,17642
3303,Audi,Model C,2023,5874,Petrol,Manual,11,10,22859
3304,VW,Model A,2020,50035,Petrol,Manual,6,1,10836
3305,VW,Model A,2017,85465,Petrol,Automatic,5,10,10914
3306,Toyota,Model C,2020,67894,Petrol,Manual,12,30,8514
3307,Honda,Model A,2020,53674,Petrol,Automatic,5,1,10531
3308,BMW,Model B,2006,204782,Diesel,Manual,10,10,500
3309,Mercedes,Model C,2020,73373,Petrol,Automatic,10,1,12288
3310,BMW,Model C,2022,9600,Hybrid,Manual,1,1,25123
3311,Ford,Model B,2025,0,Petrol,Manual,3,30,24516
3312,Ford,Model C,2024,0,Petrol,Automatic,8,1,21470
3313,Fiat,Model C,2025,3106,Petrol,Manual,11,1,21373
3314,Honda,Model B,2000,250000,Hybrid,Automatic,8,20,500
3315,Audi,Model A,2017,124746,Petrol,Manual,10,1,7668
3316,BMW,Model A,2024,25707,Petrol,Manual,10,1,26480
3317,Fiat,Model B,2022,57624,Diesel,Manual,7,1,12251
3318,Honda,Model B,2000,250000,Petrol,Manual,8,1,500
3319,VW,Model A,2025,0,Diesel,Automatic,1,20,25969
3320,BMW,Model B,2025,1921,Petrol,Automatic,12,10,29675
3321,Honda,Model C,2023,32886,Diesel,Manual,9,1,15429
3322,Toyota,Model A,2006,238557,Petrol,Manual,2,30,500
3323,BMW,Model B,2025,0,Petrol,Automatic,4,20,28102
3324,Hyundai,Model C,2023,31331,Petrol,Automatic,1,30,13880
3325,Honda,Model B,2025,0,Petrol,Automatic,4,1,28841
3326,Toyota,Model B,2025,0,Diesel,Manual,4,1,14495
3327,Hyundai,Model A,2025,0,Petrol,Manual,9,20,27173
3328,Honda,Model B,2022,36369,Diesel,Automatic,6,10,17646
3329,BMW,Model C,2014,114332,Petrol,Automatic,11,30,987
3330,Dacia,Model B,2024,5628,Petrol,Manual,2,30,16376
3331,Audi,Model A,2024,25543,Petrol,Manual,9,1,26088
3332,Hyundai,Model C,2025,0,Petrol,Automatic,11,30,22095
3333,Hyundai,Model A,2015,112435,Petrol,Manual,6,10,3484
3334,Mercedes,Model A,2016,109074,Diesel,Automatic,4,20,3999
3335,Honda,Model A,2025,3703,Petrol,Manual,6,10,25207
3336,BMW,Model B,2025,0,Petrol,Manual,10,10,25401
3337,Toyota,Model B,2025,11802,Diesel,Manual,12,1,18168
3338,VW,Model B,2025,8856,Petrol,Manual,1,1,26121
3339,Audi,Model C,2023,41097,Petrol,Automatic,7,30,20743
3340,Mercedes,Model A,2024,10775,Hybrid,Manual,8,1,23204
3341,Honda,Model C,2025,0,Petrol,Manual,1,10,22840
3342,Honda,Model B,2023,13760,Diesel,Automatic,3,20,25308
3343,VW,Model C,2024,16605,Petrol,Automatic,1,10,23090
3344,Hyundai,Model A,2015,114342,Petrol,Automatic,4,1,2061
3345,VW,Model C,2022,27462,Diesel,Manual,3,20,18608
3346,Hyundai,Model C,2025,0,Hybrid,Manual,7,30,21750
3347,Audi,Model C,2019,61744,Petrol,Automatic,9,20,11974
3348,Ford,Model B,2016,110985,Petrol,Automatic,11,1,3778
3349,Toyota,Model B,2020,38811,Petrol,Automatic,4,30,13706
3350,Dacia,Model A,2018,88545,Hybrid,Automatic,1,20,4866
3351,Honda,Model A,2017,,Hybrid,Automatic,1,10,9930
3352,Dacia,Model B,2021,39286,Petrol,Manual,11,20,8820
3353,Hyundai,Model B,2025,28830,Diesel,Manual,11,30,19747
3354,VW,Model C,2022,36264,Petrol,Automatic,2,10,19331
3355,Honda,Model C,2016,84579,Petrol,Automatic,1,1,5895
3356,Honda,Model B,2007,211781,Petrol,Automatic,11,1,500
3357,Honda,Model C,2024,12939,Petrol,Automatic,9,30,11652
3358,Toyota,Model A,2021,54734,Diesel,Manual,7,1,11670
3359,Fiat,Model B,2025,0,Petrol,Automatic,7,10,20818
3360,Hyundai,Model C,2024,0,Diesel,Automatic,10,20,19993
3361,Hyundai,Model A,2025,0,Hybrid,Manual,4,1,23084
3362,Honda,Model B,2019,62196,Petrol,Automatic,5,30,6218
3363,BMW,Model B,2024,3633,Diesel,Automatic,1,20,25188
3364,VW,Model B,2018,66975,Petrol,Automatic,8,1,2511
3365,Toyota,Model C,2025,0,Hybrid,Automatic,12,1,29868
3366,Fiat,Model C,2024,21891,Diesel,Automatic,4,1,22539
3367,Hyundai,Model B,2020,84726,Petrol,Manual,12,10,10706
3368,Mercedes,Model B,2018,95331,Hybrid,Manual,10,1,8095
3369,Ford,Model C,2016,127587,Petrol,Manual,3,10,4206
3370,VW,Model C,2024,26611,Petrol,Manual,9,30,24476
3371,Ford,Model C,2017,108496,Diesel,Manual,5,30,9454
3372,Honda,Model B,2023,18933,Petrol,Automatic,2,30,19412
3373,Audi,Model C,2018,86113,Hybrid,Manual,2,30,5313
3374,Audi,Model B,2024,5690,Diesel,Automatic,1,10,31513
3375,Hyundai,Model B,2025,0,Petrol,Automatic,10,20,29072
3376,BMW,Model B,2025,1022,Petrol,Manual,12,20,29184
3377,Hyundai,Model A,2025,10703,Petrol,Manual,7,20,25160
3378,Honda,Model B,2016,114349,Petrol,Automatic,7,20,6528
3379,Dacia,Model B,2008,201572,Petrol,Automatic,9,10,1144
3380,Dacia,Model B,2024,12833,Diesel,Automatic,9,20,19178
3381,VW,Model C,2020,66501,Petrol,Manual,5,10,14278
3382,Toyota,Model C,2021,58010,Petrol,Manual,2,20,14684
3383,Honda,Model A,2003,241215,Petrol,Manual,6,1,500
3384,Audi,Model B,2018,67839,Petrol,Manual,9,1,7330
3385,BMW,Model C,2003,250000,Hybrid,Automatic,11,10,500
3386,Ford,Model A,2025,0,Petrol,Automatic,2,1,23958
3387,Hyundai,Model A,2018,77638,Petrol,Manual,8,10,6651
3388,Audi,Model B,2023,20047,Diesel,Automatic,1,30,19564
3389,Toyota,Model B,2003,250000,Petrol,Automatic,11,30,500
3390,Ford,Model C,2024,20369,Petrol,Manual,9,20,23695
3391,Fiat,Model B,2020,43379,Hybrid,Manual,9,10,10364
3392,Mercedes,Model C,2025,371,Petrol,Automatic,10,30,31744
3393,Audi,Model B,2025,3691,Petrol,Manual,7,30,33751
3394,Fiat,Model C,2020,65944,Diesel,Automatic,4,10,11643
3395,BMW,Model A,2025,3342,Petrol,Automatic,10,30,28593
3396,VW,Model A,2025,7738,Petrol,Automatic,10,30,22025
3397,Ford,Model A,2025,0,Diesel,Manual,2,20,21925
3398,Toyota,Model A,2025,0,Hybrid,Automatic,12,20,25572
3399,Honda,Model B,2018,120855,Petrol,Manual,3,1,5952
3400,Fiat,Model A,2023,19481,Petrol,Automatic,4,1,16756
3401,Mercedes,Model A,2006,225233,Petrol,Automatic,3,30,1605
3402,Audi,Model C,2009,202167,Hybrid,Automatic,12,20,500
3403,Honda,Model C,2025,23941,Petrol,Automatic,4,20,25431
3404,Toyota,Model B,2020,51832,Petrol,Automatic,12,30,3966
3405,Ford,Model B,2025,0,Petrol,Automatic,8,20,22646
3406,Fiat,Model C,2025,0,Petrol,Manual,3,10,19214
3407,Fiat,Model C,2025,23896,Diesel,Manual,7,1,19277
3408,Audi,Model B,2025,0,Petrol,Automatic,12,30,25069
3409,Toyota,Model C,2018,83586,Petrol,Automatic,8,1,9245
3410,Mercedes,Model A,2004,,Petrol,Automatic,2,1,500
3411,Fiat,Model B,2021,26274,Petrol,Automatic,4,30,14017
3412,Toyota,Model C,2013,139614,Petrol,Manual,3,20,500
3413,Honda,Model B,2002,250000,Petrol,Automatic,2,20,500
3414,Hyundai,Model C,2020,49625,Petrol,Manual,5,20,7660
3415,Honda,Model B,2025,30091,Diesel,Manual,9,30,22256
3416,Mercedes,Model A,2023,30373,Petrol,Automatic,5,20,18164
3417,Honda,Model A,2020,73972,Hybrid,Manual,6,10,12621
3418,Ford,Model C,2024,24369,Diesel,Automatic,5,10,22588
3419,VW,Model A,2017,94487,Petrol,Automatic,12,1,7860
3420,Ford,Model A,2001,250000,Petrol,Manual,8,10,500
3421,Mercedes,Model C,2025,1120,Petrol,Manual,11,10,28790
3422,Toyota,Model A,2024,14526,Petrol,Automatic,6,30,24792
3423,VW,Model C,2025,0,Hybrid,Manual,3,30,25255
3424,Fiat,Model C,2003,250000,Petrol,Manual,11,10,3327
3425,BMW,Model A,2025,0,Petrol,Manual,10,10,27472
3426,BMW,Model B,2023,21428,Petrol,Automatic,5,1,25833
3427,Ford,Model B,2023,18970,Petrol,Manual,8,10,21227
3428,Honda,Model C,2024,0,Diesel,Manual,2,20,22507
3429,Mercedes,Model C,2025,0,Petrol,Automatic,1,10,28870
3430,Honda,Model C,2023,2974,Petrol,Automatic,11,20,20727
3431,Dacia,Model B,2023,51061,Petrol,Automatic,12,20,13696
3432,Ford,Model A,2025,0,Petrol,Automatic,5,20,27467
3433,Honda,Model C,2025,11639,Petrol,Automatic,8,30,28268
3434,Hyundai,Model A,2021,16133,Petrol,Manual,9,20,17168
3435,Audi,Model B,2025,0,Petrol,Manual,10,10,22750
3436,Toyota,Model A,2021,27682,Petrol,Automatic,7,20,15436
3437,Honda,Model C,2017,92965,Petrol,Manual,8,20,7413
3438,Honda,Model C,2023,60329,Petrol,Manual,9,1,12511
3439,Fiat,Model C,2025,6903,Petrol,Automatic,2,1,27980
3440,Toyota,Model C,2025,25434,Petrol,Automatic,9,20,29001
3441,BMW,Model A,2020,56183,Diesel,Automatic,7,30,11920
3442,Fiat,Model C,2022,56473,Petrol,Automatic,5,1,13012
3443,Audi,Model B,2017,127098,Hybrid,Automatic,4,20,4902
3444,Toyota,Model B,2025,0,Hybrid,Automatic,8,30,26619
3445,Honda,Model A,2025,0,Diesel,Manual,3,10,27343
3446,Dacia,Model C,2024,0,Hybrid,Automatic,11,30,18090
3447,Honda,Model A,2025,0,Hybrid,Automatic,3,10,26456
3448,Honda,Model C,2025,1228,Petrol,Manual,10,20,25042
3449,Ford,Model B,2023,54464,Hybrid,Manual,11,30,17991
3450,Dacia,Model A,2005,220575,Petrol,Manual,12,20,500
3451,Hyundai,Model B,2021,14668,Petrol,Automatic,6,10,10913
3452,Mercedes,Model A,2024,0,Hybrid,Manual,1,30,25388
3453,Hyundai,Model B,2024,5598,Petrol,Automatic,9,20,24343
3454,Hyundai,Model B,2020,64670,Petrol,Manual,4,1,12087
3455,VW,Model C,2025,7688,Hybrid,Automatic,2,1,26222
3456,VW,Model B,2015,128835,Petrol,Automatic,11,20,7344
3457,Honda,Model B,2022,41961,Petrol,Manual,2,1,15288
3458,Ford,Model A,2024,20706,Petrol,Automatic,7,20,24740
3459,VW,Model A,2024,12686,Diesel,Automatic,10,20,23064
3460,Mercedes,Model C,2024,0,Diesel,Automatic,3,10,28921
3461,Audi,Model A,2019,44225,Diesel,Automatic,12,1,10179
3462,Mercedes,Model A,2015,111799,Petrol,Automatic,5,20,4725
3463,Hyundai,Model A,2024,9980,Petrol,Manual,5,10,19144
3464,VW,Model A,2023,42808,Diesel,Automatic,2,30,15848
3465,Honda,Model A,2015,118490,Diesel,Automatic,9,1,500
3466,Hyundai,Model C,2025,0,Petrol,Manual,7,30,21915
3467,VW,Model C,2021,53782,Petrol,Manual,12,10,10982
3468,Fiat,Model A,2024,7949,Petrol,Manual,9,30,19584
3469,BMW,Model B,2025,12158,Diesel,Automatic,10,20,27297
3470,Honda,Model C,2015,149690,Hybrid,Automatic,3,20,8773
3471,VW,Model A,2001,75000,Petrol,Automatic,9,1,500
3472,Audi,Model B,2025,1455,Petrol,Manual,7,1,22861
3473,Toyota,Model B,2023,29053,Petrol,Automatic,6,30,22640
3474,Toyota,Model C,2024,35682,Hybrid,Manual,10,20,21533
3475,Hyundai,Model B,2025,0,Hybrid,Manual,12,1,17795
3476,Honda,Model B,2025,10187,Petrol,Automatic,2,20,24359
3477,Honda,Model A,2025,0,Petrol,Automatic,10,30,26319
3478,Honda,Model A,2022,31337,Petrol,Automatic,12,1,16259
3479,Audi,Model A,2022,53341,Petrol,Automatic,4,20,23148
3480,Fiat,Model A,2021,,Hybrid,Manual,5,30,9337
3481,Toyota,Model A,2015,118079,Petrol,Automatic,10,30,4373
3482,Ford,Model A,2023,386,Diesel,Automatic,12,30,18562
3483,Mercedes,Model B,2019,102086,Petrol,Automatic,12,20,6350
3484,Honda,Model A,2025,18945,Petrol,Automatic,1,30,24953
3485,Fiat,Model B,2023,26821,Diesel,Automatic,11,1,14656
3486,Dacia,Model A,2023,31612,Petrol,Automatic,8,1,14632
3487,Toyota,Model C,2020,65938,Diesel,Automatic,6,10,13096
3488,Mercedes,Model B,2005,250000,Diesel,Manual,11,1,1463
3489,Toyota,Model A,2003,250000,Petrol,Manual,11,1,500
3490,Toyota,Model B,2021,58984,Petrol,Manual,7,10,13791
3491,Ford,Model B,2008,220161,Diesel,Manual,6,20,500
3492,Honda,Model A,2023,42229,Petrol,Automatic,6,30,18201
3493,Hyundai,Model A,2025,0,Petrol,Manual,4,1,24238
3494,VW,Model B,2025,0,Hybrid,Automatic,9,20,21834
3495,Audi,Model A,2024,0,Diesel,Automatic,12,30,23313
3496,Hyundai,Model C,2017,98243,Diesel,Automatic,4,10,5374
3497,Hyundai,Model B,2025,0,Petrol,Automatic,11,20,25185
3498,Ford,Model C,2025,0,Diesel,Manual,5,20,19115
3499,Fiat,Model B,2016,140551,Hybrid,Automatic,2,20,500
3500,Hyundai,Model C,2025,9265,Petrol,Automatic,1,30,27584
3501,Ford,Model B,2019,,Petrol,Automatic,6,20,8017
3502,Fiat,Model B,2025,5455,Petrol,Manual,8,30,18672
3503,Ford,Model A,2025,2195,Diesel,Automatic,1,20,22718
3504,Honda,Model B,2003,250000,Diesel,Automatic,9,30,500
3505,Toyota,Model C,2025,0,Petrol,Manual,7,1,28857
3506,Fiat,Model B,2024,14799,Petrol,Automatic,12,1,23406
3507,Mercedes,Model B,2025,3411,Diesel,Manual,2,10,23301
3508,Honda,Model A,2022,20297,Petrol,Manual,9,10,19570
3509,Honda,Model A,2025,19154,Petrol,Automatic,3,10,28703
3510,Ford,Model C,2006,221314,Petrol,Manual,3,10,3325
3511,VW,Model C,2020,75261,Petrol,Manual,1,30,9842
3512,Honda,Model A,2006,229723,Petrol,Automatic,1,10,500
3513,Audi,Model C,2025,24503,Petrol,Automatic,3,30,33374
3514,Fiat,Model B,2025,0,Petrol,Manual,3,30,22415
3515,VW,Model C,2025,0,Petrol,Automatic,1,10,27116
3516,Fiat,Model C,2025,0,Diesel,Automatic,9,1,17820
3517,Audi,Model C,2008,205999,Diesel,Manual,7,20,500
3518,Ford,Model C,2021,71122,Diesel,Automatic,5,20,14111
3519,VW,Model C,2007,239896,Hybrid,Manual,2,20,500
3520,Toyota,Model A,2017,61350,Petrol,Automatic,5,30,7852
3521,Hyundai,Model C,2017,99745,Petrol,Manual,6,20,4885
3522,BMW,Model C,2022,0,Petrol,Automatic,12,1,20226
3523,Ford,Model C,2018,95925,Diesel,Automatic,7,1,4289
3524,Ford,Model B,2010,196772,Petrol,Automatic,1,30,780
3525,Honda,Model A,2015,119396,Petrol,Automatic,3,30,500
3526,Ford,Model C,2014,133259,Petrol,Automatic,5,30,2122
3527,Mercedes,Model A,2025,1104,Diesel,Automatic,6,1,20817
3528,VW,Model A,2025,0,Petrol,Manual,9,10,23638
3529,Toyota,Model C,2025,6475,Petrol,Automatic,8,1,25832
3530,Honda,Model A,2021,44528,Hybrid,Automatic,7,1,18178
3531,Toyota,Model A,2019,85954,Diesel,Automatic,11,20,5904
3532,Honda,Model A,2025,0,Petrol,Manual,3,30,24362
3533,Ford,Model B,2020,47084,Petrol,Manual,1,30,4705
3534,Hyundai,Model A,2019,48962,Petrol,Manual,11,30,6993
3535,Honda,Model C,2017,68039,Diesel,Automatic,6,30,500
3536,Toyota,Model A,2012,175687,Petrol,Automatic,7,1,802
3537,Honda,Model B,2018,77133,Petrol,Automatic,11,1,8497
3538,VW,Model A,2020,65078,Petrol,Manual,12,30,13060
3539,Toyota,Model B,2024,38748,Hybrid,Automatic,7,10,21611
3540,Toyota,Model C,2006,219557,Diesel,Manual,11,30,500
3541,Ford,Model B,2017,86587,Petrol,Automatic,7,1,5779
3542,Toyota,Model C,2025,0,Petrol,Automatic,1,30,25284
3543,Audi,Model A,2014,132441,Diesel,Automatic,12,20,2972
3544,Mercedes,Model A,2020,88313,Diesel,Automatic,11,1,10893
3545,Toyota,Model C,2025,23487,Diesel,Automatic,10,10,22847
3546,BMW,Model B,2015,129313,Diesel,Automatic,6,1,4222
3547,Ford,Model A,2008,225741,Diesel,Automatic,12,30,500
3548,Mercedes,Model A,2022,33326,Petrol,Manual,7,20,19119
3549,Toyota,Model B,2020,64487,Petrol,Automatic,10,30,14873
3550,Audi,Model A,2023,5843,Petrol,Automatic,2,30,19670
3551,Ford,Model C,2025,0,Petrol,Automatic,3,1,25776
3552,Fiat,Model C,2013,162058,Petrol,Automatic,6,1,500
3553,Ford,Model C,2023,31975,Petrol,Automatic,8,1,15787
3554,Honda,Model A,2022,36271,Petrol,Automatic,11,10,16051
3555,VW,Model C,2014,131962,Hybrid,Automatic,4,1,6845
3556,BMW,Model B,2024,0,Petrol,Automatic,10,1,31521
3557,Mercedes,Model C,2019,57337,Petrol,Manual,12,30,14765
3558,BMW,Model A,2022,41042,Petrol,Automatic,11,1,19152
3559,BMW,Model B,2008,196063,Petrol,Automatic,8,1,500
3560,Audi,Model A,2021,44734,Hybrid,Automatic,11,10,18190
3561,Honda,Model B,2020,58430,Hybrid,Automatic,11,1,13605
3562,Mercedes,Model C,2025,0,Petrol,Automatic,7,30,33310
3563,Dacia,Model C,2005,225481,Petrol,Automatic,11,1,500
3564,Fiat,Model B,2021,23814,Diesel,Automatic,6,20,10900
3565,Dacia,Model B,2021,45802,Petrol,Manual,7,30,12116
3566,BMW,Model C,2025,9279,Petrol,Automatic,1,20,29752
3567,Fiat,Model A,2023,,Petrol,Manual,12,30,14076
3568,Hyundai,Model C,2024,11639,Diesel,Manual,2,30,22079
3569,Fiat,Model A,2025,4217,Diesel,Manual,4,30,18949
3570,Honda,Model C,2025,0,Petrol,Manual,4,20,23858
3571,Hyundai,Model B,2020,81332,Hybrid,Automatic,2,20,12695
3572,BMW,Model A,2022,30214,Petrol,Automatic,12,20,18795
3573,BMW,Model C,2025,0,Diesel,Manual,12,1,24735
3574,Mercedes,Model C,2025,0,Petrol,Automatic,11,1,29088
3575,Fiat,Model A,2025,0,Petrol,Manual,5,30,18707
3576,BMW,Model B,2020,75131,Petrol,Automatic,1,20,15881
3577,Mercedes,Model B,2016,93667,Hybrid,Automatic,3,30,9197
3578,Dacia,Model C,2022,32452,Petrol,Automatic,10,1,12267
3579,Mercedes,Model B,2025,8964,Petrol,Automatic,4,20,26903
3580,Fiat,Model C,2022,57913,Petrol,Automatic,12,1,9354
3581,Hyundai,Model B,2022,19801,Petrol,Manual,11,30,14169
3582,BMW,Model A,2025,0,Petrol,Automatic,3,30,29558
3583,BMW,Model C,2020,80736,Petrol,Automatic,9,20,11108
3584,Honda,Model B,2025,6955,Petrol,Automatic,6,10,24951
3585,Dacia,Model C,2021,58067,Petrol,Automatic,3,10,9759
3586,Fiat,Model B,2020,44233,Petrol,Automatic,8,30,8484
3587,Toyota,Model A,2021,42311,Petrol,Automatic,11,1,5776
3588,Toyota,Model A,2025,0,Petrol,Automatic,12,20,23057
3589,Toyota,Model A,2012,42939,Petrol,Manual,1,1,582
3590,VW,Model C,2016,82881,Petrol,Manual,6,10,9670
3591,Toyota,Model C,2025,0,Petrol,Manual,8,10,23832
3592,Mercedes,Model A,2015,140314,Petrol,Automatic,5,20,6355
3593,VW,Model A,2023,24887,Hybrid,Automatic,4,10,19000
3594,Honda,Model C,2023,44614,Petrol,Manual,10,1,20636
3595,BMW,Model A,2022,38685,Hybrid,Manual,10,10,19927
3596,Hyundai,Model C,2024,529,Petrol,Automatic,10,30,21175
3597,Ford,Model A,2017,115164,Petrol,Automatic,12,1,3892
3598,Honda,Model B,2023,27184,Petrol,Automatic,7,30,24148
3599,VW,Model C,2020,74427,Petrol,Automatic,10,1,9900
3600,Honda,Model A,2024,0,Petrol,Manual,1,30,20209
3601,Ford,Model C,2014,147581,Petrol,Automatic,12,10,4894
3602,Fiat,Model A,2023,40033,Petrol,Automatic,12,20,15433
3603,Ford,Model C,2016,112346,Diesel,Manual,11,10,4098
3604,VW,Model A,2019,59896,Petrol,Automatic,8,30,13608
3605,Ford,Model C,2017,95309,Petrol,Manual,7,30,8078
3606,Honda,Model A,2016,117169,Petrol,Manual,2,20,4555
3607,Mercedes,Model B,2025,3518,Petrol,Automatic,1,20,33256
3608,Toyota,Model C,2019,81016,Petrol,Automatic,4,30,7107
3609,VW,Model A,2025,15183,Petrol,Automatic,2,1,26842
3610,Toyota,Model A,2025,0,Petrol,Automatic,8,30,29447
3611,Toyota,Model A,2023,6673,Hybrid,Manual,5,10,21736
3612,Hyundai,Model B,2014,131436,Diesel,Manual,5,20,4321
3613,BMW,Model B,2020,55053,Petrol,Manual,1,1,9183
3614,VW,Model B,2025,11787,Petrol,Manual,7,20,19571
3615,Honda,Model B,2020,43882,Diesel,Automatic,9,1,11046
3616,Toyota,Model C,2008,219305,Petrol,Manual,5,1,3004
3617,Toyota,Model A,2023,44304,Petrol,Manual,2,1,15470
3618,Mercedes,Model C,2025,4,Petrol,Automatic,9,1,34380
3619,Toyota,Model B,2025,911,Petrol,Manual,2,30,24179
3620,Toyota,Model A,2015,108486,Petrol,Automatic,11,10,1080
3621,Honda,Model B,2024,3860,Diesel,Manual,7,1,24510
3622,VW,Model C,2017,89874,Petrol,Manual,3,1,500
3623,Honda,Model A,2017,117644,Petrol,Automatic,12,30,1534
3624,Hyundai,Model B,2025,0,Petrol,Automatic,2,30,22397
3625,Ford,Model B,2018,64167,Petrol,Automatic,8,30,5146
3626,Mercedes,Model B,2018,87830,Petrol,Automatic,8,1,9092
3627,Audi,Model A,2000,250000,Diesel,Automatic,1,30,500
3628,BMW,Model C,2025,0,Diesel,Automatic,8,20,33433
3629,Dacia,Model C,2025,22038,Petrol,Automatic,9,30,20428
3630,Fiat,Model B,2024,23662,Diesel,Automatic,12,20,16291
3631,BMW,Model C,2025,0,Petrol,Automatic,9,1,27491
3632,Ford,Model C,2015,111728,Petrol,Automatic,7,20,6475
3633,Dacia,Model B,2021,51393,Petrol,Manual,11,30,7572
3634,VW,Model B,2020,35007,Petrol,Manual,5,20,5462
3635,Honda,Model C,2009,197045,Diesel,Automatic,11,30,500
3636,Audi,Model C,2022,9576,Petrol,Automatic,11,1,24515
3637,Audi,Model A,2025,15351,Petrol,Manual,8,1,31849
3638,VW,Model B,2004,250000,Petrol,Automatic,5,10,500
3639,Hyundai,Model A,2019,79571,Diesel,Manual,8,30,9676
3640,Honda,Model C,2016,97861,Diesel,Automatic,12,20,7849
3641,Mercedes,Model A,2017,98553,Petrol,Automatic,8,1,8183
3642,Dacia,Model B,2025,0,Petrol,Manual,11,20,20305
3643,Hyundai,Model A,2022,20537,Diesel,Manual,5,1,15622
3644,Mercedes,Model C,2022,30918,Petrol,Manual,4,10,18332
3645,BMW,Model B,2025,,Petrol,Manual,4,1,27206
3646,Honda,Model C,2015,120657,Petrol,Automatic,7,1,7193
3647,Toyota,Model C,2022,,Petrol,Automatic,6,20,15656
3648,Toyota,Model A,2021,59486,Petrol,Automatic,11,30,13245
3649,BMW,Model B,2023,,Diesel,Automatic,2,1,22471
3650,Dacia,Model C,2025,0,Petrol,Manual,7,10,17697
3651,Hyundai,Model B,2025,,Petrol,Automatic,6,1,28060
3652,Mercedes,Model A,2021,32034,Petrol,Automatic,12,20,13994
3653,Fiat,Model A,2025,0,Petrol,Automatic,10,20,26232
3654,VW,Model B,2015,109600,Hybrid,Automatic,6,20,8711
3655,Toyota,Model C,2003,250000,Petrol,Automatic,9,30,500
3656,Fiat,Model A,2016,123917,Petrol,Automatic,10,20,3399
3657,Ford,Model A,2020,67128,Petrol,Automatic,1,10,10910
3658,Hyundai,Model A,2022,51106,Diesel,Manual,9,30,10200
3659,Honda,Model B,2023,0,Hybrid,Automatic,2,1,23009
3660,Honda,Model B,2025,869,Petrol,Automatic,3,30,23608
3661,Toyota,Model A,2022,50500,Diesel,Manual,6,30,14938
3662,Toyota,Model C,2022,58594,Petrol,Manual,12,10,10658
3663,Ford,Model B,2005,216778,Petrol,Automatic,12,1,500
3664,Dacia,Model C,2003,250000,Petrol,Automatic,12,10,1251
3665,Ford,Model B,2023,39513,Hybrid,Manual,1,1,15757
3666,Mercedes,Model B,2021,45115,Diesel,Automatic,11,10,17778
3667,BMW,Model B,2025,0,Petrol,Automatic,10,1,31174
3668,Fiat,Model C,2015,96750,Hybrid,Automatic,7,1,5858
3669,Toyota,Model C,2002,250000,Petrol,Manual,5,30,1732
3670,Toyota,Model A,2021,22666,Petrol,Manual,10,10,12476
3671,Hyundai,Model B,2017,96876,Petrol,Manual,2,30,6459
3672,Dacia,Model B,2004,250000,Hybrid,Automatic,9,20,1990
3673,VW,Model B,2025,0,Petrol,Automatic,9,30,22805
3674,Mercedes,Model B,2011,171865,Diesel,Manual,7,1,500
3675,Toyota,Model B,2023,36679,Hybrid,Automatic,11,1,17348
3676,Hyundai,Model C,2019,71959,Petrol,Automatic,5,1,7993
3677,Fiat,Model A,2015,95839,Petrol,Automatic,6,30,1772
3678,Dacia,Model C,2020,65793,Petrol,Automatic,10,30,6735
3679,Honda,Model C,2025,0,Diesel,Manual,9,30,25664
3680,Hyundai,Model C,2021,45652,Petrol,Automatic,8,30,12151
3681,BMW,Model B,2025,0,Petrol,Automatic,4,1,30675
3682,Toyota,Model B,2012,157301,Petrol,Automatic,4,1,1951
3683,Toyota,Model C,2025,7647,Petrol,Manual,10,30,22974
3684,Dacia,Model A,2017,131859,Petrol,Manual,1,10,3072
3685,BMW,Model C,2024,13684,Diesel,Manual,9,30,26165
3686,Toyota,Model C,2023,46667,Petrol,Automatic,4,20,21677
3687,Dacia,Model C,2025,5366,Petrol,Manual,9,1,17719
3688,Toyota,Model C,2021,46507,Petrol,Automatic,3,1,11915
3689,Audi,Model C,2006,230228,Diesel,Automatic,5,30,500
3690,VW,Model C,2001,250000,Petrol,Automatic,10,30,500
3691,VW,Model C,2025,4587,Diesel,Automatic,10,1,26760
3692,Honda,Model B,2022,6119,Petrol,Manual,3,10,12279
3693,Dacia,Model C,2025,0,Petrol,Manual,5,1,21058
3694,Audi,Model A,2017,97647,Diesel,Manual,7,1,8035
3695,Fiat,Model B,2020,77909,Diesel,Manual,8,10,6767
3696,Hyundai,Model B,2003,250000,Diesel,Automatic,10,1,500
3697,Toyota,Model B,2025,0,Petrol,Automatic,1,30,22305
3698,Hyundai,Model A,2024,14335,Petrol,Manual,2,30,25946
3699,Mercedes,Model A,2025,14765,Petrol,Manual,2,30,26589
3700,Mercedes,Model B,2018,64057,Petrol,Manual,3,1,10513
3701,Fiat,Model B,2023,30071,Petrol,Automatic,1,20,14406
3702,BMW,Model B,2024,0,Petrol,Manual,12,1,24473
3703,BMW,Model C,2020,57422,Petrol,Manual,3,20,6218
3704,Toyota,Model C,2025,0,Petrol,Automatic,1,30,28076
3705,Mercedes,Model C,2025,6530,Petrol,Manual,6,30,28378
3706,Fiat,Model C,2025,8254,Hybrid,Automatic,12,1,20290
3707,Fiat,Model B,2025,13366,Petrol,Automatic,12,1,20332
3708,Honda,Model A,2019,77222,Petrol,Manual,9,20,9026
3709,Toyota,Model A,2019,74574,Hybrid,Manual,3,20,4497
3710,Honda,Model A,2025,27810,Petrol,Automatic,1,1,25888
3711,Audi,Model A,2001,250000,Petrol,Manual,5,20,500
3712,Toyota,Model B,2025,,Diesel,Automatic,2,30,33573
3713,Mercedes,Model C,2025,0,Petrol,Automatic,10,1,30887
3714,Honda,Model C,2024,20563,Diesel,Automatic,12,20,23453
3715,Ford,Model C,2025,0,Diesel,Manual,2,30,22687
3716,Dacia,Model B,2020,49461,Petrol,Manual,5,10,7276
3717,VW,Model B,2020,67268,Petrol,Automatic,12,20,7271
3718,VW,Model B,2007,231631,Petrol,Manual,10,1,500
3719,Toyota,Model B,2021,55095,Petrol,Manual,11,1,13768
3720,Fiat,Model B,2018,75868,Petrol,Automatic,12,20,6662
3721,Dacia,Model C,2020,114170,Petrol,Manual,6,30,5500
3722,Dacia,Model C,2025,17978,Diesel,Manual,9,30,19522
3723,BMW,Model B,2025,14000,Petrol,Automatic,9,1,28487
3724,Ford,Model A,2016,102705,Petrol,Automatic,8,30,1569
3725,Ford,Model A,2020,50622,Hybrid,Automatic,5,10,14576
3726,Toyota,Model A,2025,0,Diesel,Manual,11,20,19133
3727,Dacia,Model A,2006,244221,Petrol,Manual,10,10,500
3728,Toyota,Model A,2009,177140,Diesel,Automatic,6,1,500
3729,Audi,Model B,2015,103976,Petrol,Manual,6,1,10091
3730,Honda,Model A,2023,32093,Petrol,Automatic,1,30,23227
3731,Toyota,Model A,2015,124787,Petrol,Automatic,11,1,6861
3732,Fiat,Model C,2025,0,Petrol,Manual,4,10,16742
3733,Honda,Model A,2021,31631,Petrol,Automatic,6,10,15652
3734,Toyota,Model C,2022,57568,Petrol,Automatic,6,1,18525
3735,Ford,Model A,2018,89355,Petrol,Automatic,9,30,10436
3736,BMW,Model C,2022,15546,Petrol,Automatic,5,30,22423
3737,Hyundai,Model B,2024,0,Petrol,Manual,3,30,19156
3738,Hyundai,Model B,2025,0,Diesel,Automatic,11,30,24054
3739,Honda,Model A,2025,10992,Petrol,Manual,3,10,23470
3740,Dacia,Model B,2023,32925,Petrol,Manual,1,30,14105
3741,Ford,Model B,2025,16975,Hybrid,Automatic,3,1,26170
3742,VW,Model B,2025,0,Hybrid,Manual,6,20,24252
3743,Fiat,Model C,2025,3357,Petrol,Manual,6,10,24488
3744,VW,Model A,2005,250000,Petrol,Automatic,10,20,500
3745,Honda,Model C,2000,250000,Diesel,Automatic,3,20,500
3746,BMW,Model A,2017,101383,Petrol,Manual,10,30,6523
3747,VW,Model A,2024,47220,Petrol,Automatic,2,1,22978
3748,Dacia,Model B,2021,57139,Petrol,Automatic,6,20,11296
3749,Honda,Model B,2021,63641,Petrol,Automatic,11,1,13654
3750,Toyota,Model C,2025,666,Hybrid,Automatic,6,10,27032
3751,Honda,Model B,2025,0,Diesel,Automatic,12,1,24978
3752,VW,Model C,2025,0,Petrol,Automatic,8,1,26276
3753,BMW,Model A,2020,62724,Diesel,Automatic,10,30,11723
3754,Fiat,Model C,2024,8827,Petrol,Automatic,7,30,22486
3755,Fiat,Model C,2019,45471,Petrol,Manual,6,1,3569
3756,Honda,Model C,2016,92613,Petrol,Manual,2,30,5527
3757,Mercedes,Model C,2016,103223,Petrol,Automatic,2,20,8222
3758,VW,Model B,2020,70909,Petrol,Automatic,8,1,12932
3759,Mercedes,Model A,2021,47758,Diesel,Manual,8,10,13628
3760,Honda,Model B,2025,0,Petrol,Automatic,12,30,24085
3761,BMW,Model B,2011,153196,Diesel,Manual,11,10,500
3762,Ford,Model C,2025,347,Petrol,Automatic,11,20,24146
3763,Toyota,Model C,2022,55786,Petrol,Automatic,4,30,20521
3764,Hyundai,Model B,2019,22300,Diesel,Automatic,6,30,6660
3765,Hyundai,Model A,2022,13390,Petrol,Manual,2,20,14619
3766,Dacia,Model C,2019,53227,Petrol,Automatic,8,30,5868
3767,Audi,Model C,2023,32831,Petrol,Manual,1,10,21177
3768,BMW,Model C,2021,44635,Petrol,Automatic,6,20,14499
3769,Honda,Model A,2015,118881,Petrol,Automatic,8,10,1633
3770,BMW,Model B,2011,158808,Petrol,Automatic,3,30,500
3771,Mercedes,Model A,2023,31551,Petrol,Automatic,10,30,17213
3772,Ford,Model C,2025,0,Petrol,Automatic,9,30,24896
3773,Ford,Model C,2020,57200,Diesel,Automatic,2,10,5578
3774,BMW,Model B,2025,0,Hybrid,Automatic,12,1,37627
3775,Honda,Model C,2024,25825,Petrol,Automatic,7,1,14499
3776,Honda,Model C,2025,0,Diesel,Manual,1,10,21200
3777,Audi,Model C,2025,9118,Hybrid,Manual,5,20,28360
3778,Fiat,Model B,2023,6096,Petrol,Automatic,12,30,17509
3779,Mercedes,Model B,2024,38008,Petrol,Automatic,12,20,20079
3780,Audi,Model B,2025,19160,Petrol,Automatic,2,1,29284
3781,Mercedes,Model B,2021,19353,Diesel,Automatic,11,10,15856
3782,Mercedes,Model C,2020,47970,Petrol,Automatic,8,20,14079
3783,Fiat,Model B,2001,250000,Petrol,Automatic,1,20,3398
3784,Audi,Model C,2025,0,Petrol,Manual,10,10,28270
3785,VW,Model A,2025,0,Diesel,Manual,6,20,27370
3786,Toyota,Model C,2010,186399,Petrol,Automatic,5,20,1641
3787,Ford,Model A,2023,21229,Petrol,Manual,5,10,22736
3788,Fiat,Model C,2022,44082,Hybrid,Automatic,8,10,10964
3789,Hyundai,Model C,2011,157600,Diesel,Automatic,9,30,958
3790,BMW,Model A,2025,0,Diesel,Manual,9,10,31028
3791,Hyundai,Model A,2017,110731,Hybrid,Automatic,4,1,2665
3792,Honda,Model C,2006,242637,Diesel,Manual,9,1,3489
3793,Toyota,Model A,2023,61554,Diesel,Automatic,2,30,24684
3794,VW,Model A,2025,0,Hybrid,Manual,12,1,21171
3795,Dacia,Model C,2003,250000,Diesel,Automatic,6,30,500
3796,BMW,Model C,2024,0,Petrol,Manual,2,30,22671
3797,Hyundai,Model A,2022,62347,Petrol,Automatic,8,20,15558
3798,Audi,Model B,2010,187318,Petrol,Automatic,8,1,500
3799,Toyota,Model C,2015,105721,Petrol,Manual,1,20,5151
3800,Fiat,Model B,2023,35703,Diesel,Manual,1,10,14079
3801,Honda,Model B,2019,63704,Petrol,Manual,12,30,9858
3802,BMW,Model C,2025,4506,Diesel,Automatic,5,1,31332
3803,Honda,Model B,2025,3089,Hybrid,Automatic,4,30,23520
3804,Hyundai,Model B,2025,26162,Petrol,Automatic,7,20,28931
3805,Honda,Model B,2018,111223,Petrol,Automatic,1,30,5592
3806,Mercedes,Model A,2025,0,Petrol,Manual,1,30,33033
3807,Honda,Model A,2021,63871,Petrol,Manual,2,20,10507
3808,Fiat,Model A,2020,65322,Petrol,Manual,11,10,10439
3809,VW,Model A,2005,218809,Petrol,Automatic,4,10,2200
3810,VW,Model C,2005,229556,Diesel,Automatic,7,30,837
3811,Hyundai,Model A,2024,47042,Petrol,Manual,3,1,20889
3812,BMW,Model B,2021,53367,Petrol,Manual,7,30,12146
3813,Ford,Model B,2017,110996,Petrol,Manual,7,30,7144
3814,Toyota,Model B,2023,20819,Petrol,Manual,6,1,20296
3815,Mercedes,Model A,2018,75900,Petrol,Manual,6,10,9896
3816,Audi,Model C,2023,24408,Petrol,Automatic,9,10,19278
3817,Hyundai,Model C,2020,56008,Petrol,Manual,11,30,10915
3818,Mercedes,Model C,2025,0,Diesel,Automatic,4,10,27284
3819,Toyota,Model B,2025,0,Hybrid,Manual,7,20,24314
3820,Toyota,Model B,2022,46618,Petrol,Manual,11,20,17802
3821,BMW,Model B,2020,54289,Diesel,Automatic,3,20,12246
3822,Honda,Model A,2020,60385,Petrol,Automatic,12,30,5998
3823,Hyundai,Model A,2025,3523,Diesel,Automatic,10,10,26237
3824,BMW,Model A,2020,64695,Petrol,Automatic,5,10,9432
3825,Mercedes,Model C,2016,125198,Petrol,Automatic,5,20,9487
3826,VW,Model C,2008,187519,Petrol,Automatic,3,10,500
3827,Ford,Model C,2022,44553,Diesel,Automatic,4,30,15877
3828,VW,Model A,2022,47325,Petrol,Automatic,8,10,19500
3829,Audi,Model C,2025,14787,Hybrid,Automatic,1,30,28595
3830,Hyundai,Model C,2017,74806,Petrol,Automatic,1,30,6289
3831,Honda,Model C,2021,51822,Petrol,Automatic,12,1,12782
3832,Ford,Model C,2025,25741,Petrol,Manual,3,10,27327
3833,BMW,Model C,2025,0,Diesel,Manual,11,1,29498
3834,Audi,Model A,2021,55252,Petrol,Manual,8,10,12739
3835,Hyundai,Model C,2021,59705,Petrol,Automatic,6,10,13020
3836,Audi,Model C,2020,44617,Diesel,Manual,10,20,10488
3837,BMW,Model A,2025,27507,Petrol,Automatic,1,10,30573
3838,Ford,Model B,2011,175492,Petrol,Automatic,10,30,8518
3839,Honda,Model C,2025,7792,Petrol,Automatic,11,1,23103
3840,Ford,Model B,2024,0,Petrol,Automatic,4,20,21966
3841,Ford,Model A,2022,,Petrol,Automatic,4,10,17560
3842,Honda,Model C,2003,250000,Diesel,Manual,2,10,500
3843,Honda,Model B,2022,60362,Diesel,Manual,11,30,11971
3844,Fiat,Model B,2021,43331,Diesel,Manual,11,20,10178
3845,Honda,Model A,2015,105185,Petrol,Manual,6,20,5663
3846,Ford,Model A,2024,1766,Petrol,Manual,5,30,20504
3847,Audi,Model B,2025,0,Diesel,Automatic,6,10,31639
3848,Fiat,Model C,2023,7217,Hybrid,Manual,6,20,10976
3849,BMW,Model C,2025,19352,Petrol,Manual,6,30,27332
3850,Ford,Model A,2006,247915,Petrol,Automatic,2,1,500
3851,Toyota,Model C,2021,45063,Diesel,Manual,1,30,12639
3852,Ford,Model A,2011,162108,Petrol,Automatic,10,1,5566
3853,Toyota,Model A,2023,0,Hybrid,Automatic,5,1,18942
3854,VW,Model A,2025,10439,Petrol,Manual,7,1,22348
3855,BMW,Model C,2024,36801,Petrol,Manual,4,1,20316
3856,Toyota,Model A,2007,206442,Petrol,Manual,5,1,3523
3857,Hyundai,Model B,2020,58248,Hybrid,Manual,1,1,12132
3858,Audi,Model A,2023,30514,Petrol,Automatic,5,1,27146
3859,BMW,Model B,2021,,Hybrid,Automatic,6,1,20489
3860,Honda,Model C,2025,2996,Petrol,Automatic,11,1,28218
3861,Dacia,Model B,2025,2931,Petrol,Manual,5,1,17816
3862,BMW,Model A,2023,26689,Petrol,Automatic,2,20,27363
3863,BMW,Model A,2020,38624,Petrol,Manual,10,10,8569
3864,Ford,Model A,2018,62298,Petrol,Automatic,5,30,9271
3865,Audi,Model C,2010,167880,Petrol,Manual,12,30,1901
3866,Toyota,Model C,2020,75193,Petrol,Automatic,12,1,11818
3867,Hyundai,Model A,2021,42969,Hybrid,Automatic,11,10,12591
3868,Mercedes,Model C,2024,4055,Hybrid,Automatic,3,30,24551
3869,VW,Model B,2024,3792,Petrol,Automatic,4,10,21044
3870,Honda,Model B,2007,213935,Petrol,Automatic,10,30,500
3871,Fiat,Model C,2021,73531,Diesel,Manual,6,20,4643
3872,Dacia,Model C,2016,105732,Petrol,Automatic,4,1,5064
3873,Honda,Model A,2015,108205,Petrol,Manual,4,1,5945
3874,Ford,Model A,2025,378,Petrol,Manual,8,10,24554
3875,VW,Model B,2004,250000,Diesel,Manual,12,30,1941
3876,Toyota,Model A,2021,40457,Petrol,Automatic,8,20,12924
3877,Audi,Model C,2015,102284,Petrol,Manual,8,10,2154
3878,Dacia,Model B,2025,0,Petrol,Automatic,10,20,22014
3879,Honda,Model A,2023,25931,Diesel,Automatic,10,1,17060
3880,BMW,Model C,2017,106323,Diesel,Automatic,12,20,4023
3881,Hyundai,Model C,2022,51103,Petrol,Automatic,3,30,15832
3882,Ford,Model A,2025,0,Diesel,Manual,12,10,20416
3883,Mercedes,Model B,2025,0,Petrol,Automatic,5,1,23819
3884,BMW,Model C,2017,91151,Petrol,Automatic,4,1,3473
3885,Toyota,Model B,2025,10267,Petrol,Automatic,7,30,24951
3886,Fiat,Model B,2025,0,Petrol,Automatic,4,1,20177
3887,Dacia,Model A,2025,0,Diesel,Automatic,3,10,18782
3888,Toyota,Model C,2024,,Petrol,Automatic,12,30,26312
3889,Hyundai,Model A,2024,26126,Petrol,Automatic,2,30,25994
3890,Honda,Model B,2021,55923,Petrol,Manual,12,30,11936
3891,VW,Model A,2025,13555,Hybrid,Manual,8,20,21752
3892,Toyota,Model C,2022,56080,Petrol,Automatic,12,30,20010
3893,Honda,Model C,2024,7415,Diesel,Manual,12,30,22533
3894,Toyota,Model B,2021,30188,Petrol,Automatic,9,1,17172
3895,BMW,Model B,2025,0,Petrol,Manual,8,30,32154
3896,Mercedes,Model B,2025,0,Diesel,Automatic,12,1,25091
3897,Toyota,Model B,2014,125118,Hybrid,Manual,7,30,500
3898,Dacia,Model C,2025,,Petrol,Automatic,3,1,19731
3899,Dacia,Model B,2023,35813,Petrol,Automatic,12,1,15940
3900,Hyundai,Model A,2025,253,Diesel,Automatic,5,30,21929
3901,Audi,Model B,2021,40645,Petrol,Automatic,2,1,16632
3902,Honda,Model B,2020,58260,Petrol,Manual,9,20,7122
3903,Honda,Model A,2025,0,Petrol,Manual,6,20,22528
3904,Toyota,Model A,2018,99381,Petrol,Automatic,5,20,5221
3905,BMW,Model B,2025,0,Petrol,Automatic,8,30,29971
3906,Honda,Model B,2022,18901,Petrol,Automatic,1,10,16554
3907,BMW,Model C,2022,48268,Petrol,Automatic,9,30,15229
3908,Hyundai,Model B,2020,,Diesel,Automatic,7,20,10524
3909,VW,Model C,2023,0,Petrol,Automatic,7,10,23672
3910,Toyota,Model A,2020,72825,Diesel,Manual,12,10,8358
3911,Ford,Model A,2003,250000,Hybrid,Automatic,11,1,500
3912,Audi,Model A,2019,66388,Hybrid,Manual,7,20,4982
3913,Audi,Model B,2000,250000,Petrol,Manual,8,1,500
3914,Toyota,Model B,2025,8799,Petrol,Automatic,11,30,29534
3915,Hyundai,Model C,2025,6682,Petrol,Automatic,6,10,26700
3916,Audi,Model B,2021,47252,Petrol,Manual,9,1,13602
3917,Ford,Model B,2025,0,Diesel,Automatic,7,1,28292
3918,Audi,Model C,2020,66183,Petrol,Automatic,7,30,13042
3919,Toyota,Model A,2024,10224,Hybrid,Manual,12,1,21543
3920,Audi,Model A,2025,27080,Petrol,Automatic,1,1,32087
3921,Ford,Model C,2025,8796,Petrol,Manual,6,20,24444
3922,Honda,Model C,2021,34148,Petrol,Automatic,12,1,8792
3923,VW,Model C,2025,0,Petrol,Manual,12,1,20109
3924,Audi,Model C,2018,84722,Petrol,Manual,10,20,14550
3925,BMW,Model B,2025,19491,Petrol,Automatic,8,20,25934
3926,VW,Model C,2002,250000,Hybrid,Manual,9,1,916
3927,Mercedes,Model B,2023,18057,Hybrid,Manual,4,20,28064
3928,Audi,Model A,2024,0,Petrol,Automatic,7,10,27248
3929,Toyota,Model A,2024,0,Petrol,Manual,7,30,20165
3930,VW,Model A,2012,159786,Petrol,Automatic,1,30,3121
3931,Ford,Model B,2025,34556,Petrol,Manual,11,1,19888
3932,Mercedes,Model B,2016,116086,Petrol,Automatic,6,30,5289
3933,Ford,Model C,2024,0,Petrol,Automatic,12,1,23463
3934,VW,Model A,2017,25532,Petrol,Automatic,5,10,1700
3935,Toyota,Model B,2020,50641,Petrol,Automatic,6,30,8477
3936,Audi,Model A,2023,3500,Diesel,Manual,4,10,22196
3937,VW,Model A,2021,12654,Petrol,Automatic,9,30,14261
3938,Ford,Model A,2015,125540,Petrol,Automatic,7,30,4505
3939,BMW,Model A,2015,130229,Diesel,Automatic,12,10,9713
3940,VW,Model B,2021,64376,Hybrid,Automatic,6,1,13136
3941,Honda,Model A,2025,7863,Diesel,Automatic,9,30,29858
3942,Hyundai,Model A,2025,0,Petrol,Automatic,9,1,24815
3943,Mercedes,Model C,2008,188140,Diesel,Manual,4,20,1300
3944,Audi,Model C,2021,45628,Hybrid,Automatic,12,30,17456
3945,Honda,Model A,2010,182209,Diesel,Manual,5,30,744
3946,Honda,Model C,2001,250000,Petrol,Manual,8,1,500
3947,Toyota,Model A,2024,12647,Petrol,Automatic,8,20,25747
3948,VW,Model B,2023,,Diesel,Manual,6,30,16561
3949,Ford,Model A,2015,123566,Petrol,Automatic,3,1,500
3950,VW,Model C,2017,92174,Petrol,Automatic,8,1,6284
3951,Mercedes,Model B,2002,250000,Petrol,Automatic,5,1,500
3952,VW,Model A,2025,16887,Petrol,Automatic,5,10,25881
3953,Honda,Model B,2025,0,Petrol,Automatic,7,30,28440
3954,BMW,Model A,2013,143546,Petrol,Manual,9,30,793
3955,Audi,Model C,2017,95496,Diesel,Manual,10,1,6115
3956,BMW,Model B,2025,,Petrol,Manual,6,10,21541
3957,Honda,Model A,2025,0,Petrol,Automatic,2,10,23343
3958,Toyota,Model C,2021,74637,Diesel,Manual,10,10,15563
3959,Dacia,Model C,2005,222354,Petrol,Manual,9,30,708
3960,Fiat,Model B,2003,250000,Petrol,Automatic,11,20,500
3961,Hyundai,Model A,2023,,Petrol,Automatic,4,20,16207
3962,Honda,Model B,2021,63454,Petrol,Automatic,12,20,8854
3963,Hyundai,Model C,2002,,Hybrid,Automatic,4,20,500
3964,Audi,Model B,2023,7609,Diesel,Manual,4,20,25275
3965,Ford,Model C,2001,250000,Petrol,Manual,7,30,1375
3966,Toyota,Model B,2025,35166,Petrol,Automatic,12,20,21030
3967,Mercedes,Model C,2020,78693,Petrol,Manual,3,30,9966
3968,BMW,Model C,2004,248278,Petrol,Manual,11,30,500
3969,Ford,Model C,2023,0,Petrol,Manual,1,10,19970
3970,BMW,Model A,2021,49224,Diesel,Automatic,3,10,18480
3971,VW,Model B,2025,5434,Petrol,Automatic,5,10,29949
3972,Fiat,Model C,2023,18259,Petrol,Automatic,9,20,17032
3973,Mercedes,Model B,2019,59239,Petrol,Manual,2,10,11414
3974,Honda,Model A,2025,2387,Petrol,Manual,2,1,22437
3975,VW,Model B,2019,57866,Petrol,Automatic,2,30,7720
3976,Toyota,Model B,2025,28086,Petrol,Automatic,9,10,23971
3977,Fiat,Model A,2020,,Diesel,Manual,2,10,7701
3978,Fiat,Model B,2023,33868,Petrol,Automatic,5,30,14001
3979,Mercedes,Model A,2005,241345,Petrol,Automatic,2,30,500
3980,BMW,Model B,2021,38097,Petrol,Automatic,5,1,15399
3981,Dacia,Model A,2025,0,Diesel,Automatic,9,20,19696
3982,Dacia,Model A,2025,24589,Petrol,Automatic,4,20,20731
3983,Toyota,Model B,2017,32708,Diesel,Automatic,8,1,4275
3984,BMW,Model A,2017,99055,Petrol,Manual,4,30,8397
3985,Ford,Model B,2025,13859,Diesel,Manual,10,30,22342
3986,Toyota,Model C,2025,8184,Petrol,Automatic,10,30,29106
3987,Dacia,Model B,2009,197944,Petrol,Automatic,4,1,500
3988,Hyundai,Model C,2021,62708,Hybrid,Automatic,1,30,13280
3989,Ford,Model A,2020,67755,Petrol,Automatic,2,20,11775
3990,Toyota,Model C,2025,12878,Petrol,Manual,7,30,21404
3991,VW,Model A,2008,206420,Petrol,Automatic,5,30,500
3992,Toyota,Model B,2017,92188,Hybrid,Automatic,5,10,10746
3993,BMW,Model B,2025,0,Petrol,Manual,8,1,23854
3994,Honda,Model B,2005,229990,Petrol,Manual,3,30,500
3995,Honda,Model C,2022,11922,Petrol,Automatic,6,10,19121
3996,Hyundai,Model C,2021,,Petrol,Automatic,3,30,11085
3997,Fiat,Model A,2020,45887,Petrol,Automatic,12,1,7959
3998,Toyota,Model C,2021,40389,Petrol,Automatic,1,1,15673
3999,Honda,Model A,2022,59433,Petrol,Automatic,1,30,11431
4000,Honda,Model B,2015,117636,Petrol,Manual,8,30,6952
4001,Toyota,Model C,2023,27626,Hybrid,Automatic,1,10,21069
4002,VW,Model A,2025,4099,Petrol,Manual,11,30,20251
4003,Honda,Model C,2025,23813,Petrol,Manual,11,30,17483
4004,Fiat,Model C,2015,111366,Diesel,Automatic,6,30,2204
4005,VW,Model B,2014,128662,Petrol,Automatic,11,1,3959
4006,Audi,Model A,2018,82407,Petrol,Manual,10,10,16423
4007,Mercedes,Model B,2020,77048,Petrol,Automatic,2,1,17239
4008,Toyota,Model A,2021,68161,Diesel,Automatic,11,30,11449
4009,Toyota,Model B,2024,19118,Diesel,Automatic,11,30,23512
4010,Toyota,Model C,2005,250000,Diesel,Manual,5,30,1010
4011,Mercedes,Model A,2003,250000,Petrol,Automatic,10,1,500
4012,Dacia,Model B,2021,45410,Hybrid,Automatic,12,30,9529
4013,Mercedes,Model A,2024,29680,Petrol,Manual,10,10,22703
4014,VW,Model A,2016,115314,Diesel,Manual,2,20,632
4015,BMW,Model A,2024,967,Petrol,Manual,2,30,23321
4016,Toyota,Model A,2018,98961,Petrol,Manual,12,10,6759
4017,Toyota,Model A,2025,0,Petrol,Automatic,7,1,29266
4018,Toyota,Model B,2025,0,Petrol,Manual,9,1,29089
4019,Honda,Model B,2019,85395,Petrol,Automatic,12,1,6937
4020,Ford,Model B,2017,94667,Petrol,Manual,1,1,6257
4021,Ford,Model A,2021,53834,Petrol,Automatic,6,10,15492
4022,Ford,Model B,2018,93929,Petrol,Manual,8,30,7892
4023,Hyundai,Model C,2024,255,Petrol,Manual,1,1,19961
4024,Fiat,Model C,2025,5772,Petrol,Automatic,8,1,21225
4025,VW,Model A,2024,32242,Hybrid,Manual,11,20,18302
4026,BMW,Model B,2025,0,Petrol,Manual,1,20,26661
4027,Dacia,Model C,2021,54748,Petrol,Automatic,11,30,16334
4028,Dacia,Model A,2015,107557,Petrol,Automatic,12,1,1233
4029,VW,Model B,2025,15320,Diesel,Manual,12,20,24473
4030,Honda,Model B,2020,75178,Petrol,Manual,7,1,8364
4031,Audi,Model B,2024,6685,Petrol,Automatic,11,10,26833
4032,Hyundai,Model B,2019,105144,Diesel,Automatic,10,1,12531
4033,Fiat,Model B,2008,220599,Petrol,Manual,11,10,500
4034,VW,Model C,2025,10603,Petrol,Automatic,5,30,28201
4035,Ford,Model A,2015,129759,Petrol,Automatic,6,1,500
4036,Mercedes,Model B,2025,14758,Petrol,Automatic,3,10,29760
4037,Toyota,Model C,2025,0,Petrol,Automatic,1,20,26895
4038,VW,Model C,2025,2919,Petrol,Manual,8,20,23721
4039,BMW,Model B,2024,17747,Diesel,Automatic,4,20,26217
4040,Ford,Model A,2023,17997,Petrol,Automatic,7,30,22985
4041,Hyundai,Model B,2025,6971,Petrol,Automatic,12,10,24841
4042,Toyota,Model B,2019,90475,Petrol,Automatic,1,10,12382
4043,BMW,Model A,2022,29673,Petrol,Manual,11,20,20809
4044,Hyundai,Model C,2023,23183,Petrol,Automatic,2,30,19289
4045,Mercedes,Model B,2021,35691,Diesel,Manual,9,1,19249
4046,Toyota,Model B,2021,21195,Petrol,Manual,5,1,14484
4047,VW,Model B,2020,71683,Petrol,Automatic,2,1,12465
4048,Hyundai,Model B,2023,23613,Diesel,Manual,10,1,12800
4049,Fiat,Model C,2025,713,Petrol,Automatic,9,20,23931
4050,Honda,Model C,2016,93198,Petrol,Manual,9,30,2737
4051,Honda,Model A,2025,0,Petrol,Automatic,12,30,24898
4052,Hyundai,Model C,2024,28448,Petrol,Automatic,1,10,16549
4053,Ford,Model B,2025,12,Petrol,Manual,6,1,22654
4054,Ford,Model C,2023,24437,Petrol,Automatic,8,30,14560
4055,Honda,Model A,2025,3112,Petrol,Automatic,5,1,25982
4056,Toyota,Model B,2001,250000,Diesel,Automatic,9,20,500
4057,Honda,Model C,2025,9373,Petrol,Automatic,12,20,30487
4058,Toyota,Model A,2004,233172,Diesel,Automatic,9,10,1803
4059,Toyota,Model C,2025,0,Petrol,Automatic,8,1,25571
4060,Dacia,Model B,2025,0,Diesel,Manual,10,10,18867
4061,Toyota,Model A,2019,69371,Petrol,Automatic,2,1,12079
4062,Audi,Model C,2017,90713,Petrol,Automatic,8,20,9144
4063,Toyota,Model B,2025,0,Petrol,Manual,6,20,21305
4064,Ford,Model A,2018,70421,Hybrid,Manual,4,10,7372
4065,Fiat,Model B,2025,15082,Petrol,Automatic,7,10,21145
4066,Hyundai,Model B,2010,192510,Petrol,Manual,11,20,3148
4067,Hyundai,Model B,2012,153392,Petrol,Automatic,6,30,500
4068,Fiat,Model B,2025,0,Petrol,Manual,9,30,22278
4069,Fiat,Model A,2024,3309,Petrol,Automatic,8,10,22558
4070,Audi,Model B,2025,0,Petrol,Automatic,12,10,22169
4071,Honda,Model C,2020,38996,Petrol,Automatic,6,20,10539
4072,Toyota,Model B,2024,0,Diesel,Manual,11,20,14246
4073,Toyota,Model C,2023,36901,Petrol,Automatic,11,20,17613
4074,VW,Model C,2023,28527,Petrol,Manual,6,1,18138
4075,Toyota,Model C,2024,36514,Petrol,Manual,7,20,16491
4076,Ford,Model B,2023,19512,Petrol,Manual,5,30,15440
4077,Toyota,Model B,2021,42577,Petrol,Automatic,7,30,14494
4078,Toyota,Model C,2019,65881,Diesel,Manual,4,30,3709
4079,Toyota,Model B,2025,0,Petrol,Automatic,11,20,27564
4080,Hyundai,Model C,2017,86100,Petrol,Automatic,4,20,9845
4081,Ford,Model B,2024,16064,Diesel,Automatic,4,30,20074
4082,Dacia,Model B,2017,96436,Hybrid,Automatic,12,1,3816
4083,Hyundai,Model A,2024,4351,Petrol,Manual,7,1,16456
4084,Honda,Model C,2025,18767,Diesel,Manual,2,30,22594
4085,Audi,Model A,2017,124448,Petrol,Automatic,5,30,7694
4086,VW,Model B,2005,250000,Petrol,Automatic,9,20,1551
4087,VW,Model A,2013,152371,Diesel,Manual,6,10,2221
4088,Honda,Model A,2023,35426,Hybrid,Automatic,6,1,19868
4089,Audi,Model B,2025,27846,Petrol,Manual,7,1,35838
4090,Ford,Model A,2004,250000,Petrol,Manual,3,1,3882
4091,Audi,Model C,2025,0,Diesel,Automatic,6,20,31508
4092,Dacia,Model C,2020,65884,Petrol,Manual,3,1,2222
4093,Ford,Model B,2022,45393,Petrol,Manual,5,10,13297
4094,Toyota,Model B,2025,0,Hybrid,Manual,7,1,21607
4095,Audi,Model B,2020,55726,Petrol,Automatic,9,20,15399
4096,VW,Model A,2022,52505,Petrol,Manual,8,1,12619
4097,VW,Model C,2001,250000,Petrol,Automatic,8,20,500
4098,Ford,Model A,2008,185243,Petrol,Manual,8,20,1124
4099,Ford,Model B,2018,81353,Petrol,Automatic,7,1,5047
4100,Ford,Model C,2002,250000,Petrol,Automatic,8,10,500
4101,Toyota,Model B,2024,0,Petrol,Manual,5,20,26012
4102,Dacia,Model A,2021,46098,Diesel,Automatic,12,20,5026
4103,Honda,Model B,2023,41306,Petrol,Automatic,8,10,20068
4104,BMW,Model A,2015,121029,Diesel,Automatic,12,1,2796
4105,Toyota,Model C,2019,,Petrol,Automatic,6,30,9381
4106,Mercedes,Model A,2024,3118,Petrol,Automatic,5,1,26224
4107,Toyota,Model C,2025,0,Hybrid,Automatic,12,10,28713
4108,Ford,Model C,2005,250000,Petrol,Automatic,10,20,500
4109,BMW,Model C,2025,,Petrol,Automatic,7,20,28914
4110,Fiat,Model A,2023,6216,Diesel,Automatic,9,1,12196
4111,Ford,Model A,2023,11987,Petrol,Automatic,5,30,17757
4112,Toyota,Model A,2022,59468,Petrol,Automatic,10,30,17130
4113,Toyota,Model C,2006,214131,Diesel,Automatic,3,20,500
4114,Honda,Model A,2008,218014,Petrol,Manual,12,10,4337
4115,Audi,Model B,2023,16827,Petrol,Automatic,6,1,24560
4116,BMW,Model C,2020,59952,Diesel,Manual,2,1,7077
4117,BMW,Model B,2025,4418,Hybrid,Manual,11,1,28181
4118,Toyota,Model A,2021,16485,Petrol,Automatic,12,20,13817
4119,Mercedes,Model A,2014,110059,Petrol,Automatic,10,1,3930
4120,BMW,Model A,2025,1294,Diesel,Automatic,8,30,32293
4121,Fiat,Model B,2019,61135,Petrol,Automatic,12,30,5528
4122,Audi,Model A,2022,50948,Petrol,Automatic,8,30,20876
4123,Honda,Model B,2024,0,Petrol,Manual,10,20,21839
4124,Mercedes,Model A,2025,8478,Petrol,Automatic,6,30,35246
4125,BMW,Model A,2025,,Petrol,Automatic,10,20,35080
4126,VW,Model C,2024,6718,Diesel,Manual,12,1,19096
4127,Mercedes,Model C,2024,0,Petrol,Manual,5,1,20203
4128,BMW,Model A,2025,28536,Petrol,Automatic,10,20,36629
4129,Ford,Model B,2019,51907,Petrol,Automatic,2,30,925
4130,BMW,Model B,2000,250000,Petrol,Manual,8,1,1790
4131,Honda,Model A,2019,46097,Petrol,Automatic,5,1,7809
4132,Toyota,Model C,2017,119993,Petrol,Manual,11,1,2303
4133,Toyota,Model A,2024,18019,Hybrid,Automatic,5,10,24543
4134,BMW,Model C,2024,14054,Diesel,Automatic,6,30,25941
4135,Dacia,Model C,2023,46114,Petrol,Automatic,12,10,15376
4136,Honda,Model C,2001,250000,Diesel,Manual,3,1,500
4137,Ford,Model B,2025,3293,Petrol,Manual,8,1,21712
4138,VW,Model C,2020,61975,Diesel,Automatic,11,30,6543
4139,Hyundai,Model B,2024,20454,Diesel,Automatic,4,30,26796
4140,Ford,Model A,2023,16613,Petrol,Automatic,1,20,18760
4141,Hyundai,Model A,2020,17035,Petrol,Manual,12,30,8842
4142,Honda,Model C,2013,156155,Petrol,Automatic,8,30,2798
4143,Toyota,Model B,2009,196160,Petrol,Manual,3,30,500
4144,Hyundai,Model B,2025,0,Petrol,Manual,4,1,23961
4145,Fiat,Model B,2025,0,Petrol,Automatic,10,10,21354
4146,Mercedes,Model B,2024,34470,Petrol,Manual,9,10,24325
4147,Honda,Model C,2010,170078,Petrol,Automatic,10,10,4873
4148,VW,Model C,2021,62808,Diesel,Automatic,8,10,15401
4149,BMW,Model C,2025,2636,Petrol,Manual,10,10,28272
4150,Fiat,Model B,2025,0,Petrol,Automatic,11,10,21140
4151,Honda,Model C,2011,186784,Petrol,Manual,5,10,3683
4152,Ford,Model B,2000,250000,Petrol,Automatic,12,1,1378
4153,Mercedes,Model C,2025,,Petrol,Automatic,7,10,37121
4154,Audi,Model A,2020,57263,Hybrid,Manual,3,30,10360
4155,Mercedes,Model A,2018,94560,Petrol,Manual,3,1,7628
4156,Audi,Model A,2001,250000,Petrol,Manual,10,1,500
4157,Honda,Model C,2023,16496,Petrol,Automatic,5,1,17697
4158,Hyundai,Model A,2025,0,Diesel,Automatic,4,1,25569
4159,Honda,Model C,2025,0,Petrol,Manual,8,30,21420
4160,Audi,Model A,2023,9323,Diesel,Automatic,10,1,22405
4161,BMW,Model A,2022,26931,Petrol,Manual,2,10,16041
4162,Ford,Model A,2008,216957,Hybrid,Automatic,6,10,500
4163,Toyota,Model A,2023,11150,Petrol,Automatic,10,1,18842
4164,Dacia,Model B,2020,73278,Petrol,Automatic,12,30,5555
4165,Hyundai,Model C,2023,43646,Diesel,Automatic,1,10,19970
4166,Hyundai,Model B,2021,63202,Petrol,Manual,9,10,12309
4167,BMW,Model A,2018,78837,Petrol,Manual,8,20,10092
4168,Hyundai,Model B,2009,160118,Petrol,Automatic,7,10,867
4169,Mercedes,Model C,2020,20619,Petrol,Automatic,3,1,13958
4170,Ford,Model C,2009,190121,Hybrid,Manual,10,1,4500
4171,Honda,Model A,2015,105324,Hybrid,Manual,5,20,7706
4172,Ford,Model A,2025,0,Petrol,Automatic,3,20,28772
4173,Mercedes,Model A,2021,69516,Petrol,Automatic,11,30,17508
4174,Honda,Model C,2022,18939,Petrol,Automatic,4,20,13961
4175,BMW,Model A,2025,7024,Petrol,Manual,3,20,22992
4176,BMW,Model B,2025,3269,Petrol,Automatic,4,1,29070
4177,VW,Model B,2023,18639,Petrol,Manual,3,30,19557
4178,Dacia,Model C,2025,9667,Hybrid,Automatic,10,1,20538
4179,Hyundai,Model C,2020,84483,Petrol,Manual,3,10,13175
4180,Honda,Model B,2020,55560,Diesel,Automatic,9,30,10505
4181,BMW,Model C,2021,44352,Petrol,Automatic,3,1,23013
4182,BMW,Model A,2024,21330,Petrol,Automatic,3,30,24545
4183,Mercedes,Model A,2024,25773,Petrol,Manual,5,1,22647
4184,Dacia,Model C,2020,58084,Petrol,Automatic,12,10,6775
4185,Toyota,Model A,2013,139419,Diesel,Manual,12,1,500
4186,Hyundai,Model C,2024,0,Hybrid,Manual,2,30,22296
4187,VW,Model A,2012,144329,Petrol,Automatic,5,10,2003
4188,Ford,Model B,2023,6910,Petrol,Manual,5,1,17073
4189,Dacia,Model B,2024,22269,Petrol,Manual,3,30,20963
4190,Audi,Model A,2025,0,Petrol,Manual,6,1,23260
4191,Honda,Model C,2025,0,Petrol,Manual,10,30,25891
4192,Fiat,Model A,2025,0,Diesel,Manual,2,1,13549
4193,Ford,Model C,2022,22947,Petrol,Automatic,9,30,14799
4194,Audi,Model A,2025,23298,Petrol,Manual,4,30,27202
4195,Audi,Model B,2023,43472,Hybrid,Manual,9,10,22614
4196,Hyundai,Model B,2016,132271,Petrol,Automatic,9,10,4436
4197,BMW,Model B,2002,250000,Petrol,Automatic,10,30,1729
4198,Fiat,Model A,2019,71557,Diesel,Manual,11,1,5379
4199,BMW,Model A,2021,72220,Petrol,Automatic,12,30,16562
4200,Ford,Model C,2023,13785,Petrol,Manual,10,20,20062
4201,Ford,Model A,2025,0,Petrol,Automatic,7,30,24292
4202,Ford,Model B,2016,98977,Hybrid,Manual,1,20,2649
4203,Honda,Model A,2012,163843,Petrol,Automatic,12,20,500
4204,Fiat,Model A,2025,0,Petrol,Manual,8,20,21692
4205,VW,Model C,2010,177669,Petrol,Automatic,7,30,2478
4206,Hyundai,Model B,2022,11972,Petrol,Manual,3,30,12255
4207,Mercedes,Model B,2023,31216,Diesel,Automatic,9,30,22602
4208,BMW,Model B,2023,1243,Petrol,Manual,12,10,25655
4209,BMW,Model B,2008,190017,Petrol,Automatic,5,20,2207
4210,Mercedes,Model A,2005,250000,Petrol,Automatic,10,10,500
4211,VW,Model B,2010,197704,Hybrid,Automatic,4,10,1009
4212,Honda,Model B,2023,29614,Petrol,Manual,7,30,20885
4213,Hyundai,Model A,2023,28134,Petrol,Manual,3,20,16301
4214,Mercedes,Model B,2017,88035,Petrol,Automatic,7,1,8680
4215,Toyota,Model B,2024,406,Diesel,Manual,6,1,18597
4216,Fiat,Model B,2025,0,Diesel,Manual,1,10,21224
4217,Dacia,Model A,2004,229295,Petrol,Automatic,5,20,2029
4218,Fiat,Model C,2022,39786,Petrol,Manual,1,1,9331
4219,Hyundai,Model A,2024,12732,Petrol,Automatic,6,1,20321
4220,VW,Model B,2018,69998,Petrol,Automatic,12,20,5332
4221,Fiat,Model A,2020,83530,Petrol,Manual,4,1,8573
4222,VW,Model C,2023,33103,Petrol,Automatic,7,20,18096
4223,Dacia,Model C,2025,10377,Petrol,Automatic,2,30,18661
4224,BMW,Model A,2025,0,Hybrid,Manual,2,1,26392
4225,Fiat,Model B,2023,23980,Diesel,Manual,5,1,14849
4226,Ford,Model C,2025,2823,Petrol,Automatic,7,10,24315
4227,Mercedes,Model A,2020,62291,Petrol,Automatic,9,20,14512
4228,Audi,Model B,2024,36028,Petrol,Manual,6,10,23573
4229,Fiat,Model B,2022,32943,Petrol,Manual,1,30,11601
4230,Honda,Model A,2016,100431,Petrol,Manual,4,30,4558
4231,Dacia,Model B,2025,9513,Diesel,Automatic,1,20,17189
4232,Mercedes,Model A,2023,5030,Diesel,Manual,12,20,20199
4233,Toyota,Model C,2020,73864,Hybrid,Automatic,1,30,7793
4234,Toyota,Model B,2025,0,Petrol,Manual,1,1,24168
4235,Honda,Model C,2002,250000,Diesel,Automatic,4,20,500
4236,Ford,Model B,2020,50275,Diesel,Manual,8,30,9858
4237,VW,Model C,2005,247148,Petrol,Automatic,5,1,500
4238,BMW,Model C,2025,13610,Hybrid,Manual,1,20,29166
4239,BMW,Model A,2025,2301,Hybrid,Automatic,11,1,29210
4240,BMW,Model C,2020,42005,Diesel,Automatic,9,20,13088
4241,Fiat,Model B,2024,0,Petrol,Manual,5,10,14399
4242,Toyota,Model C,2021,37070,Petrol,Automatic,9,1,15137
4243,Toyota,Model B,2025,0,Hybrid,Automatic,4,1,28749
4244,Honda,Model A,2021,64912,Petrol,Automatic,7,1,18029
4245,Hyundai,Model B,2021,49651,Diesel,Automatic,12,10,14753
4246,BMW,Model A,2025,0,Petrol,Automatic,2,20,29905
4247,Mercedes,Model B,2018,105835,Diesel,Automatic,11,30,6911
4248,VW,Model B,2012,145480,Petrol,Manual,10,30,3643
4249,Dacia,Model B,2023,27758,Petrol,Manual,12,1,13952
4250,Ford,Model C,2025,0,Diesel,Automatic,7,10,20742
4251,Audi,Model A,2020,29726,Petrol,Automatic,4,10,7333
4252,Honda,Model B,2006,207533,Petrol,Manual,5,1,500
4253,Dacia,Model C,2020,53272,Diesel,Automatic,8,1,6509
4254,Honda,Model C,2022,49474,Petrol,Automatic,2,20,13617
4255,Toyota,Model A,2015,125197,Petrol,Automatic,5,10,5410
4256,Toyota,Model A,2024,14103,Diesel,Automatic,10,30,23410
4257,Dacia,Model B,2025,0,Petrol,Automatic,8,20,20365
4258,VW,Model C,2021,67051,Petrol,Manual,1,1,14121
4259,VW,Model A,2020,63355,Hybrid,Automatic,7,1,6919
4260,Audi,Model C,2021,46208,Petrol,Manual,7,30,15822
4261,Ford,Model C,2011,184986,Hybrid,Manual,9,20,500
4262,Toyota,Model B,2025,18712,Petrol,Manual,1,20,24265
4263,Audi,Model C,2021,65318,Petrol,Automatic,6,1,20707
4264,Fiat,Model C,2021,44293,Petrol,Automatic,12,20,14601
4265,Toyota,Model C,2024,0,Petrol,Automatic,1,1,27844
4266,Toyota,Model A,2021,,Hybrid,Automatic,9,1,18659
4267,Dacia,Model A,2024,0,Petrol,Manual,3,10,14223
4268,Mercedes,Model B,2006,250000,Petrol,Automatic,5,10,500
4269,VW,Model C,2025,419,Diesel,Manual,12,30,22151
4270,VW,Model B,2025,0,Diesel,Manual,5,30,22563
4271,Fiat,Model A,2024,0,Hybrid,Manual,7,30,18320
4272,Hyundai,Model B,2025,0,Petrol,Automatic,2,20,25232
4273,VW,Model B,2015,,Petrol,Manual,5,1,935
4274,Toyota,Model C,2022,35904,Petrol,Manual,2,30,13539
4275,Honda,Model C,2023,5461,Petrol,Automatic,8,1,17903
4276,Dacia,Model C,2023,18653,Petrol,Automatic,6,30,16418
4277,BMW,Model A,2021,27480,Petrol,Automatic,4,1,12707
4278,Hyundai,Model C,2020,68839,Diesel,Automatic,12,1,6412
4279,Audi,Model A,2012,155181,Petrol,Automatic,2,20,500
4280,Mercedes,Model A,2021,42323,Petrol,Automatic,11,30,15880
4281,Audi,Model A,2015,100678,Hybrid,Automatic,1,10,5511
4282,BMW,Model C,2025,0,Petrol,Manual,11,20,26864
4283,Dacia,Model C,2016,30533,Diesel,Automatic,6,20,2016
4284,Fiat,Model B,2005,244765,Hybrid,Manual,11,30,511
4285,Honda,Model A,2023,26505,Petrol,Automatic,10,1,23090
4286,VW,Model A,2023,35880,Petrol,Manual,8,1,20521
4287,Ford,Model C,2025,0,Petrol,Automatic,5,10,23199
4288,Hyundai,Model A,2023,0,Diesel,Manual,9,10,16106
4289,Hyundai,Model A,2020,74866,Petrol,Automatic,11,30,4976
4290,Audi,Model C,2025,0,Petrol,Automatic,7,20,29025
4291,Honda,Model B,2023,7396,Petrol,Manual,6,30,19120
4292,Ford,Model C,2007,64605,Petrol,Manual,2,30,979
4293,Dacia,Model C,2023,28534,Hybrid,Automatic,12,1,17722
4294,VW,Model C,2025,0,Diesel,Manual,4,10,26920
4295,Fiat,Model A,2021,39919,Petrol,Automatic,2,30,11963
4296,Hyundai,Model B,2019,66134,Petrol,Automatic,1,1,11688
4297,Ford,Model C,2014,153248,Petrol,Manual,10,30,500
4298,Fiat,Model B,2015,119959,Diesel,Automatic,9,1,4125
4299,Toyota,Model C,2021,33480,Petrol,Automatic,2,1,12623
4300,Toyota,Model B,2023,9633,Hybrid,Automatic,7,1,20856
4301,Hyundai,Model A,2008,200236,Petrol,Automatic,2,30,3141
4302,Mercedes,Model A,2025,3567,Petrol,Automatic,5,20,34584
4303,Toyota,Model B,2025,7259,Petrol,Automatic,10,30,25949
4304,Ford,Model B,2023,25862,Petrol,Manual,3,1,16716
4305,Toyota,Model B,2025,0,Diesel,Automatic,1,10,30625
4306,Dacia,Model C,2008,197640,Petrol,Automatic,3,30,2152
4307,Dacia,Model B,2022,47008,Hybrid,Manual,6,30,13689
4308,Honda,Model C,2024,0,Diesel,Automatic,4,30,25895
4309,Honda,Model B,2025,0,Diesel,Automatic,10,30,29500
4310,VW,Model C,2025,8961,Petrol,Manual,10,10,22121
4311,Honda,Model A,2019,85129,Petrol,Manual,4,10,4777
4312,Mercedes,Model A,2025,,Petrol,Automatic,4,1,31439
4313,VW,Model B,2012,44949,Hybrid,Manual,8,20,500
4314,VW,Model B,2025,0,Petrol,Manual,10,1,25251
4315,Audi,Model A,2025,7884,Petrol,Manual,12,20,30834
4316,Hyundai,Model B,2015,139781,Hybrid,Automatic,4,30,3464
4317,Ford,Model C,2025,38477,Petrol,Automatic,12,20,25251
4318,Audi,Model B,2004,250000,Petrol,Automatic,3,1,958
4319,VW,Model A,2021,47236,Petrol,Manual,1,1,12304
4320,Audi,Model C,2022,22202,Hybrid,Manual,10,1,20236
4321,Audi,Model C,2023,0,Petrol,Manual,6,20,23453
4322,Hyundai,Model C,2025,2654,Hybrid,Automatic,1,30,24754
4323,Fiat,Model B,2024,,Petrol,Automatic,1,1,20854
4324,Audi,Model B,2022,55062,Diesel,Automatic,1,10,21638
4325,Fiat,Model C,2025,16748,Petrol,Manual,4,20,18579
4326,Audi,Model C,2025,3684,Petrol,Automatic,10,30,33415
4327,Mercedes,Model B,2002,250000,Diesel,Manual,9,30,500
4328,BMW,Model A,2025,0,Petrol,Manual,12,30,25170
4329,Audi,Model C,2008,215437,Petrol,Automatic,8,20,1030
4330,Toyota,Model C,2025,0,Petrol,Automatic,2,30,26535
4331,Fiat,Model A,2019,61474,Petrol,Automatic,12,10,7999
4332,Audi,Model A,2013,139151,Petrol,Manual,9,1,2660
4333,Toyota,Model A,2021,42644,Petrol,Automatic,5,30,12425
4334,VW,Model C,2024,1235,Petrol,Automatic,4,10,23554
4335,Toyota,Model A,2021,48208,Petrol,Manual,3,1,12382
4336,VW,Model A,2005,231625,Petrol,Automatic,12,10,500
4337,Honda,Model C,2023,25504,Diesel,Automatic,6,1,23311
4338,Mercedes,Model A,2025,0,Diesel,Manual,7,10,26641
4339,VW,Model A,2021,44789,Petrol,Manual,11,30,13953
4340,BMW,Model C,2017,79555,Petrol,Automatic,12,1,7502
4341,Toyota,Model A,2021,38378,Petrol,Automatic,1,10,14015
4342,Toyota,Model A,2004,250000,Hybrid,Manual,12,30,4254
4343,Honda,Model B,2025,0,Petrol,Manual,1,30,27475
4344,VW,Model A,2025,0,Petrol,Automatic,11,30,28437
4345,Honda,Model A,2023,32534,Petrol,Manual,12,1,18606
4346,Ford,Model A,2020,38802,Petrol,Manual,8,30,14700
4347,Ford,Model C,2025,26668,Petrol,Automatic,7,1,24759
4348,Toyota,Model B,2023,42066,Petrol,Automatic,9,10,18083
4349,Dacia,Model B,2025,0,Petrol,Manual,5,20,19351
4350,Dacia,Model C,2024,191,Petrol,Automatic,3,30,21926
4351,Ford,Model C,2025,3029,Petrol,Manual,1,20,23952
4352,BMW,Model C,2023,2288,Petrol,Manual,12,10,15978
4353,Honda,Model C,2021,17967,Petrol,Manual,7,30,19770
4354,Mercedes,Model A,2025,0,Petrol,Automatic,9,1,31977
4355,Honda,Model C,2023,21989,Petrol,Manual,5,10,15309
4356,Mercedes,Model C,2023,25416,Diesel,Automatic,11,20,21422
4357,VW,Model B,2017,,Petrol,Automatic,5,10,7840
4358,BMW,Model B,2024,31109,Diesel,Automatic,1,10,28092
4359,Dacia,Model C,2023,1572,Petrol,Manual,5,1,10923
4360,Mercedes,Model B,2016,90926,Petrol,Automatic,11,10,7888
4361,VW,Model C,2005,247299,Hybrid,Manual,11,20,500
4362,Fiat,Model C,2023,6575,Diesel,Automatic,12,30,16670
4363,Audi,Model C,2025,0,Petrol,Manual,7,10,31016
4364,Dacia,Model B,2022,37850,Petrol,Automatic,12,1,10782
4365,Toyota,Model C,2017,,Petrol,Automatic,7,1,4949
4366,Dacia,Model B,2024,10003,Hybrid,Manual,2,1,16558
4367,Dacia,Model B,2008,193502,Diesel,Automatic,7,30,500
4368,Mercedes,Model A,2021,35075,Diesel,Automatic,11,1,17898
4369,Hyundai,Model A,2015,88465,Petrol,Manual,10,30,3400
4370,Mercedes,Model A,2016,110093,Diesel,Manual,6,1,3472
4371,Audi,Model B,2016,89292,Petrol,Automatic,3,1,2837
4372,BMW,Model C,2021,45476,Petrol,Manual,8,20,16177
4373,Mercedes,Model B,2005,232318,Diesel,Manual,12,20,500
4374,Ford,Model A,2021,44902,Hybrid,Automatic,3,30,10196
4375,Honda,Model B,2022,33754,Petrol,Automatic,11,10,18046
4376,Hyundai,Model A,2022,38904,Petrol,Automatic,2,20,18774
4377,Toyota,Model A,2021,37083,Petrol,Automatic,12,20,13488
4378,Dacia,Model B,2025,18640,Hybrid,Automatic,9,20,19527
4379,BMW,Model A,2014,104288,Petrol,Automatic,2,20,4354
4380,BMW,Model A,2022,32601,Petrol,Automatic,3,20,16271
4381,VW,Model B,2006,240543,Petrol,Automatic,12,1,2002
4382,Fiat,Model B,2007,223151,Petrol,Automatic,7,1,500
4383,Hyundai,Model B,2023,9377,Petrol,Automatic,6,20,22717
4384,Honda,Model A,2023,11876,Petrol,Manual,1,1,18127
4385,Audi,Model C,2025,,Diesel,Manual,2,1,27965
4386,BMW,Model B,2023,32988,Petrol,Automatic,9,1,24903
4387,Honda,Model A,2025,0,Petrol,Automatic,10,20,29187
4388,Honda,Model A,2004,250000,Petrol,Manual,11,30,500
4389,Toyota,Model A,2009,195964,Petrol,Manual,7,30,1424
4390,Ford,Model A,2004,250000,Petrol,Automatic,5,30,500
4391,VW,Model B,2016,112698,Petrol,Automatic,8,1,2517
4392,VW,Model A,2023,11832,Diesel,Automatic,8,30,21613
4393,Audi,Model A,2024,0,Petrol,Manual,1,10,28666
4394,Ford,Model A,2004,247862,Petrol,Manual,12,20,2146
4395,Mercedes,Model C,2025,0,Diesel,Manual,9,30,31742
4396,Mercedes,Model A,2025,0,Petrol,Automatic,1,30,36318
4397,Hyundai,Model A,2019,61292,Petrol,Manual,12,10,7471
4398,VW,Model C,2007,220460,Petrol,Automatic,12,10,500
4399,Hyundai,Model A,2015,112014,Hybrid,Manual,12,1,1660
4400,Mercedes,Model C,2012,170529,Petrol,Automatic,12,1,5028
4401,Fiat,Model B,2012,132624,Diesel,Automatic,3,1,500
4402,Mercedes,Model C,2022,46153,Hybrid,Automatic,12,1,19272
4403,Fiat,Model C,2018,97708,Petrol,Manual,10,30,8419
4404,Toyota,Model B,2020,74347,Petrol,Manual,9,30,8757
4405,Mercedes,Model A,2025,0,Petrol,Automatic,12,1,29270
4406,Toyota,Model B,2024,16718,Petrol,Automatic,5,30,23086
4407,Mercedes,Model B,2025,0,Petrol,Automatic,12,30,32255
4408,Honda,Model C,2014,110907,Petrol,Automatic,8,20,5480
4409,Dacia,Model A,2021,41791,Diesel,Automatic,8,30,12521
4410,Toyota,Model A,2023,10425,Hybrid,Automatic,9,1,26791
4411,Ford,Model C,2007,229811,Petrol,Automatic,10,30,3213
4412,Fiat,Model A,2000,250000,Diesel,Manual,6,10,2737
4413,Ford,Model B,2024,0,Petrol,Manual,12,1,17447
4414,Toyota,Model A,2024,1136,Petrol,Automatic,2,30,23896
4415,Dacia,Model A,2021,42289,Petrol,Automatic,12,20,11277
4416,Mercedes,Model A,2022,34913,Petrol,Automatic,9,30,17108
4417,Honda,Model B,2021,63095,Hybrid,Automatic,12,1,16108
4418,Hyundai,Model B,2002,250000,Diesel,Manual,5,20,1413
4419,BMW,Model B,2020,60770,Petrol,Manual,11,1,13647
4420,VW,Model C,2015,116090,Petrol,Automatic,8,30,815
4421,Audi,Model A,2009,,Petrol,Manual,11,30,4205
4422,Mercedes,Model B,2025,19379,Petrol,Manual,5,10,27767
4423,Audi,Model C,2023,,Petrol,Automatic,12,20,19664
4424,Dacia,Model A,2025,23322,Petrol,Manual,12,10,16049
4425,Fiat,Model C,2020,62941,Petrol,Automatic,6,20,11265
4426,Audi,Model B,2021,78379,Petrol,Automatic,6,1,18113
4427,Mercedes,Model C,2017,105094,Petrol,Manual,8,30,500
4428,Toyota,Model A,2009,,Petrol,Manual,3,10,500
4429,Ford,Model C,2015,,Petrol,Automatic,7,20,2151
4430,Fiat,Model A,2025,0,Hybrid,Automatic,12,1,21676
4431,Dacia,Model A,2024,0,Petrol,Manual,5,30,14870
4432,Hyundai,Model A,2023,18344,Petrol,Automatic,10,10,19576
4433,Ford,Model C,2022,15495,Petrol,Manual,8,10,14852
4434,Mercedes,Model B,2025,85,Petrol,Automatic,4,30,32981
4435,BMW,Model A,2007,219561,Petrol,Automatic,7,10,500
4436,Ford,Model A,2019,56938,Petrol,Automatic,11,1,6274
4437,Honda,Model B,2020,89103,Diesel,Manual,7,30,9348
4438,Hyundai,Model C,2025,952,Diesel,Automatic,9,20,25551
4439,Toyota,Model B,2025,0,Diesel,Automatic,10,1,25474
4440,BMW,Model C,2018,59556,Petrol,Automatic,1,1,10499
4441,Toyota,Model C,2025,899,Diesel,Automatic,1,20,26674
4442,Dacia,Model B,2025,0,Petrol,Automatic,2,1,21363
4443,Hyundai,Model C,2017,107745,Petrol,Automatic,3,10,2364
4444,BMW,Model A,2021,45849,Petrol,Automatic,11,1,18632
4445,Fiat,Model B,2021,30094,Petrol,Automatic,6,1,8747
4446,Honda,Model B,2025,25060,Petrol,Manual,3,1,25442
4447,Toyota,Model B,2016,114534,Petrol,Automatic,7,30,3957
4448,Toyota,Model B,2025,0,Petrol,Automatic,10,30,28735
4449,Ford,Model A,2020,62469,Diesel,Automatic,2,10,11100
4450,Honda,Model C,2025,7110,Petrol,Automatic,5,30,21856
4451,VW,Model A,2021,26567,Petrol,Manual,3,1,13976
4452,Ford,Model B,2023,26365,Petrol,Manual,9,30,17985
4453,Mercedes,Model A,2025,0,Diesel,Automatic,2,1,22185
4454,Audi,Model C,2025,7609,Petrol,Manual,10,30,27391
4455,Hyundai,Model B,2025,0,Petrol,Manual,3,20,23179
4456,VW,Model A,2005,230929,Petrol,Manual,1,20,500
4457,Honda,Model A,2024,36943,Petrol,Manual,12,1,16336
4458,Mercedes,Model C,2013,162463,Diesel,Automatic,5,10,2405
4459,BMW,Model C,2021,0,Diesel,Manual,7,30,14361
4460,Toyota,Model B,2023,41351,Diesel,Manual,2,10,18212
4461,BMW,Model A,2021,46895,Petrol,Automatic,6,1,21185
4462,Honda,Model B,2022,25377,Petrol,Automatic,3,30,20515
4463,Hyundai,Model A,2025,0,Hybrid,Manual,11,1,22693
4464,Toyota,Model A,2013,129763,Petrol,Automatic,9,20,500
4465,Hyundai,Model B,2024,1800,Petrol,Manual,9,20,21786
4466,VW,Model A,2021,31093,Diesel,Automatic,10,10,10794
4467,Mercedes,Model C,2013,123681,Petrol,Automatic,4,30,2169
4468,Ford,Model A,2015,104394,Petrol,Manual,6,1,5799
4469,Mercedes,Model A,2025,4850,Petrol,Manual,2,20,29856
4470,VW,Model B,2025,751,Petrol,Automatic,1,1,29762
4471,Mercedes,Model C,2025,8337,Diesel,Manual,5,30,25798
4472,Toyota,Model B,2025,0,Petrol,Automatic,11,20,24836
4473,Ford,Model B,2016,88399,Petrol,Automatic,8,30,9288
4474,BMW,Model C,2020,20224,Diesel,Automatic,6,10,9018
4475,Mercedes,Model B,2024,,Hybrid,Automatic,12,20,24046
4476,Toyota,Model B,2022,13709,Diesel,Automatic,6,30,18865
4477,Honda,Model A,2021,30511,Diesel,Manual,6,20,12913
4478,Fiat,Model A,2020,49687,Petrol,Manual,12,30,6325
4479,Mercedes,Model C,2023,18579,Hybrid,Automatic,2,20,26024
4480,Toyota,Model C,2023,34116,Petrol,Manual,4,10,19881
4481,Honda,Model B,2015,122639,Diesel,Manual,6,1,2496
4482,Toyota,Model C,2022,36300,Petrol,Automatic,8,10,23285
4483,Ford,Model A,2023,52285,Petrol,Automatic,2,30,15753
4484,Audi,Model B,2023,0,Petrol,Manual,5,10,22028
4485,Hyundai,Model C,2017,80424,Diesel,Manual,3,1,3777
4486,Honda,Model B,2025,0,Petrol,Manual,11,1,23792
4487,BMW,Model C,2002,249440,Diesel,Automatic,11,1,500
4488,Ford,Model B,2020,49207,Petrol,Manual,3,1,6332
4489,Ford,Model A,2025,10316,Petrol,Manual,6,30,21750
4490,Toyota,Model A,2023,15125,Diesel,Manual,9,30,21032
4491,BMW,Model C,2018,79004,Petrol,Automatic,1,20,11637
4492,Audi,Model C,2024,0,Petrol,Automatic,12,20,32417
4493,Toyota,Model B,2023,12052,Diesel,Automatic,7,10,26486
4494,Mercedes,Model A,2025,0,Diesel,Automatic,3,30,26716
4495,Ford,Model A,2025,9636,Petrol,Automatic,5,20,23564
4496,VW,Model B,2023,0,Diesel,Manual,12,1,16821
4497,Fiat,Model B,2022,29174,Petrol,Automatic,1,1,22693
4498,Ford,Model C,2013,160302,Petrol,Automatic,2,30,500
4499,VW,Model B,2018,77323,Petrol,Automatic,3,30,4515
4500,Ford,Model C,2021,16266,Petrol,Automatic,1,1,16014
4501,Dacia,Model C,2023,43187,Petrol,Automatic,3,10,17234
4502,Audi,Model C,2022,47023,Petrol,Automatic,11,30,24523
4503,Audi,Model C,2019,,Petrol,Manual,7,30,9237
4504,Mercedes,Model C,2000,250000,Petrol,Manual,8,30,500
4505,Honda,Model A,2022,58686,Petrol,Automatic,2,30,9043
4506,BMW,Model B,2019,60400,Petrol,Manual,4,30,10824
4507,Audi,Model B,2025,0,Petrol,Automatic,12,10,32888
4508,Honda,Model C,2002,250000,Petrol,Manual,3,30,549
4509,Dacia,Model A,2023,38204,Petrol,Manual,12,10,12857
4510,Dacia,Model C,2025,0,Petrol,Automatic,9,1,19844
4511,VW,Model C,2015,127226,Petrol,Automatic,7,30,5770
4512,Toyota,Model C,2022,37138,Hybrid,Automatic,3,20,15865
4513,Fiat,Model B,2009,190574,Petrol,Automatic,9,20,1450
4514,Fiat,Model A,2024,0,Petrol,Manual,12,30,18161
4515,Fiat,Model A,2023,51182,Petrol,Automatic,2,30,18492
4516,Ford,Model A,2021,26049,Petrol,Automatic,1,20,17498
4517,Audi,Model C,2022,42183,Petrol,Automatic,10,10,17375
4518,BMW,Model A,2025,5649,Diesel,Automatic,8,20,31485
4519,Fiat,Model A,2016,125315,Petrol,Automatic,7,20,7957
4520,BMW,Model A,2002,250000,Petrol,Automatic,6,30,1905
4521,Toyota,Model A,2025,0,Petrol,Manual,7,20,21358
4522,Honda,Model B,2023,31955,Petrol,Automatic,5,30,16175
4523,BMW,Model B,2025,26473,Petrol,Manual,2,20,25617
4524,Fiat,Model A,2023,23022,Petrol,Manual,10,30,18520
4525,Toyota,Model B,2025,0,Diesel,Automatic,6,1,27478
4526,BMW,Model C,2021,42232,Diesel,Automatic,11,20,14445
4527,Dacia,Model A,2025,0,Diesel,Automatic,12,20,18381
4528,Toyota,Model C,2025,5577,Petrol,Manual,3,30,25051
4529,Fiat,Model C,2023,39966,Petrol,Automatic,10,20,16121
4530,Honda,Model A,2016,106184,Petrol,Automatic,12,1,4678
4531,VW,Model A,2018,59685,Diesel,Manual,10,30,9910
4532,Audi,Model B,2016,123324,Petrol,Manual,4,20,11929
4533,Honda,Model B,2018,57355,Petrol,Manual,12,10,1186
4534,Audi,Model A,2020,36810,Petrol,Automatic,10,30,11543
4535,Dacia,Model A,2023,21324,Petrol,Automatic,6,1,16003
4536,BMW,Model C,2023,27776,Diesel,Manual,8,20,20561
4537,Audi,Model C,2021,54333,Petrol,Automatic,10,10,16956
4538,Fiat,Model B,2023,23007,Petrol,Automatic,2,20,18691
4539,Honda,Model A,2008,230400,Diesel,Manual,12,1,510
4540,Ford,Model B,2008,61493,Diesel,Manual,12,20,3444
4541,VW,Model B,2015,135520,Hybrid,Manual,5,1,2462
4542,BMW,Model C,2022,47804,Petrol,Automatic,9,30,18329
4543,BMW,Model C,2017,76606,Petrol,Manual,6,30,7279
4544,Dacia,Model B,2019,69454,Petrol,Automatic,1,1,2821
4545,Audi,Model B,2021,79849,Petrol,Automatic,12,1,14056
4546,Toyota,Model B,2025,0,Diesel,Manual,2,10,30617
4547,VW,Model C,2001,250000,Petrol,Manual,1,10,500
4548,Audi,Model B,2024,14558,Petrol,Automatic,11,30,24491
4549,VW,Model C,2024,4972,Petrol,Automatic,1,20,22294
4550,Honda,Model A,2025,0,Diesel,Automatic,9,30,28646
4551,Fiat,Model A,2025,0,Petrol,Automatic,12,10,20910
4552,Audi,Model B,2002,250000,Petrol,Manual,6,30,500
4553,Audi,Model B,2015,,Hybrid,Automatic,1,1,5220
4554,Hyundai,Model C,2025,0,Petrol,Manual,3,30,23058
4555,Toyota,Model A,2021,25323,Diesel,Automatic,12,10,13507
4556,Toyota,Model A,2023,57102,Diesel,Automatic,6,30,18213
4557,Hyundai,Model B,2024,8649,Hybrid,Automatic,7,10,23392
4558,Ford,Model C,2024,18518,Petrol,Automatic,2,1,21971
4559,Honda,Model C,2025,0,Hybrid,Automatic,12,30,20875
4560,Audi,Model B,2025,4814,Petrol,Automatic,7,1,32167
4561,Hyundai,Model C,2025,21889,Petrol,Automatic,7,30,21470
4562,Mercedes,Model C,2019,62216,Petrol,Manual,8,30,16922
4563,Fiat,Model B,2025,6878,Petrol,Automatic,10,20,20010
4564,Mercedes,Model B,2004,230913,Hybrid,Automatic,3,10,657
4565,Hyundai,Model B,2017,126342,Diesel,Automatic,12,10,5064
4566,Toyota,Model A,2025,4028,Petrol,Automatic,3,30,24789
4567,Mercedes,Model B,2018,77808,Petrol,Manual,3,30,6899
4568,Toyota,Model A,2017,91531,Petrol,Manual,1,1,5989
4569,Audi,Model A,2013,136349,Petrol,Automatic,1,20,4981
4570,Mercedes,Model B,2025,0,Petrol,Automatic,6,10,30537
4571,Audi,Model C,2022,0,Petrol,Automatic,3,10,24247
4572,Fiat,Model C,2024,10530,Diesel,Automatic,3,1,16400
4573,Mercedes,Model A,2017,93901,Petrol,Automatic,12,10,9172
4574,Dacia,Model C,2025,7329,Petrol,Automatic,12,30,17831
4575,BMW,Model A,2025,0,Petrol,Manual,5,10,27738
4576,VW,Model B,2020,48434,Petrol,Automatic,5,20,14380
4577,Fiat,Model A,2021,47883,Diesel,Manual,4,1,7744
4578,Dacia,Model A,2016,83814,Diesel,Automatic,12,30,861
4579,Mercedes,Model C,2025,,Petrol,Manual,2,10,29468
4580,VW,Model A,2024,0,Petrol,Automatic,8,1,19953
4581,Mercedes,Model C,2025,16812,Petrol,Automatic,3,1,30417
4582,Toyota,Model A,2020,70264,Petrol,Automatic,10,1,13695
4583,VW,Model B,2025,0,Diesel,Automatic,8,1,21642
4584,Toyota,Model B,2025,9917,Petrol,Automatic,5,10,31278
4585,Toyota,Model C,2024,13672,Petrol,Automatic,2,30,21689
4586,Mercedes,Model C,2025,0,Hybrid,Automatic,10,10,30906
4587,BMW,Model A,2021,17656,Petrol,Automatic,1,30,18815
4588,Mercedes,Model C,2013,148746,Diesel,Automatic,4,30,4957
4589,Fiat,Model C,2024,,Petrol,Automatic,4,1,17897
4590,BMW,Model A,2025,16424,Petrol,Manual,8,20,28235
4591,VW,Model A,2023,24210,Petrol,Automatic,7,10,23181
4592,Hyundai,Model B,2016,97506,Diesel,Manual,4,30,4735
4593,Ford,Model B,2022,62967,Diesel,Automatic,6,30,17419
4594,VW,Model B,2020,68646,Petrol,Manual,6,1,6394
4595,VW,Model A,2021,0,Petrol,Automatic,8,1,17753
4596,Honda,Model C,2024,4704,Diesel,Automatic,12,30,21316
4597,Toyota,Model B,2025,0,Hybrid,Automatic,2,1,26580
4598,Dacia,Model B,2017,84003,Diesel,Manual,7,1,2681
4599,Dacia,Model C,2021,45829,Petrol,Manual,1,20,6485
4600,VW,Model A,2018,89310,Hybrid,Manual,9,30,7261
4601,Mercedes,Model A,2016,111920,Petrol,Manual,9,30,8160
4602,Honda,Model B,2025,16168,Petrol,Manual,9,30,24752
4603,Honda,Model A,2025,9548,Petrol,Automatic,6,20,21598
4604,Hyundai,Model B,2020,68621,Hybrid,Manual,3,10,5584
4605,VW,Model B,2025,3022,Diesel,Automatic,6,20,26868
4606,Honda,Model C,2025,19301,Petrol,Manual,1,1,25501
4607,VW,Model B,2025,0,Petrol,Automatic,5,10,27290
4608,BMW,Model C,2016,103645,Petrol,Automatic,11,20,3112
4609,Hyundai,Model A,2025,0,Diesel,Automatic,5,10,21006
4610,Audi,Model B,2020,75842,Petrol,Automatic,8,1,11204
4611,VW,Model C,2020,58846,Hybrid,Manual,4,20,7652
4612,Mercedes,Model A,2006,250000,Petrol,Automatic,2,30,630
4613,Mercedes,Model C,2022,29917,Diesel,Manual,7,1,14924
4614,BMW,Model C,2010,181328,Petrol,Automatic,1,30,3228
4615,Fiat,Model C,2018,92197,Petrol,Manual,12,30,4144
4616,Ford,Model A,2020,43471,Petrol,Manual,10,10,8634
4617,Toyota,Model B,2025,5378,Petrol,Automatic,12,20,25868
4618,Hyundai,Model A,2025,519,Petrol,Manual,12,10,26098
4619,Ford,Model B,2020,55444,Petrol,Automatic,10,30,13072
4620,Ford,Model B,2025,17589,Petrol,Automatic,10,30,28171
4621,Honda,Model C,2025,0,Petrol,Automatic,7,20,27765
4622,BMW,Model A,2025,4123,Petrol,Manual,3,30,27257
4623,Audi,Model B,2014,153819,Diesel,Automatic,11,20,3464
4624,Mercedes,Model B,2024,1400,Petrol,Automatic,4,30,26000
4625,VW,Model C,2025,0,Petrol,Automatic,9,1,25513
4626,Audi,Model A,2024,47179,Diesel,Automatic,10,20,28382
4627,Honda,Model C,2020,67115,Diesel,Manual,8,30,8259
4628,Toyota,Model B,2022,28407,Petrol,Automatic,9,30,21994
4629,Mercedes,Model B,2024,24039,Petrol,Automatic,4,1,28665
4630,Dacia,Model A,2022,27478,Diesel,Automatic,10,30,13845
4631,Dacia,Model B,2011,144526,Petrol,Automatic,12,1,500
4632,BMW,Model A,2020,80585,Petrol,Manual,7,20,12217
4633,Hyundai,Model C,2025,0,Petrol,Automatic,2,20,23845
4634,Honda,Model C,2025,36775,Petrol,Manual,8,30,24489
4635,Hyundai,Model B,2013,,Petrol,Automatic,5,30,542
4636,Mercedes,Model C,2025,31998,Petrol,Automatic,6,30,21952
4637,Mercedes,Model A,2020,39469,Petrol,Manual,2,20,15095
4638,Fiat,Model B,2024,27382,Petrol,Manual,8,30,15872
4639,Fiat,Model C,2025,7495,Petrol,Manual,10,20,16665
4640,Honda,Model A,2025,12566,Petrol,Automatic,10,30,24855
4641,Fiat,Model B,2025,14520,Diesel,Automatic,12,20,21950
4642,VW,Model B,2020,52533,Petrol,Manual,3,20,9419
4643,Mercedes,Model B,2025,0,Petrol,Automatic,12,10,28704
4644,Toyota,Model B,2013,143236,Petrol,Automatic,10,20,3646
4645,Mercedes,Model C,2025,3345,Petrol,Automatic,9,30,28494
4646,Hyundai,Model C,2025,0,Hybrid,Automatic,9,30,26390
4647,Dacia,Model B,2024,16163,Petrol,Automatic,7,10,18729
4648,Honda,Model A,2018,26683,Petrol,Manual,5,30,8231
4649,VW,Model A,2025,0,Petrol,Automatic,12,20,21602
4650,VW,Model B,2015,125924,Petrol,Manual,2,30,7346
4651,Audi,Model C,2005,235991,Diesel,Automatic,3,20,1701
4652,Toyota,Model B,2025,0,Petrol,Automatic,1,1,23336
4653,Toyota,Model A,2022,47810,Diesel,Automatic,10,20,17267
4654,Ford,Model C,2025,0,Petrol,Automatic,12,20,28548
4655,Fiat,Model A,2021,41149,Petrol,Automatic,3,10,10400
4656,Audi,Model C,2015,121080,Hybrid,Manual,1,20,706
4657,Honda,Model C,2025,20614,Petrol,Manual,4,1,24159
4658,Hyundai,Model C,2023,26891,Petrol,Automatic,12,10,19687
4659,BMW,Model C,2016,115924,Petrol,Automatic,1,10,500
4660,Honda,Model C,2025,0,Petrol,Automatic,2,30,24420
4661,Mercedes,Model C,2022,34822,Diesel,Automatic,1,10,20936
4662,Honda,Model B,2023,23266,Petrol,Manual,12,30,14154
4663,Hyundai,Model A,2022,40399,Petrol,Automatic,2,10,13233
4664,Audi,Model B,2025,0,Diesel,Automatic,12,10,30601
4665,Hyundai,Model B,2025,20099,Petrol,Manual,6,30,19989
4666,Toyota,Model B,2025,0,Hybrid,Automatic,5,1,27291
4667,Mercedes,Model B,2010,154391,Petrol,Automatic,6,1,3464
4668,Honda,Model A,2025,41141,Diesel,Automatic,6,30,23971
4669,Fiat,Model B,2024,7089,Petrol,Automatic,5,30,19427
4670,BMW,Model C,2024,31697,Diesel,Manual,11,1,20371
4671,Toyota,Model A,2020,81071,Petrol,Automatic,7,30,6231
4672,VW,Model C,2025,14178,Petrol,Automatic,12,10,26546
4673,Toyota,Model B,2025,0,Petrol,Automatic,7,20,27918
4674,BMW,Model B,2011,172300,Petrol,Automatic,11,1,500
4675,Toyota,Model C,2021,28882,Petrol,Automatic,10,20,20558
4676,Hyundai,Model B,2025,29852,Petrol,Manual,6,1,22594
4677,Dacia,Model B,2004,239222,Hybrid,Automatic,10,20,2306
4678,BMW,Model B,2025,0,Petrol,Manual,2,30,29183
4679,Ford,Model B,2024,13484,Diesel,Automatic,3,20,18437
4680,Mercedes,Model A,2024,10388,Petrol,Automatic,8,1,23390
4681,VW,Model C,2019,62146,Petrol,Manual,9,10,8689
4682,BMW,Model A,2018,104915,Petrol,Manual,9,20,7776
4683,BMW,Model B,2025,14254,Petrol,Automatic,7,30,32894
4684,Hyundai,Model A,2019,76830,Petrol,Automatic,2,10,16367
4685,BMW,Model C,2025,0,Diesel,Automatic,5,30,30058
4686,Toyota,Model B,2021,63964,Hybrid,Automatic,8,10,16669
4687,Dacia,Model C,2013,137032,Petrol,Automatic,3,20,1374
4688,Dacia,Model C,2001,250000,Petrol,Manual,8,10,500
4689,Mercedes,Model B,2023,25668,Petrol,Automatic,3,10,18540
4690,Ford,Model A,2025,18446,Petrol,Automatic,2,1,24779
4691,Ford,Model C,2020,58292,Petrol,Automatic,5,1,8244
4692,Honda,Model C,2020,61072,Hybrid,Automatic,4,20,16029
4693,Fiat,Model B,2020,78381,Diesel,Automatic,11,30,7039
4694,Hyundai,Model B,2022,68908,Hybrid,Manual,7,20,18081
4695,Hyundai,Model B,2021,71405,Petrol,Automatic,1,30,17147
4696,Audi,Model A,2025,13157,Petrol,Manual,11,20,25858
4697,Honda,Model A,2022,44839,Petrol,Automatic,4,20,15693
4698,Honda,Model A,2022,28395,Petrol,Manual,8,1,17512
4699,Toyota,Model C,2013,148428,Diesel,Manual,7,20,4564
4700,BMW,Model B,2025,0,Diesel,Automatic,12,20,27594
4701,Mercedes,Model B,2018,89636,Petrol,Automatic,4,1,9071
4702,Mercedes,Model C,2007,222600,Petrol,Manual,2,10,500
4703,Audi,Model B,2024,0,Petrol,Automatic,4,30,27678
4704,Audi,Model A,2023,24581,Petrol,Automatic,8,30,21884
4705,Audi,Model B,2021,54223,Petrol,Automatic,3,1,22006
4706,Honda,Model B,2021,46744,Petrol,Manual,5,30,14096
4707,Honda,Model B,2025,5370,Petrol,Automatic,9,20,28231
4708,Toyota,Model A,2016,87874,Diesel,Automatic,2,30,8904
4709,Fiat,Model A,2025,0,Diesel,Manual,12,1,14517
4710,Ford,Model A,2024,27524,Petrol,Automatic,7,30,24086
4711,Hyundai,Model B,2021,48008,Petrol,Manual,7,10,13504
4712,Fiat,Model C,2021,53098,Petrol,Manual,5,1,14382
4713,Mercedes,Model B,2018,75802,Petrol,Automatic,4,1,5476
4714,Toyota,Model A,2025,292,Petrol,Manual,7,10,31138
4715,Honda,Model C,2022,,Diesel,Automatic,7,20,18935
4716,Toyota,Model C,2020,72690,Petrol,Manual,1,30,11045
4717,BMW,Model A,2023,51118,Petrol,Manual,11,1,20939
4718,Hyundai,Model C,2025,0,Petrol,Automatic,11,20,25000
4719,Mercedes,Model A,2021,33895,Petrol,Automatic,6,20,19319
4720,Dacia,Model B,2025,6613,Petrol,Manual,5,20,18498
4721,Hyundai,Model A,2020,82108,Petrol,Automatic,7,10,9369
4722,Ford,Model A,2005,239968,Petrol,Manual,3,10,500
4723,Mercedes,Model A,2016,89560,Petrol,Automatic,1,1,2981
4724,Honda,Model A,2021,44870,Hybrid,Manual,5,30,11489
4725,Audi,Model C,2017,80551,Petrol,Automatic,1,30,533
4726,Audi,Model B,2000,250000,Petrol,Manual,1,30,500
4727,Hyundai,Model A,2025,0,Petrol,Automatic,1,20,23360
4728,Toyota,Model A,2025,0,Petrol,Automatic,12,20,25891
4729,Honda,Model C,2025,0,Petrol,Manual,2,30,25789
4730,Hyundai,Model C,2015,121118,Petrol,Automatic,4,10,500
4731,BMW,Model A,2012,159225,Petrol,Manual,7,10,3863
4732,Ford,Model A,2006,206640,Petrol,Manual,7,20,500
4733,Ford,Model A,2025,5945,Petrol,Manual,2,20,23762
4734,Toyota,Model C,2025,0,Petrol,Automatic,12,20,22690
4735,Hyundai,Model B,2021,58803,Hybrid,Automatic,3,10,12612
4736,Dacia,Model A,2011,179707,Petrol,Automatic,12,1,3151
4737,Honda,Model A,2022,,Hybrid,Automatic,4,1,19742
4738,Honda,Model A,2020,69212,Petrol,Automatic,1,1,9033
4739,Honda,Model A,2020,47445,Petrol,Manual,12,30,9577
4740,VW,Model C,2024,31856,Hybrid,Manual,7,30,17211
4741,VW,Model A,2025,0,Petrol,Automatic,11,1,22295
4742,Audi,Model B,2011,173291,Petrol,Manual,10,30,1993
4743,BMW,Model B,2003,250000,Petrol,Automatic,3,1,500
4744,Dacia,Model B,2025,0,Petrol,Automatic,11,10,22407
4745,Audi,Model B,2017,109513,Hybrid,Automatic,1,1,8743
4746,Ford,Model A,2005,230788,Petrol,Automatic,7,1,691
4747,Hyundai,Model A,2016,82498,Hybrid,Manual,4,30,10078
4748,Toyota,Model C,2003,220769,Petrol,Manual,5,10,779
4749,Ford,Model C,2021,34874,Petrol,Automatic,10,10,10081
4750,Mercedes,Model B,2025,20638,Petrol,Manual,9,20,30994
4751,Dacia,Model A,2020,78866,Petrol,Automatic,6,1,12051
4752,BMW,Model A,2021,37221,Petrol,Manual,1,30,10115
4753,Honda,Model A,2024,6383,Petrol,Manual,1,1,24874
4754,Honda,Model C,2022,29026,Petrol,Manual,9,30,17408
4755,Hyundai,Model C,2025,0,Diesel,Automatic,12,30,24738
4756,Mercedes,Model C,2025,0,Diesel,Automatic,11,1,31517
4757,Honda,Model A,2000,250000,Petrol,Automatic,2,1,2659
4758,Toyota,Model A,2025,7558,Diesel,Automatic,2,30,27392
4759,Toyota,Model C,2022,12028,Diesel,Automatic,8,20,17013
4760,Hyundai,Model B,2025,0,Petrol,Automatic,9,10,27590
4761,BMW,Model C,2022,37510,Petrol,Manual,8,30,14484
4762,VW,Model A,2025,0,Petrol,Automatic,12,1,23877
4763,Hyundai,Model A,2025,,Diesel,Manual,3,1,19404
4764,Fiat,Model A,2018,87878,Petrol,Automatic,3,30,7719
4765,Ford,Model C,2022,15821,Petrol,Manual,12,30,17591
4766,Toyota,Model A,2025,24246,Petrol,Manual,10,20,25034
4767,Toyota,Model C,2025,0,Petrol,Automatic,9,10,29251
4768,Dacia,Model A,2009,199954,Petrol,Manual,5,20,500
4769,Fiat,Model B,2025,8327,Petrol,Manual,8,30,24543
4770,Honda,Model C,2020,41404,Petrol,Automatic,10,20,7089
4771,Dacia,Model B,2000,250000,Petrol,Manual,8,20,500
4772,Hyundai,Model A,2021,23447,Petrol,Automatic,10,30,16578
4773,Fiat,Model A,2017,53304,Petrol,Automatic,8,1,5259
4774,VW,Model A,2025,0,Diesel,Automatic,12,1,21197
4775,Fiat,Model C,2020,50750,Petrol,Automatic,7,1,4603
4776,Fiat,Model C,2025,9663,Petrol,Automatic,1,30,23512
4777,BMW,Model B,2000,250000,Petrol,Manual,3,10,500
4778,Dacia,Model A,2020,61403,Diesel,Manual,12,30,9149
4779,Toyota,Model B,2018,68783,Petrol,Manual,6,30,10264
4780,Honda,Model A,2017,88049,Petrol,Automatic,2,1,8442
4781,Hyundai,Model A,2006,214051,Diesel,Manual,2,10,610
4782,VW,Model C,2016,89625,Petrol,Automatic,1,1,6659
4783,Fiat,Model C,2023,15094,Petrol,Manual,3,30,13654
4784,Toyota,Model A,2019,73117,Petrol,Automatic,12,20,2905
4785,Toyota,Model A,2021,39410,Petrol,Manual,5,1,9132
4786,BMW,Model A,2020,55147,Petrol,Manual,4,10,16558
4787,Honda,Model B,2025,,Petrol,Manual,9,1,17529
4788,VW,Model B,2025,0,Diesel,Manual,9,30,24549
4789,Toyota,Model B,2022,15990,Petrol,Manual,12,20,18852
4790,Honda,Model C,2020,68451,Petrol,Manual,10,20,9452
4791,Audi,Model A,2010,183987,Petrol,Manual,2,10,500
4792,Hyundai,Model B,2025,4929,Petrol,Manual,12,20,20902
4793,BMW,Model B,2006,237387,Petrol,Automatic,10,1,500
4794,VW,Model B,2019,78849,Petrol,Manual,4,20,8082
4795,Toyota,Model C,2019,72430,Hybrid,Automatic,4,10,8204
4796,BMW,Model C,2020,95871,Petrol,Manual,12,30,16169
4797,Fiat,Model C,2015,100725,Petrol,Automatic,3,1,3524
4798,Honda,Model B,2025,0,Petrol,Manual,3,1,22756
4799,Ford,Model C,2012,170510,Diesel,Automatic,5,20,500
4800,VW,Model C,2024,14138,Hybrid,Automatic,9,1,22586
4801,VW,Model A,2012,167368,Diesel,Manual,6,1,992
4802,VW,Model B,2007,218546,Petrol,Automatic,4,10,500
4803,Hyundai,Model A,2025,20610,Hybrid,Automatic,4,30,22608
4804,Ford,Model C,2016,92887,Petrol,Manual,2,1,3871
4805,Toyota,Model C,2025,20136,Petrol,Automatic,7,10,29721
4806,Audi,Model A,2023,41564,Petrol,Automatic,4,1,23192
4807,Fiat,Model C,2007,197845,Diesel,Manual,5,10,500
4808,Dacia,Model B,2025,9459,Diesel,Manual,1,30,16389
4809,Toyota,Model B,2018,83354,Diesel,Automatic,7,1,16423
4810,Mercedes,Model C,2025,0,Diesel,Automatic,9,30,35838
4811,Audi,Model B,2015,91670,Petrol,Automatic,12,20,6120
4812,VW,Model B,2025,0,Diesel,Automatic,3,10,27746
4813,Mercedes,Model C,2001,250000,Petrol,Automatic,12,1,500
4814,Hyundai,Model C,2022,48207,Petrol,Automatic,5,1,18148
4815,Fiat,Model B,2025,0,Petrol,Automatic,11,10,23376
4816,Dacia,Model C,2025,12254,Hybrid,Manual,12,1,18016
4817,BMW,Model A,2025,14178,Hybrid,Automatic,12,20,29548
4818,Dacia,Model C,2025,2319,Petrol,Automatic,5,30,19836
4819,VW,Model C,2025,0,Petrol,Manual,4,30,31243
4820,BMW,Model A,2016,114615,Petrol,Automatic,6,30,500
4821,Toyota,Model C,2019,79304,Petrol,Manual,7,30,8037
4822,VW,Model B,2019,82109,Petrol,Automatic,9,1,8534
4823,Dacia,Model B,2020,72981,Petrol,Automatic,9,30,5022
4824,Mercedes,Model B,2021,27567,Petrol,Automatic,2,1,16886
4825,Mercedes,Model C,2023,16351,Petrol,Automatic,8,30,26152
4826,Honda,Model B,2015,91520,Petrol,Manual,3,1,7120
4827,Dacia,Model C,2024,23204,Petrol,Manual,9,1,15577
4828,Dacia,Model B,2015,116815,Petrol,Automatic,12,10,1927
4829,Audi,Model B,2020,66462,Diesel,Automatic,10,20,14156
4830,Toyota,Model B,2022,,Petrol,Automatic,9,1,22341
4831,Fiat,Model A,2025,21014,Diesel,Manual,1,1,15327
4832,VW,Model C,2025,0,Petrol,Automatic,3,10,27679
4833,Dacia,Model C,2024,23618,Petrol,Automatic,5,30,16881
4834,Fiat,Model C,2015,121769,Hybrid,Automatic,12,10,7912
4835,Audi,Model B,2023,21158,Petrol,Automatic,5,30,23904
4836,Hyundai,Model B,2008,199947,Petrol,Automatic,11,20,500
4837,BMW,Model A,2020,50429,Diesel,Manual,2,20,9483
4838,Hyundai,Model B,2021,67427,Petrol,Manual,9,30,9674
4839,Ford,Model B,2003,250000,Petrol,Manual,10,10,3196
4840,Dacia,Model B,2019,52961,Petrol,Automatic,7,1,6708
4841,Dacia,Model C,2025,0,Petrol,Automatic,10,1,16286
4842,BMW,Model B,2025,1925,Petrol,Automatic,10,1,33092
4843,Mercedes,Model B,2020,73467,Petrol,Manual,6,1,13691
4844,Honda,Model C,2004,242930,Petrol,Automatic,11,1,500
4845,Fiat,Model B,2015,111933,Diesel,Automatic,5,1,2540
4846,Hyundai,Model B,2021,48351,Hybrid,Manual,6,1,10534
4847,Dacia,Model A,2025,13101,Petrol,Automatic,7,10,22646
4848,Ford,Model B,2014,111468,Petrol,Automatic,2,30,4188
4849,Audi,Model C,2025,7580,Diesel,Automatic,7,30,31263
4850,BMW,Model B,2010,173039,Petrol,Automatic,5,10,500
4851,Audi,Model A,2025,0,Petrol,Automatic,4,10,25397
4852,VW,Model B,2021,78023,Petrol,Automatic,8,30,19863
4853,Fiat,Model C,2025,0,Diesel,Automatic,5,1,21401
4854,Toyota,Model C,2020,71320,Petrol,Automatic,11,1,10843
4855,Fiat,Model B,2024,22783,Hybrid,Automatic,6,1,16139
4856,Toyota,Model C,2016,90299,Diesel,Manual,6,10,5350
4857,Toyota,Model C,2014,104319,Petrol,Automatic,12,10,4043
4858,Honda,Model B,2025,12314,Diesel,Automatic,5,1,19540
4859,Honda,Model B,2025,0,Petrol,Manual,2,1,26346
4860,Fiat,Model A,2025,0,Petrol,Automatic,11,10,24628
4861,Honda,Model C,2024,27392,Petrol,Automatic,12,1,24859
4862,Audi,Model A,2025,0,Diesel,Automatic,3,30,34972
4863,Hyundai,Model C,2006,216412,Diesel,Manual,12,30,500
4864,Dacia,Model C,2020,89615,Petrol,Manual,7,30,8934
4865,Ford,Model B,2020,35103,Petrol,Manual,1,10,10564
4866,Audi,Model C,2024,0,Petrol,Manual,7,30,28157
4867,Audi,Model B,2020,53104,Petrol,Automatic,11,20,13739
4868,BMW,Model C,2014,128396,Hybrid,Manual,5,10,1922
4869,BMW,Model B,2023,10593,Diesel,Automatic,7,30,21597
4870,Fiat,Model C,2025,0,Diesel,Automatic,2,30,20570
4871,BMW,Model A,2021,70649,Diesel,Automatic,11,20,17534
4872,Honda,Model C,2013,147944,Petrol,Automatic,2,30,4790
4873,VW,Model A,2016,116777,Petrol,Automatic,2,1,6893
4874,Fiat,Model A,2017,93941,Petrol,Automatic,12,20,7058
4875,Mercedes,Model B,2019,76341,Petrol,Manual,11,20,12468
4876,Honda,Model B,2024,25993,Diesel,Automatic,8,30,23775
4877,Audi,Model B,2023,9055,Petrol,Manual,2,1,18297
4878,Audi,Model C,2024,15972,Diesel,Automatic,7,20,31396
4879,Toyota,Model C,2020,70440,Diesel,Manual,12,1,4436
4880,Ford,Model A,2025,23171,Diesel,Automatic,8,20,24530
4881,BMW,Model C,2016,137218,Petrol,Manual,3,30,10732
4882,Toyota,Model C,2022,37047,Petrol,Automatic,12,30,12981
4883,Mercedes,Model C,2025,17079,Petrol,Automatic,11,30,32338
4884,Dacia,Model A,2016,67947,Diesel,Manual,7,30,3398
4885,Ford,Model B,2010,203284,Diesel,Manual,11,1,500
4886,Fiat,Model A,2025,0,Petrol,Automatic,1,10,25368
4887,Mercedes,Model C,2020,56383,Petrol,Automatic,6,10,7337
4888,Hyundai,Model A,2024,18616,Diesel,Automatic,3,20,17440
4889,Toyota,Model A,2002,250000,Petrol,Automatic,11,20,500
4890,Mercedes,Model B,2024,14946,Hybrid,Manual,12,30,23458
4891,Hyundai,Model B,2020,83815,Petrol,Automatic,12,1,8973
4892,Hyundai,Model B,2005,234236,Hybrid,Manual,7,1,2482
4893,Dacia,Model C,2023,7696,Petrol,Manual,7,10,16154
4894,Hyundai,Model A,2018,111201,Petrol,Automatic,12,10,3922
4895,Mercedes,Model C,2021,55901,Petrol,Automatic,10,30,21350
4896,Toyota,Model B,2008,232833,Diesel,Automatic,1,1,500
4897,Honda,Model C,2014,144954,Petrol,Manual,2,20,1846
4898,Mercedes,Model A,2019,52146,Petrol,Automatic,12,1,8887
4899,Hyundai,Model C,2008,213680,Petrol,Automatic,5,20,500
4900,Honda,Model A,2025,0,Hybrid,Automatic,3,30,29808
4901,Dacia,Model C,2000,250000,Petrol,Automatic,10,20,3808
4902,Ford,Model C,2022,34864,Petrol,Automatic,11,30,11844
4903,Honda,Model B,2012,131735,Petrol,Automatic,3,1,3123
4904,BMW,Model C,2020,47807,Petrol,Automatic,4,20,13927
4905,Mercedes,Model A,2025,33077,Petrol,Manual,12,10,19532
4906,Hyundai,Model C,2015,123575,Petrol,Automatic,1,1,500
4907,Dacia,Model A,2025,0,Diesel,Manual,12,30,16723
4908,Toyota,Model A,2016,135193,Petrol,Automatic,1,10,3451
4909,Hyundai,Model C,2025,0,Petrol,Manual,2,1,21746
4910,Ford,Model A,2023,22628,Petrol,Automatic,11,1,19695
4911,Dacia,Model C,2025,14862,Petrol,Automatic,4,1,24416
4912,Audi,Model C,2023,17988,Petrol,Manual,3,10,21403
4913,Honda,Model A,2022,24802,Diesel,Manual,11,10,14840
4914,Toyota,Model C,2016,74193,Petrol,Automatic,7,30,7411
4915,Honda,Model B,2015,105952,Diesel,Automatic,5,30,3928
4916,Audi,Model B,2025,0,Petrol,Manual,9,10,28341
4917,Honda,Model A,2020,62378,Petrol,Automatic,11,1,8583
4918,Ford,Model B,2020,,Hybrid,Manual,11,1,14073
4919,BMW,Model A,2025,32370,Petrol,Manual,2,30,22803
4920,VW,Model B,2020,44135,Petrol,Automatic,8,1,11077
4921,VW,Model A,2025,21009,Petrol,Manual,9,1,26549
4922,Fiat,Model C,2025,988,Diesel,Automatic,2,1,18775
4923,Toyota,Model B,2023,36101,Petrol,Manual,8,1,15911
4924,BMW,Model C,2025,11190,Hybrid,Automatic,1,10,32825
4925,Honda,Model A,2004,218726,Petrol,Automatic,5,1,1629
4926,Mercedes,Model B,2018,83826,Petrol,Manual,3,20,12955
4927,Ford,Model C,2022,32066,Petrol,Automatic,8,10,16534
4928,BMW,Model A,2017,79005,Petrol,Manual,3,20,2766
4929,Toyota,Model B,2025,6894,Petrol,Automatic,10,20,28702
4930,BMW,Model C,2025,25748,Petrol,Automatic,2,10,28851
4931,BMW,Model C,2021,7904,Diesel,Automatic,10,30,21745
4932,Dacia,Model A,2020,51982,Petrol,Manual,2,10,7804
4933,Dacia,Model A,2025,0,Diesel,Automatic,6,30,21049
4934,Ford,Model C,2021,49076,Diesel,Manual,9,10,14833
4935,Audi,Model C,2022,31115,Petrol,Automatic,3,30,18819
4936,Fiat,Model C,2020,50914,Petrol,Automatic,10,1,6364
4937,Fiat,Model A,2025,10342,Petrol,Manual,12,1,19940
4938,Fiat,Model C,2023,48542,Petrol,Automatic,5,30,15490
4939,Honda,Model C,2025,39919,Diesel,Automatic,1,30,27016
4940,BMW,Model A,2025,0,Petrol,Manual,6,30,31980
4941,BMW,Model C,2020,32686,Petrol,Automatic,12,20,7631
4942,Fiat,Model A,2021,56387,Diesel,Manual,9,1,10176
4943,Fiat,Model A,2025,24157,Petrol,Manual,9,1,21766
4944,Honda,Model A,2020,72205,Petrol,Automatic,10,1,11689
4945,Toyota,Model C,2025,24095,Petrol,Manual,12,20,27118
4946,Ford,Model C,2025,0,Petrol,Manual,2,10,24263
4947,Hyundai,Model C,2024,2856,Diesel,Manual,8,20,22097
4948,VW,Model C,2025,1731,Petrol,Automatic,12,30,22769
4949,Ford,Model B,2025,0,Petrol,Manual,10,30,20301
4950,Audi,Model B,2025,9946,Hybrid,Manual,4,10,25724
4951,Audi,Model B,2021,62546,Petrol,Automatic,11,30,21853
4952,VW,Model C,2005,250000,Petrol,Automatic,4,1,2648
4953,Hyundai,Model B,2021,55658,Petrol,Automatic,6,10,9081
4954,Mercedes,Model B,2024,15687,Petrol,Manual,3,10,22957
4955,Mercedes,Model B,2021,59916,Diesel,Manual,12,30,12343
4956,VW,Model B,2025,0,Petrol,Automatic,2,1,26030
4957,Toyota,Model C,2020,63158,Petrol,Manual,12,1,13605
4958,Ford,Model C,2024,12787,Diesel,Automatic,5,1,23243
4959,Ford,Model B,2016,111196,Petrol,Automatic,9,1,3498
4960,Hyundai,Model C,2025,0,Petrol,Automatic,2,10,25539
4961,Hyundai,Model A,2023,30477,Petrol,Automatic,7,10,21984
4962,Toyota,Model C,2016,99380,Petrol,Automatic,1,20,5785
4963,Honda,Model B,2019,88942,Petrol,Manual,11,1,11014
4964,Mercedes,Model C,2025,7104,Petrol,Automatic,6,10,25103
4965,Hyundai,Model B,2022,38260,Diesel,Automatic,10,10,15694
4966,Hyundai,Model C,2017,25661,Petrol,Manual,12,10,4219
4967,Toyota,Model C,2025,12229,Petrol,Manual,1,1,26726
4968,Mercedes,Model A,2025,3099,Petrol,Manual,7,30,28948
4969,BMW,Model B,2025,0,Petrol,Automatic,3,1,30863
4970,Ford,Model B,2021,47150,Diesel,Manual,1,10,10840
4971,BMW,Model C,2022,45436,Petrol,Automatic,8,1,18725
4972,VW,Model A,2025,8273,Petrol,Automatic,2,30,26004
4973,VW,Model B,2022,43305,Petrol,Manual,7,30,15074
4974,Ford,Model B,2025,1387,Petrol,Automatic,3,30,25728
4975,Fiat,Model C,2018,99387,Petrol,Manual,3,30,4357
4976,Toyota,Model B,2021,66566,Petrol,Manual,7,10,10931
4977,Fiat,Model A,2012,167059,Diesel,Automatic,7,10,500
4978,BMW,Model C,2016,99188,Petrol,Manual,1,10,7460
4979,Mercedes,Model C,2000,250000,Petrol,Automatic,7,20,661
4980,Toyota,Model C,2003,250000,Diesel,Automatic,9,30,1133
4981,Ford,Model B,2025,29304,Petrol,Manual,9,20,24707
4982,BMW,Model B,2018,88225,Petrol,Manual,11,20,6396
4983,Ford,Model B,2024,43896,Petrol,Automatic,12,1,17433
4984,Toyota,Model C,2025,0,Petrol,Manual,8,1,25187
4985,Fiat,Model A,2023,20117,Petrol,Automatic,7,1,16901
4986,Honda,Model A,2015,118889,Petrol,Automatic,3,30,1779
4987,Ford,Model A,2025,0,Petrol,Manual,2,1,24890
4988,Dacia,Model C,2023,12395,Petrol,Automatic,8,30,16451
4989,Hyundai,Model B,2025,0,Petrol,Manual,12,20,23422
4990,Honda,Model B,2025,7520,Petrol,Manual,4,30,24397
4991,Honda,Model B,2025,15823,Petrol,Manual,2,30,27544
4992,Ford,Model A,2023,60674,Petrol,Manual,6,10,12461
4993,Audi,Model B,2020,53494,Petrol,Manual,1,20,9982
4994,BMW,Model C,2024,6710,Diesel,Manual,7,30,21129
4995,Toyota,Model A,2006,216431,Petrol,Automatic,1,10,500
4996,Hyundai,Model C,2025,16885,Diesel,Manual,12,1,22150
4997,Audi,Model C,2011,180224,Hybrid,Automatic,11,30,3398
4998,Mercedes,Model A,2020,46845,Diesel,Automatic,2,20,12638
4999,Audi,Model B,2025,0,Petrol,Automatic,2,1,26920
5000,VW,Model A,2023,38287,Petrol,Manual,12,1,21008
5001,Ford,Model A,2021,53747,Petrol,Automatic,11,20,13880
5002,VW,Model A,2022,47375,Hybrid,Automatic,12,1,13991
5003,Toyota,Model A,2025,0,Petrol,Automatic,5,1,27511
5004,Fiat,Model A,2020,31834,Petrol,Automatic,2,10,9111
5005,Honda,Model A,2025,0,Petrol,Automatic,8,10,20078
5006,Honda,Model C,2008,214316,Diesel,Manual,12,30,500
5007,Dacia,Model B,2025,31665,Petrol,Automatic,2,1,16345
5008,Dacia,Model B,2025,0,Petrol,Manual,11,1,15018
5009,VW,Model C,2016,142137,Petrol,Automatic,5,20,4760
5010,Dacia,Model A,2021,60447,Diesel,Automatic,2,1,8814
5011,Honda,Model B,2015,99104,Petrol,Manual,6,1,8699
5012,Toyota,Model B,2025,3210,Diesel,Automatic,7,1,23879
5013,Toyota,Model C,2022,48959,Diesel,Automatic,1,1,21256
5014,Ford,Model A,2024,0,Diesel,Manual,6,30,26998
5015,Ford,Model B,2016,117666,Petrol,Automatic,9,10,3148
5016,Honda,Model B,2017,34077,Petrol,Automatic,10,20,5192
5017,Fiat,Model B,2004,250000,Petrol,Automatic,2,10,1773
5018,Toyota,Model B,2020,59074,Petrol,Automatic,11,30,8489
5019,Audi,Model A,2023,,Petrol,Automatic,3,30,21560
5020,BMW,Model A,2025,0,Petrol,Manual,9,10,24320
5021,Dacia,Model B,2024,0,Petrol,Automatic,7,1,16590
5022,Hyundai,Model C,2021,37687,Petrol,Automatic,12,1,12433
5023,Ford,Model A,2025,0,Petrol,Manual,1,10,23413
5024,Hyundai,Model B,2025,1702,Diesel,Automatic,3,10,21292
5025,Hyundai,Model A,2025,0,Petrol,Automatic,2,1,24770
5026,Dacia,Model B,2022,6888,Petrol,Automatic,5,20,15398
5027,Toyota,Model B,2018,95396,Petrol,Automatic,5,1,9643
5028,Ford,Model A,2005,245559,Petrol,Automatic,2,30,697
5029,BMW,Model C,2025,0,Petrol,Automatic,7,1,28534
5030,Dacia,Model B,2012,163594,Petrol,Manual,2,10,500
5031,Dacia,Model B,2020,53202,Petrol,Automatic,1,1,6449
5032,Hyundai,Model A,2022,36945,Petrol,Manual,1,30,15163
5033,Honda,Model C,2023,38625,Petrol,Automatic,12,30,20290
5034,Honda,Model A,2023,14943,Petrol,Automatic,5,20,19629
5035,Honda,Model B,2015,102413,Petrol,Automatic,4,1,4528
5036,Toyota,Model A,2020,57822,Diesel,Automatic,7,1,9566
5037,Honda,Model B,2023,3548,Diesel,Automatic,2,10,21916
5038,BMW,Model C,2025,0,Petrol,Manual,6,20,28836
5039,Dacia,Model B,2025,,Petrol,Manual,3,30,14860
5040,Toyota,Model C,2025,0,Hybrid,Automatic,4,1,31323
5041,Fiat,Model B,2025,7959,Diesel,Automatic,12,20,19483
5042,VW,Model A,2023,21259,Petrol,Automatic,2,20,21090
5043,Toyota,Model C,2016,125728,Petrol,Manual,6,1,500
5044,Audi,Model B,2024,15232,Petrol,Automatic,9,30,31000
5045,Dacia,Model A,2024,23034,Petrol,Automatic,12,20,16807
5046,Hyundai,Model B,2023,41850,Petrol,Automatic,12,30,17967
5047,Audi,Model A,2022,34024,Petrol,Automatic,4,20,24453
5048,BMW,Model A,2022,35987,Diesel,Automatic,12,10,14191
5049,VW,Model C,2020,36396,Diesel,Manual,5,10,14813
5050,Toyota,Model A,2022,54593,Petrol,Automatic,12,30,18460
5051,Audi,Model B,2016,105814,Petrol,Automatic,2,10,8323
5052,VW,Model C,2025,0,Diesel,Manual,3,30,24425
5053,VW,Model A,2016,119095,Petrol,Automatic,1,10,9219
5054,Honda,Model C,2008,171303,Diesel,Manual,4,10,500
5055,Dacia,Model C,2021,41560,Petrol,Automatic,11,30,13372
5056,VW,Model B,2024,25624,Hybrid,Automatic,2,20,19845
5057,Fiat,Model B,2021,41434,Petrol,Automatic,3,30,11445
5058,Mercedes,Model B,2019,61231,Petrol,Automatic,3,20,14229
5059,Toyota,Model A,2023,17757,Petrol,Automatic,4,20,24775
5060,Mercedes,Model A,2020,29851,Diesel,Automatic,1,30,11196
5061,Toyota,Model B,2025,,Petrol,Automatic,6,1,28673
5062,Dacia,Model A,2025,0,Petrol,Manual,12,1,19368
5063,Dacia,Model B,2022,31915,Petrol,Automatic,6,10,12267
5064,Hyundai,Model A,2020,55969,Diesel,Manual,11,30,11016
5065,Honda,Model C,2025,211,Petrol,Automatic,8,1,21870
5066,Hyundai,Model C,2003,250000,Petrol,Manual,1,30,500
5067,Ford,Model B,2022,35219,Petrol,Automatic,8,1,14898
5068,BMW,Model B,2020,39575,Petrol,Automatic,12,1,6658
5069,Honda,Model B,2025,8632,Petrol,Automatic,7,30,25621
5070,Ford,Model B,2001,250000,Petrol,Manual,7,10,500
5071,Audi,Model A,2023,27082,Petrol,Manual,9,1,21856
5072,Audi,Model A,2025,16128,Diesel,Automatic,11,30,33070
5073,Audi,Model A,2022,36455,Petrol,Manual,8,1,14826
5074,Ford,Model B,2008,220670,Petrol,Automatic,6,1,1279
5075,Mercedes,Model A,2025,21108,Diesel,Automatic,1,1,32448
5076,VW,Model C,2022,44734,Petrol,Manual,2,10,17344
5077,Toyota,Model C,2023,12780,Diesel,Automatic,9,30,19419
5078,Toyota,Model B,2017,94038,Petrol,Automatic,8,1,1572
5079,Hyundai,Model A,2022,54582,Petrol,Manual,3,30,15485
5080,Honda,Model A,2021,25535,Petrol,Manual,9,1,12995
5081,Toyota,Model A,2007,210120,Petrol,Automatic,4,10,500
5082,Fiat,Model C,2010,174855,Hybrid,Automatic,4,30,500
5083,Toyota,Model C,2025,0,Diesel,Automatic,1,30,24631
5084,Fiat,Model C,2017,109093,Diesel,Automatic,7,20,3728
5085,Honda,Model B,2016,113652,Petrol,Automatic,4,1,2498
5086,Audi,Model A,2022,25334,Petrol,Manual,11,10,14659
5087,Ford,Model B,2025,9082,Petrol,Automatic,11,30,25984
5088,Toyota,Model B,2006,225623,Petrol,Automatic,2,20,500
5089,Mercedes,Model A,2023,10647,Petrol,Manual,2,30,19186
5090,BMW,Model A,2011,157306,Petrol,Manual,5,30,903
5091,Audi,Model B,2003,250000,Diesel,Automatic,8,20,500
5092,VW,Model B,2005,250000,Petrol,Automatic,5,1,500
5093,Hyundai,Model A,2025,0,Petrol,Manual,5,1,25274
5094,Fiat,Model B,2011,176166,Diesel,Automatic,2,1,500
5095,Audi,Model B,2004,250000,Petrol,Automatic,5,1,1261
5096,VW,Model C,2021,29116,Petrol,Automatic,6,30,16440
5097,Audi,Model B,2025,5335,Petrol,Automatic,12,10,28977
5098,Ford,Model C,2018,96459,Petrol,Automatic,11,10,5263
5099,Fiat,Model C,2021,46572,Hybrid,Manual,10,1,16420
5100,BMW,Model B,2003,250000,Petrol,Manual,7,1,500
5101,Dacia,Model C,2021,24294,Hybrid,Automatic,5,30,11316
5102,Hyundai,Model C,2023,29150,Petrol,Manual,11,30,18024
5103,Hyundai,Model C,2023,20496,Petrol,Automatic,5,20,15349
5104,VW,Model C,2020,74654,Petrol,Manual,8,10,8107
5105,Hyundai,Model B,2020,72631,Petrol,Manual,4,1,12244
5106,Dacia,Model B,2010,142217,Diesel,Manual,10,10,500
5107,Hyundai,Model C,2020,59958,Petrol,Automatic,7,20,5579
5108,Toyota,Model B,2009,186081,Petrol,Manual,12,30,500
5109,Ford,Model B,2025,5950,Petrol,Automatic,8,20,27120
5110,Toyota,Model A,2025,0,Petrol,Automatic,3,30,24219
5111,Dacia,Model A,2025,0,Petrol,Automatic,12,30,20606
5112,Fiat,Model C,2025,0,Hybrid,Automatic,7,1,19062
5113,Ford,Model A,2023,35017,Petrol,Automatic,4,1,14833
5114,Hyundai,Model A,2025,24825,Petrol,Automatic,5,1,28974
5115,Fiat,Model A,2019,59284,Hybrid,Automatic,2,30,7181
5116,Audi,Model C,2024,0,Petrol,Manual,1,1,20171
5117,Ford,Model B,2021,48300,Diesel,Automatic,6,10,10238
5118,Honda,Model C,2022,35570,Petrol,Automatic,12,1,17386
5119,Hyundai,Model B,2025,17563,Petrol,Automatic,2,30,23913
5120,Toyota,Model A,2019,53562,Petrol,Automatic,12,30,6919
5121,VW,Model C,2020,51930,Petrol,Automatic,10,1,9788
5122,Toyota,Model C,2025,0,Petrol,Manual,11,20,27769
5123,Mercedes,Model C,2005,250000,Petrol,Manual,9,30,500
5124,Mercedes,Model B,2022,39758,Petrol,Automatic,8,30,27329
5125,Mercedes,Model A,2025,0,Petrol,Automatic,2,30,32303
5126,BMW,Model B,2023,4165,Diesel,Automatic,8,30,24286
5127,Honda,Model B,2023,5542,Petrol,Automatic,5,20,24847
5128,VW,Model C,2018,90214,Petrol,Manual,2,10,9751
5129,Mercedes,Model B,2020,43388,Petrol,Automatic,11,30,9794
5130,Ford,Model C,2025,1560,Petrol,Manual,7,1,24105
5131,Ford,Model C,2023,54644,Petrol,Manual,10,30,16764
5132,Mercedes,Model B,2022,30786,Petrol,Automatic,6,1,15233
5133,Toyota,Model C,2009,177578,Petrol,Automatic,7,20,2455
5134,Hyundai,Model B,2001,250000,Petrol,Automatic,9,1,500
5135,BMW,Model C,2025,0,Petrol,Automatic,4,30,36262
5136,Mercedes,Model B,2020,85799,Petrol,Automatic,11,30,16575
5137,Dacia,Model C,2023,45054,Hybrid,Manual,6,1,12763
5138,VW,Model B,2007,213537,Petrol,Manual,9,1,500
5139,Honda,Model B,2024,0,Petrol,Manual,5,1,24286
5140,Ford,Model B,2025,0,Petrol,Manual,9,20,26514
5141,Hyundai,Model C,2023,19565,Petrol,Automatic,1,30,19074
5142,Hyundai,Model A,2012,161753,Petrol,Automatic,12,30,500
5143,Toyota,Model B,2023,39594,Petrol,Automatic,10,1,21667
5144,Honda,Model C,2025,0,Petrol,Automatic,9,1,24154
5145,Ford,Model A,2021,63163,Petrol,Automatic,5,1,11606
5146,BMW,Model B,2025,9265,Petrol,Manual,11,1,32846
5147,Dacia,Model C,2024,4383,Diesel,Automatic,10,30,20993
5148,Honda,Model A,2025,0,Petrol,Automatic,6,1,29004
5149,Toyota,Model C,2024,13743,Petrol,Manual,3,20,21686
5150,Fiat,Model B,2013,128106,Petrol,Manual,3,1,500
5151,Mercedes,Model C,2020,75355,Diesel,Automatic,7,30,10731
5152,BMW,Model B,2016,91141,Petrol,Automatic,10,30,11776
5153,VW,Model C,2025,2464,Petrol,Manual,9,10,25784
5154,Toyota,Model B,2025,0,Petrol,Automatic,7,1,35082
5155,Hyundai,Model B,2024,3590,Diesel,Manual,3,1,19901
5156,BMW,Model B,2020,58457,Petrol,Automatic,3,20,13453
5157,Toyota,Model B,2016,124199,Diesel,Manual,1,10,4043
5158,Audi,Model A,2025,0,Petrol,Manual,3,30,25544
5159,VW,Model B,2022,29817,Petrol,Manual,1,10,14291
5160,Audi,Model A,2017,84723,Petrol,Automatic,9,10,9153
5161,Honda,Model B,2023,23420,Petrol,Automatic,8,20,21904
5162,Hyundai,Model A,2004,241729,Petrol,Manual,12,30,6602
5163,Fiat,Model C,2020,33478,Petrol,Automatic,10,30,10217
5164,VW,Model C,2022,20172,Petrol,Manual,4,30,18072
5165,Toyota,Model B,2014,156566,Petrol,Manual,9,1,1647
5166,Ford,Model C,2025,3700,Petrol,Automatic,1,1,29925
5167,VW,Model C,2016,111185,Petrol,Manual,12,10,9080
5168,Fiat,Model B,2013,139760,Petrol,Automatic,8,30,2054
5169,Fiat,Model C,2016,107225,Petrol,Manual,2,30,649
5170,Dacia,Model C,2025,0,Diesel,Manual,7,20,18068
5171,Hyundai,Model B,2021,55903,Petrol,Automatic,12,20,12946
5172,Mercedes,Model A,2023,25512,Petrol,Automatic,11,1,24619
5173,VW,Model C,2002,250000,Petrol,Manual,4,30,500
5174,Hyundai,Model C,2003,250000,Hybrid,Automatic,5,20,4582
5175,Fiat,Model B,2021,11118,Diesel,Automatic,11,30,14427
5176,Fiat,Model B,2025,6207,Petrol,Manual,12,1,16487
5177,Honda,Model C,2025,,Petrol,Automatic,12,10,22235
5178,VW,Model C,2008,60767,Petrol,Automatic,12,20,1579
5179,BMW,Model B,2022,18080,Petrol,Automatic,7,20,23470
5180,Ford,Model A,2025,42,Petrol,Automatic,11,20,29265
5181,Honda,Model B,2021,,Petrol,Manual,5,1,17704
5182,Dacia,Model A,2025,22542,Petrol,Manual,11,30,17180
5183,Fiat,Model B,2013,120879,Hybrid,Manual,5,10,1406
5184,Hyundai,Model C,2025,14632,Petrol,Automatic,8,10,23166
5185,BMW,Model C,2025,,Petrol,Manual,6,30,28413
5186,Toyota,Model B,2025,0,Petrol,Automatic,12,20,24624
5187,VW,Model A,2024,23397,Petrol,Automatic,1,1,25025
5188,BMW,Model B,2020,56461,Petrol,Manual,12,30,9306
5189,Audi,Model C,2025,10762,Hybrid,Automatic,6,30,30485
5190,Fiat,Model B,2019,57115,Diesel,Automatic,7,10,12769
5191,Mercedes,Model B,2020,50505,Petrol,Automatic,11,10,10220
5192,BMW,Model B,2025,14154,Petrol,Manual,9,30,29532
5193,Ford,Model C,2025,22281,Petrol,Manual,12,30,23080
5194,Dacia,Model C,2025,0,Diesel,Automatic,7,20,18200
5195,Hyundai,Model A,2016,66190,Petrol,Automatic,7,30,8826
5196,Dacia,Model B,2025,0,Petrol,Automatic,12,30,22638
5197,Hyundai,Model A,2025,486,Petrol,Automatic,12,30,25476
5198,Honda,Model B,2006,224508,Petrol,Manual,3,30,500
5199,Dacia,Model B,2021,53045,Petrol,Manual,4,30,11419
5200,Toyota,Model B,2019,64846,Petrol,Manual,8,10,9172
5201,Toyota,Model C,2020,72583,Petrol,Manual,12,30,9468
5202,Honda,Model A,2025,0,Petrol,Manual,8,30,21159
5203,Hyundai,Model B,2024,30552,Petrol,Manual,10,30,17797
5204,Fiat,Model B,2025,23251,Petrol,Manual,2,30,18815
5205,Toyota,Model C,2025,0,Hybrid,Manual,7,10,25490
5206,Honda,Model C,2020,,Petrol,Automatic,2,30,5667
5207,Fiat,Model C,2025,6160,Petrol,Automatic,4,1,18889
5208,BMW,Model C,2021,30191,Petrol,Automatic,3,20,18833
5209,Hyundai,Model A,2025,0,Hybrid,Manual,3,30,23599
5210,Honda,Model C,2016,124537,Diesel,Automatic,12,30,3038
5211,Toyota,Model A,2025,11064,Petrol,Manual,4,20,26045
5212,Honda,Model C,2017,125702,Petrol,Manual,8,30,6276
5213,Toyota,Model C,2020,62561,Petrol,Automatic,1,1,13109
5214,Hyundai,Model B,2025,0,Diesel,Automatic,11,30,25165
5215,Fiat,Model B,2021,48768,Diesel,Manual,9,30,12482
5216,Honda,Model A,2023,21741,Petrol,Automatic,3,30,19809
5217,Hyundai,Model A,2021,45951,Hybrid,Automatic,1,10,16402
5218,VW,Model B,2025,0,Petrol,Manual,4,10,21381
5219,Toyota,Model C,2017,82023,Petrol,Automatic,8,20,4868
5220,Ford,Model B,2005,244233,Diesel,Automatic,1,20,500
5221,VW,Model C,2019,50870,Petrol,Automatic,1,30,9060
5222,BMW,Model C,2022,25247,Diesel,Manual,6,10,17451
5223,Toyota,Model C,2015,118216,Hybrid,Manual,3,10,2981
5224,Dacia,Model C,2020,26106,Petrol,Automatic,8,1,9030
5225,Ford,Model B,2021,59534,Petrol,Manual,3,30,12303
5226,Toyota,Model A,2005,209202,Petrol,Manual,12,1,500
5227,Audi,Model A,2023,34043,Petrol,Manual,6,30,20924
5228,Audi,Model A,2025,0,Diesel,Manual,2,1,28181
5229,Toyota,Model A,2015,113926,Petrol,Manual,1,20,592
5230,Mercedes,Model C,2023,31786,Diesel,Manual,6,30,22745
5231,Mercedes,Model C,2024,44972,Hybrid,Automatic,11,10,24139
5232,Toyota,Model A,2021,49746,Diesel,Automatic,6,30,18214
5233,Ford,Model A,2025,0,Diesel,Automatic,2,20,23904
5234,Mercedes,Model B,2021,62305,Petrol,Manual,7,30,15281
5235,BMW,Model C,2022,32521,Petrol,Automatic,5,10,18326
5236,BMW,Model C,2000,250000,Hybrid,Automatic,7,1,500
5237,Audi,Model B,2024,20367,Petrol,Automatic,5,10,27713
5238,Mercedes,Model C,2024,0,Diesel,Automatic,9,1,24814
5239,Honda,Model A,2003,250000,Petrol,Automatic,11,1,500
5240,Honda,Model A,2020,53854,Petrol,Manual,12,30,7732
5241,Toyota,Model C,2025,18327,Petrol,Manual,10,10,27323
5242,Hyundai,Model C,2021,58906,Diesel,Manual,5,10,13094
5243,Honda,Model C,2022,11594,Petrol,Manual,6,1,13026
5244,BMW,Model B,2025,18939,Petrol,Manual,9,1,27455
5245,Toyota,Model A,2025,6742,Petrol,Automatic,3,10,26575
5246,Dacia,Model B,2023,,Petrol,Automatic,9,20,16961
5247,Dacia,Model B,2025,,Petrol,Automatic,9,1,21033
5248,Audi,Model B,2025,15522,Petrol,Manual,9,1,30890
5249,Mercedes,Model C,2021,29789,Diesel,Automatic,5,1,15436
5250,Honda,Model B,2022,56663,Hybrid,Manual,8,20,11044
5251,Honda,Model B,2021,25310,Petrol,Manual,3,20,13997
5252,Toyota,Model B,2025,0,Petrol,Automatic,3,20,28363
5253,Honda,Model A,2024,0,Petrol,Automatic,10,1,23400
5254,Audi,Model C,2008,224654,Petrol,Manual,5,30,3336
5255,Mercedes,Model A,2025,0,Petrol,Manual,7,1,25797
5256,Ford,Model B,2022,18557,Petrol,Automatic,4,30,21285
5257,Dacia,Model C,2006,234678,Petrol,Manual,3,30,500
5258,Mercedes,Model C,2023,33917,Petrol,Manual,10,30,24656
5259,VW,Model A,2021,58013,Petrol,Manual,10,30,9252
5260,Honda,Model B,2025,0,Petrol,Automatic,11,1,28355
5261,Toyota,Model C,2016,111818,Diesel,Automatic,11,1,500
5262,Fiat,Model B,2025,0,Diesel,Automatic,6,30,21848
5263,Honda,Model B,2023,49122,Petrol,Manual,11,30,17682
5264,Ford,Model B,2005,250000,Petrol,Manual,5,30,500
5265,Honda,Model C,2025,16244,Petrol,Manual,1,30,25120
5266,BMW,Model B,2022,47911,Petrol,Manual,9,30,15727
5267,Ford,Model B,2019,79795,Petrol,Manual,3,20,7693
5268,Toyota,Model A,2022,17334,Petrol,Manual,6,10,12463
5269,BMW,Model B,2025,9499,Petrol,Automatic,3,20,27800
5270,Ford,Model C,2020,61713,Petrol,Automatic,5,20,15754
5271,BMW,Model A,2016,126950,Petrol,Manual,12,30,3301
5272,Audi,Model A,2012,168111,Diesel,Manual,8,30,4648
5273,Hyundai,Model A,2019,80255,Diesel,Automatic,2,20,6243
5274,BMW,Model A,2025,0,Hybrid,Automatic,10,20,31989
5275,Ford,Model B,2022,34664,Petrol,Automatic,11,10,18404
5276,Dacia,Model A,2017,87631,Petrol,Automatic,3,1,7957
5277,Mercedes,Model B,2015,123785,Petrol,Manual,10,1,4402
5278,Toyota,Model C,2020,53766,Petrol,Automatic,7,1,17158
5279,Ford,Model B,2025,0,Hybrid,Automatic,8,30,24226
5280,Honda,Model A,2020,66885,Petrol,Manual,12,30,9773
5281,Ford,Model B,2025,0,Petrol,Automatic,1,1,25881
5282,Toyota,Model C,2022,37823,Petrol,Automatic,8,1,13108
5283,Mercedes,Model C,2015,97208,Diesel,Automatic,2,20,3711
5284,BMW,Model A,2025,0,Petrol,Automatic,10,30,32070
5285,VW,Model A,2022,45840,Diesel,Automatic,12,10,15818
5286,Audi,Model B,2025,0,Petrol,Manual,2,1,31515
5287,Hyundai,Model B,2025,18685,Hybrid,Automatic,1,1,24639
5288,VW,Model C,2005,250000,Petrol,Manual,12,10,1456
5289,BMW,Model A,2009,187976,Petrol,Automatic,12,1,1708
5290,Audi,Model B,2025,44981,Petrol,Manual,12,20,24554
5291,Toyota,Model C,2019,90646,Petrol,Manual,12,20,4947
5292,Ford,Model C,2016,93760,Petrol,Automatic,7,30,3578
5293,Hyundai,Model B,2003,250000,Petrol,Manual,12,10,1291
5294,BMW,Model C,2002,250000,Diesel,Automatic,12,1,500
5295,Audi,Model C,2025,0,Diesel,Automatic,2,30,29818
5296,Toyota,Model B,2013,127951,Petrol,Manual,11,30,500
5297,Mercedes,Model A,2022,50923,Petrol,Manual,9,1,20564
5298,Honda,Model B,2023,15030,Petrol,Manual,2,10,22068
5299,Honda,Model A,2021,46471,Petrol,Manual,10,1,15212
5300,Toyota,Model A,2002,250000,Diesel,Manual,7,10,1545
5301,Honda,Model A,2025,0,Petrol,Manual,11,20,26012
5302,Toyota,Model A,2001,250000,Petrol,Automatic,11,30,3889
5303,Toyota,Model B,2025,5822,Petrol,Automatic,12,10,24058
5304,Audi,Model B,2025,0,Petrol,Automatic,1,1,32768
5305,Honda,Model B,2021,48253,Petrol,Automatic,9,1,15745
5306,Honda,Model C,2022,24808,Petrol,Automatic,5,30,13759
5307,Mercedes,Model C,2022,57035,Petrol,Manual,10,1,26910
5308,BMW,Model B,2021,92141,Petrol,Automatic,8,30,15737
5309,Mercedes,Model A,2025,0,Hybrid,Manual,7,30,30055
5310,BMW,Model A,2025,0,Petrol,Automatic,1,1,34557
5311,Honda,Model B,2020,61753,Diesel,Manual,8,30,11004
5312,Audi,Model B,2023,20918,Petrol,Manual,6,10,21134
5313,Toyota,Model C,2025,29570,Petrol,Automatic,5,10,28138
5314,Toyota,Model C,2025,24998,Petrol,Manual,12,20,20896
5315,Honda,Model B,2022,48980,Petrol,Automatic,9,30,14681
5316,VW,Model C,2021,39199,Petrol,Manual,7,30,10598
5317,Honda,Model C,2019,82166,Petrol,Automatic,11,20,11080
5318,BMW,Model A,2025,3975,Petrol,Automatic,3,30,29276
5319,BMW,Model B,2014,135619,Petrol,Manual,8,20,3412
5320,Audi,Model A,2023,626,Petrol,Manual,11,30,20234
5321,Toyota,Model A,2019,87926,Petrol,Automatic,2,1,8751
5322,BMW,Model B,2019,73617,Petrol,Manual,3,20,14269
5323,Toyota,Model B,2021,46487,Diesel,Automatic,2,10,16293
5324,Fiat,Model A,2025,0,Diesel,Automatic,12,20,21197
5325,BMW,Model B,2005,228095,Diesel,Automatic,8,20,3699
5326,Dacia,Model A,2023,28758,Petrol,Automatic,7,1,20011
5327,Fiat,Model B,2008,177762,Petrol,Manual,5,10,500
5328,Hyundai,Model A,2015,131842,Diesel,Manual,6,30,500
5329,Fiat,Model B,2021,,Petrol,Automatic,10,20,8400
5330,BMW,Model A,2022,5119,Petrol,Manual,12,1,20244
5331,Mercedes,Model C,2018,111328,Petrol,Automatic,2,30,5574
5332,Mercedes,Model C,2020,47128,Petrol,Automatic,4,20,13483
5333,Mercedes,Model A,2008,193167,Diesel,Manual,3,30,1455
5334,Toyota,Model A,2020,77018,Petrol,Automatic,6,10,15411
5335,Hyundai,Model A,2025,27816,Petrol,Automatic,7,20,26720
5336,Audi,Model B,2025,0,Hybrid,Manual,10,1,30000
5337,Audi,Model C,2020,45657,Petrol,Manual,11,20,7531
5338,VW,Model B,2023,10759,Petrol,Automatic,7,30,22994
5339,BMW,Model A,2025,14022,Hybrid,Automatic,7,10,32819
5340,Toyota,Model A,2000,250000,Petrol,Automatic,8,1,500
5341,Toyota,Model A,2025,0,Petrol,Manual,12,10,17556
5342,Hyundai,Model B,2025,21221,Petrol,Manual,9,30,19296
5343,Honda,Model A,2009,181364,Petrol,Manual,10,20,500
5344,Ford,Model A,2015,125041,Petrol,Manual,9,10,500
5345,Mercedes,Model C,2025,0,Petrol,Manual,12,10,27353
5346,Fiat,Model B,2022,34171,Petrol,Manual,11,30,8107
5347,Toyota,Model C,2001,250000,Petrol,Automatic,5,30,3004
5348,VW,Model C,2018,79272,Petrol,Manual,11,1,6801
5349,Dacia,Model C,2021,53774,Petrol,Manual,6,1,9830
5350,Honda,Model C,2024,0,Petrol,Automatic,11,30,17736
5351,Honda,Model C,2025,0,Petrol,Automatic,12,1,21956
5352,Mercedes,Model C,2025,6568,Petrol,Automatic,9,1,31600
5353,Toyota,Model A,2019,92130,Petrol,Manual,9,1,6599
5354,Fiat,Model C,2022,35657,Petrol,Automatic,2,20,10946
5355,Mercedes,Model C,2022,43555,Petrol,Manual,5,1,17887
5356,Fiat,Model C,2021,59371,Petrol,Automatic,7,10,10890
5357,VW,Model A,2015,132457,Petrol,Manual,1,1,8181
5358,Toyota,Model A,2025,,Diesel,Automatic,11,1,26438
5359,Honda,Model A,2025,0,Petrol,Manual,5,10,25286
5360,Mercedes,Model C,2022,25648,Hybrid,Automatic,10,1,22716
5361,Audi,Model B,2023,52929,Hybrid,Automatic,10,30,21606
5362,Toyota,Model B,2017,103622,Petrol,Automatic,7,10,8456
5363,Toyota,Model A,2023,30949,Petrol,Automatic,10,10,17305
5364,Fiat,Model B,2024,17493,Diesel,Manual,9,1,17331
5365,Toyota,Model A,2022,16188,Diesel,Manual,5,1,16513
5366,Honda,Model B,2025,29072,Diesel,Automatic,11,1,25898
5367,Mercedes,Model A,2023,31187,Petrol,Automatic,8,30,22831
5368,VW,Model B,2020,70847,Petrol,Manual,3,20,14196
5369,Ford,Model A,2025,0,Petrol,Manual,10,10,23371
5370,Honda,Model B,2015,131694,Petrol,Automatic,9,1,4711
5371,Dacia,Model C,2021,42656,Petrol,Automatic,4,1,8892
5372,Fiat,Model B,2020,40158,Petrol,Automatic,11,1,9164
5373,VW,Model B,2021,33693,Petrol,Automatic,5,30,18225
5374,Fiat,Model A,2025,0,Diesel,Manual,7,30,20624
5375,Ford,Model C,2022,16773,Petrol,Manual,5,10,18244
5376,Hyundai,Model C,2025,908,Petrol,Automatic,10,30,18567
5377,Toyota,Model A,2023,18198,Petrol,Automatic,8,1,20453
5378,BMW,Model B,2020,65011,Petrol,Manual,6,20,13653
5379,Dacia,Model C,2025,25139,Petrol,Automatic,1,10,17613
5380,Mercedes,Model A,2017,94057,Petrol,Automatic,8,10,8709
5381,Audi,Model C,2017,62326,Diesel,Manual,8,10,6089
5382,Mercedes,Model A,2022,32370,Petrol,Automatic,3,10,19096
5383,Toyota,Model B,2018,101900,Petrol,Manual,5,30,5060
5384,Toyota,Model A,2000,250000,Petrol,Manual,11,10,500
5385,Ford,Model C,2024,,Diesel,Manual,7,30,15516
5386,Dacia,Model B,2022,42794,Petrol,Automatic,6,30,12953
5387,BMW,Model C,2021,20425,Petrol,Manual,12,1,18197
5388,Hyundai,Model B,2025,1643,Diesel,Manual,11,1,23075
5389,Mercedes,Model A,2023,28455,Petrol,Automatic,2,10,22357
5390,BMW,Model A,2025,16205,Petrol,Automatic,11,30,29202
5391,Ford,Model A,2013,171294,Diesel,Automatic,2,10,4692
5392,Fiat,Model A,2023,37615,Petrol,Manual,3,30,11741
5393,Mercedes,Model C,2025,6607,Diesel,Automatic,1,1,30555
5394,Toyota,Model A,2023,,Diesel,Automatic,7,10,23472
5395,Mercedes,Model A,2025,0,Petrol,Manual,9,30,31422
5396,Fiat,Model A,2020,38056,Petrol,Automatic,10,1,10948
5397,Audi,Model A,2009,192622,Petrol,Automatic,1,30,3784
5398,Honda,Model B,2021,53479,Petrol,Automatic,3,30,15823
5399,Fiat,Model B,2021,29945,Petrol,Manual,8,20,11381
5400,Ford,Model C,2025,19899,Petrol,Manual,7,30,22813
5401,Dacia,Model B,2018,99081,Diesel,Manual,1,20,3371
5402,Fiat,Model C,2025,0,Hybrid,Automatic,12,20,23007
5403,Honda,Model C,2025,20487,Petrol,Manual,10,1,20674
5404,Ford,Model B,2018,79375,Petrol,Automatic,5,30,7920
5405,Audi,Model C,2020,48322,Petrol,Automatic,7,20,9249
5406,Dacia,Model C,2025,16189,Petrol,Manual,5,20,17750
5407,Audi,Model A,2025,0,Petrol,Manual,6,30,27071
5408,Hyundai,Model A,2021,76487,Hybrid,Manual,8,20,11208
5409,Toyota,Model B,2020,47206,Petrol,Automatic,5,1,13496
5410,Toyota,Model A,2022,10025,Petrol,Automatic,8,1,17682
5411,Mercedes,Model C,2024,7793,Petrol,Automatic,6,1,25039
5412,Ford,Model C,2019,83838,Petrol,Automatic,9,10,11131
5413,Audi,Model B,2025,0,Petrol,Automatic,4,10,33983
5414,Mercedes,Model A,2005,220048,Hybrid,Manual,3,1,500
5415,Audi,Model C,2004,250000,Petrol,Automatic,1,1,500
5416,Audi,Model B,2021,26044,Petrol,Automatic,8,10,20809
5417,Honda,Model A,2020,64600,Petrol,Automatic,12,1,13812
5418,Toyota,Model A,2020,54890,Petrol,Automatic,6,1,10850
5419,BMW,Model B,2022,43416,Petrol,Manual,3,30,16789
5420,Honda,Model C,2020,39242,Petrol,Manual,1,1,9255
5421,Hyundai,Model C,2016,127472,Petrol,Manual,7,20,1276
5422,Ford,Model C,2020,57254,Petrol,Manual,12,10,8102
5423,Dacia,Model A,2025,11452,Hybrid,Automatic,12,30,21797
5424,BMW,Model C,2021,62398,Petrol,Manual,2,1,12747
5425,Hyundai,Model C,2021,30638,Diesel,Automatic,11,1,12148
5426,Honda,Model B,2023,37233,Hybrid,Automatic,3,30,20863
5427,Honda,Model A,2025,0,Petrol,Automatic,11,30,21408
5428,Honda,Model A,2018,63447,Diesel,Automatic,11,1,8508
5429,Toyota,Model C,2024,41459,Diesel,Automatic,1,20,22304
5430,Toyota,Model A,2025,16677,Petrol,Manual,3,1,24409
5431,Ford,Model B,2023,55104,Diesel,Automatic,1,30,16057
5432,BMW,Model C,2008,198446,Petrol,Manual,7,1,500
5433,Ford,Model C,2024,13536,Petrol,Manual,1,10,21690
5434,VW,Model C,2006,235910,Petrol,Manual,8,10,7164
5435,Toyota,Model C,2023,23817,Diesel,Manual,7,20,22787
5436,Audi,Model B,2025,0,Petrol,Manual,5,30,32269
5437,Audi,Model B,2017,82558,Hybrid,Automatic,6,30,5052
5438,BMW,Model A,2025,3207,Petrol,Automatic,12,30,26799
5439,BMW,Model C,2003,247997,Petrol,Manual,3,10,500
5440,Mercedes,Model B,2025,0,Petrol,Manual,10,10,26722
5441,BMW,Model B,2022,41903,Hybrid,Manual,9,1,9138
5442,Audi,Model B,2017,94572,Petrol,Manual,9,20,5729
5443,Toyota,Model B,2013,158058,Petrol,Automatic,5,30,500
5444,Dacia,Model B,2025,0,Diesel,Manual,3,20,19751
5445,Dacia,Model C,2007,207281,Hybrid,Manual,9,10,500
5446,Mercedes,Model A,2016,114353,Petrol,Automatic,12,20,6164
5447,Audi,Model A,2020,47819,Petrol,Manual,12,30,12841
5448,Honda,Model A,2024,2128,Petrol,Manual,7,20,17908
5449,Mercedes,Model B,2023,14723,Diesel,Automatic,6,20,17817
5450,Honda,Model C,2012,152854,Diesel,Manual,5,1,500
5451,Toyota,Model C,2019,98586,Diesel,Automatic,11,1,5666
5452,Toyota,Model C,2017,75348,Petrol,Automatic,4,1,6933
5453,Hyundai,Model C,2017,115432,Petrol,Automatic,7,1,4575
5454,Hyundai,Model B,2021,17720,Petrol,Manual,5,10,11599
5455,Dacia,Model C,2025,23504,Diesel,Automatic,11,10,23309
5456,Audi,Model A,2017,143050,Hybrid,Automatic,4,1,8947
5457,Fiat,Model A,2020,81471,Petrol,Manual,9,1,8021
5458,Honda,Model C,2021,61885,Petrol,Automatic,8,30,14500
5459,Ford,Model A,2025,,Petrol,Automatic,5,30,22965
5460,Fiat,Model C,2025,0,Diesel,Manual,4,20,22632
5461,Dacia,Model A,2025,5402,Petrol,Automatic,11,1,21472
5462,VW,Model A,2018,58528,Petrol,Manual,7,30,5883
5463,Toyota,Model B,2006,237231,Petrol,Automatic,8,30,500
5464,Honda,Model C,2020,27976,Petrol,Manual,12,1,10318
5465,Ford,Model B,2018,101283,Hybrid,Automatic,5,20,5430
5466,Hyundai,Model C,2022,31174,Diesel,Manual,11,30,15973
5467,VW,Model C,2025,1898,Petrol,Automatic,8,30,25973
5468,Toyota,Model A,2025,0,Petrol,Automatic,8,20,20820
5469,Toyota,Model B,2025,0,Hybrid,Manual,1,1,26107
5470,BMW,Model C,2020,78520,Petrol,Manual,12,1,12552
5471,Fiat,Model C,2024,32035,Diesel,Manual,3,10,15377
5472,BMW,Model A,2020,54727,Petrol,Automatic,6,1,12212
5473,Ford,Model C,2006,237928,Diesel,Automatic,10,10,1362
5474,Fiat,Model C,2025,0,Petrol,Automatic,7,30,21758
5475,Toyota,Model B,2000,250000,Petrol,Automatic,1,10,500
5476,Hyundai,Model B,2021,59387,Diesel,Automatic,12,30,11037
5477,Hyundai,Model C,2020,68326,Petrol,Manual,1,30,10652
5478,BMW,Model B,2024,9634,Petrol,Automatic,2,30,23164
5479,Toyota,Model B,2025,7783,Petrol,Automatic,3,30,29799
5480,VW,Model C,2020,60421,Petrol,Automatic,8,30,10421
5481,Toyota,Model C,2025,0,Petrol,Manual,12,1,25375
5482,Honda,Model A,2019,64822,Petrol,Automatic,12,20,12381
5483,Ford,Model B,2021,60150,Petrol,Automatic,9,1,13911
5484,Mercedes,Model B,2025,0,Petrol,Manual,10,30,30559
5485,Toyota,Model A,2024,28587,Hybrid,Automatic,9,20,24549
5486,BMW,Model C,2025,0,Petrol,Automatic,9,30,33793
5487,Mercedes,Model B,2017,83720,Petrol,Automatic,11,10,3866
5488,Honda,Model C,2024,0,Petrol,Automatic,5,20,24491
5489,Ford,Model A,2023,34115,Petrol,Automatic,3,1,22714
5490,Mercedes,Model A,2025,,Diesel,Automatic,5,10,30286
5491,Hyundai,Model C,2015,143831,Petrol,Automatic,1,1,4029
5492,Toyota,Model A,2025,0,Petrol,Automatic,12,1,27038
5493,Fiat,Model B,2023,15327,Petrol,Automatic,10,30,17977
5494,Toyota,Model A,2019,70616,Petrol,Automatic,3,30,5856
5495,Mercedes,Model B,2022,24722,Diesel,Automatic,4,20,23323
5496,Hyundai,Model B,2020,18027,Diesel,Automatic,12,30,8566
5497,Ford,Model C,2023,28792,Petrol,Automatic,10,1,22047
5498,Toyota,Model C,2025,7267,Petrol,Manual,6,20,22297
5499,Toyota,Model B,2023,46592,Petrol,Automatic,3,1,18921
5500,Mercedes,Model B,2024,0,Diesel,Manual,1,30,27959
5501,Toyota,Model A,2022,41066,Petrol,Manual,9,1,9978
5502,BMW,Model B,2005,230295,Petrol,Manual,10,30,500
5503,Honda,Model B,2017,102450,Hybrid,Manual,2,30,2911
5504,Fiat,Model B,2022,42469,Petrol,Manual,1,20,12084
5505,Hyundai,Model B,2020,45196,Petrol,Manual,5,1,8513
5506,BMW,Model B,2016,94482,Diesel,Manual,9,1,6339
5507,Fiat,Model A,2022,43674,Petrol,Automatic,12,30,9965
5508,Honda,Model A,2020,60351,Petrol,Automatic,11,1,7584
5509,Mercedes,Model A,2018,80705,Petrol,Automatic,9,10,14167
5510,Hyundai,Model C,2022,45869,Hybrid,Manual,11,30,12011
5511,Toyota,Model C,2013,154975,Petrol,Automatic,5,10,1402
5512,Audi,Model C,2025,0,Diesel,Manual,4,30,29606
5513,Mercedes,Model C,2025,0,Diesel,Automatic,2,30,28816
5514,Honda,Model A,2025,0,Petrol,Automatic,3,30,31598
5515,BMW,Model A,2010,,Petrol,Automatic,12,30,1027
5516,Hyundai,Model A,2025,0,Petrol,Manual,12,30,23698
5517,Honda,Model B,2025,1491,Petrol,Manual,1,1,18589
5518,Honda,Model A,2025,18252,Diesel,Automatic,6,1,23275
5519,BMW,Model C,2011,162698,Diesel,Manual,5,1,1444
5520,Hyundai,Model A,2024,3956,Petrol,Automatic,9,1,20589
5521,Honda,Model C,2025,29967,Hybrid,Automatic,5,30,25498
5522,Honda,Model C,2023,,Hybrid,Automatic,4,10,17703
5523,Hyundai,Model C,2024,531,Petrol,Manual,11,30,16396
5524,BMW,Model B,2021,50085,Petrol,Manual,12,30,11303
5525,Toyota,Model B,2022,40930,Petrol,Automatic,3,10,22303
5526,Ford,Model C,2003,250000,Diesel,Automatic,3,10,2458
5527,Honda,Model C,2024,39220,Petrol,Manual,6,1,16639
5528,Mercedes,Model B,2008,205308,Petrol,Automatic,9,1,500
5529,Toyota,Model C,2021,15467,Diesel,Automatic,3,1,11039
5530,Toyota,Model A,2019,82329,Petrol,Automatic,6,20,7547
5531,Dacia,Model A,2023,41848,Hybrid,Automatic,11,20,12263
5532,Toyota,Model A,2013,158053,Petrol,Manual,3,20,7377
5533,Audi,Model A,2024,20071,Hybrid,Automatic,1,1,30082
5534,Hyundai,Model C,2025,0,Petrol,Manual,12,10,20881
5535,Toyota,Model A,2015,112677,Diesel,Manual,10,1,500
5536,Honda,Model A,2010,192291,Petrol,Manual,9,30,3829
5537,Honda,Model A,2014,135755,Diesel,Automatic,2,20,500
5538,Ford,Model B,2025,12391,Hybrid,Automatic,12,30,25716
5539,Ford,Model A,2022,64307,Petrol,Manual,4,10,13862
5540,BMW,Model C,2022,18345,Diesel,Manual,3,20,17603
5541,Hyundai,Model C,2010,197068,Hybrid,Automatic,7,1,4610
5542,Mercedes,Model B,2024,7044,Petrol,Automatic,12,1,28109
5543,Toyota,Model C,2025,14030,Petrol,Automatic,12,20,23673
5544,Mercedes,Model C,2025,0,Diesel,Manual,8,1,28315
5545,Hyundai,Model B,2024,43905,Petrol,Manual,12,20,23872
5546,Ford,Model A,2007,217951,Diesel,Manual,6,10,2487
5547,Hyundai,Model B,2011,158392,Petrol,Manual,1,20,1679
5548,VW,Model C,2004,250000,Diesel,Manual,4,30,500
5549,Mercedes,Model B,2018,88859,Petrol,Automatic,4,10,6510
5550,Toyota,Model C,2013,161071,Petrol,Manual,10,1,1558
5551,Honda,Model B,2018,90720,Diesel,Manual,2,10,8317
5552,Toyota,Model A,2021,85125,Petrol,Automatic,3,30,12661
5553,Audi,Model C,2025,0,Petrol,Automatic,8,1,29055
5554,Fiat,Model C,2023,22505,Hybrid,Manual,2,30,15750
5555,VW,Model B,2025,0,Petrol,Manual,7,10,23195
5556,Toyota,Model A,2025,1285,Petrol,Manual,1,10,27816
5557,Hyundai,Model A,2011,171465,Petrol,Manual,9,20,500
5558,Ford,Model A,2025,4218,Petrol,Automatic,12,1,23925
5559,BMW,Model A,2019,73007,Hybrid,Manual,11,30,11695
5560,Toyota,Model B,2024,,Diesel,Automatic,1,30,23555
5561,Toyota,Model B,2020,46775,Petrol,Automatic,8,20,8642
5562,Audi,Model B,2025,0,Petrol,Automatic,2,30,31425
5563,Audi,Model B,2018,101123,Hybrid,Automatic,1,30,8236
5564,Dacia,Model C,2019,92351,Petrol,Automatic,8,1,3323
5565,Honda,Model C,2025,0,Petrol,Manual,8,30,27265
5566,Hyundai,Model B,2002,250000,Petrol,Automatic,2,1,4053
5567,Audi,Model B,2024,10782,Petrol,Automatic,5,30,26582
5568,Mercedes,Model A,2025,31374,Hybrid,Automatic,4,30,28624
5569,Fiat,Model A,2025,14984,Diesel,Manual,5,10,20854
5570,Honda,Model A,2025,,Petrol,Automatic,5,1,27798
5571,Fiat,Model B,2025,14440,Petrol,Automatic,11,20,21480
5572,BMW,Model A,2006,250000,Petrol,Automatic,5,20,500
5573,Fiat,Model C,2025,0,Petrol,Automatic,5,20,19421
5574,Toyota,Model C,2024,6119,Petrol,Automatic,1,10,25822
5575,Mercedes,Model A,2024,4069,Petrol,Manual,10,30,19835
5576,VW,Model A,2012,164806,Diesel,Automatic,9,30,2190
5577,Hyundai,Model C,2024,14401,Hybrid,Automatic,5,30,22279
5578,BMW,Model A,2025,11344,Petrol,Automatic,6,1,29331
5579,Dacia,Model B,2025,0,Petrol,Manual,10,1,17255
5580,VW,Model C,2021,68579,Diesel,Automatic,5,20,13457
5581,Toyota,Model C,2003,250000,Petrol,Manual,6,20,4303
5582,Mercedes,Model B,2020,21125,Petrol,Manual,1,30,12286
5583,Toyota,Model C,2025,17931,Petrol,Automatic,12,20,28645
5584,Audi,Model A,2025,16726,Petrol,Manual,5,10,30187
5585,Honda,Model C,2021,53412,Petrol,Automatic,4,20,11026
5586,Hyundai,Model B,2005,250000,Hybrid,Automatic,8,1,500
5587,VW,Model A,2021,74124,Petrol,Automatic,7,30,19046
5588,Honda,Model A,2022,43704,Petrol,Manual,6,30,14458
5589,Mercedes,Model B,2025,0,Petrol,Automatic,12,1,28140
5590,Dacia,Model C,2024,20745,Petrol,Manual,5,30,11652
5591,Audi,Model A,2020,59440,Petrol,Manual,12,20,11944
5592,Audi,Model A,2022,779,Diesel,Automatic,10,1,21062
5593,Ford,Model A,2006,234929,Petrol,Manual,12,30,500
5594,Hyundai,Model C,2025,1749,Hybrid,Automatic,4,30,23701
5595,Dacia,Model A,2020,77346,Diesel,Manual,1,1,6961
5596,Dacia,Model B,2022,24748,Diesel,Manual,6,30,13566
5597,Fiat,Model B,2020,37414,Petrol,Manual,4,10,5480
5598,Honda,Model B,2024,14530,Petrol,Manual,1,20,22283
5599,Mercedes,Model A,2024,17702,Petrol,Manual,1,1,28253
5600,Ford,Model B,2025,1407,Petrol,Automatic,3,30,24437
5601,BMW,Model C,2018,84310,Petrol,Manual,5,30,10038
5602,Mercedes,Model C,2020,43969,Hybrid,Automatic,12,30,9764
5603,BMW,Model C,2012,153916,Diesel,Automatic,9,1,3252
5604,Mercedes,Model B,2024,6773,Petrol,Manual,5,30,27507
5605,Honda,Model B,2003,250000,Diesel,Automatic,10,20,500
5606,Toyota,Model C,2023,29689,Petrol,Automatic,8,30,21697
5607,Toyota,Model B,2025,0,Petrol,Automatic,6,30,28665
5608,Hyundai,Model B,2025,25858,Petrol,Automatic,2,10,27456
5609,VW,Model B,2021,43966,Petrol,Automatic,12,1,10371
5610,Dacia,Model C,2021,56366,Petrol,Automatic,8,1,18106
5611,Honda,Model B,2007,213496,Petrol,Manual,6,30,500
5612,Audi,Model B,2024,36467,Petrol,Automatic,6,1,21236
5613,Mercedes,Model A,2025,1302,Petrol,Automatic,10,30,25356
5614,VW,Model B,2018,85746,Petrol,Manual,3,20,5483
5615,Hyundai,Model C,2021,45901,Petrol,Manual,6,20,10420
5616,Mercedes,Model C,2025,2947,Petrol,Manual,1,20,24759
5617,Fiat,Model A,2025,17993,Petrol,Automatic,1,10,22418
5618,Honda,Model C,2018,96687,Petrol,Automatic,7,1,8224
5619,Mercedes,Model B,2023,24421,Petrol,Manual,5,1,27497
5620,Ford,Model A,2016,133519,Petrol,Automatic,9,10,610
5621,Honda,Model C,2010,193094,Petrol,Manual,12,1,500
5622,BMW,Model A,2025,,Diesel,Automatic,11,30,28096
5623,Toyota,Model C,2025,0,Petrol,Manual,6,20,27589
5624,Hyundai,Model A,2025,0,Petrol,Automatic,5,10,22269
5625,Ford,Model C,2004,250000,Petrol,Automatic,8,1,500
5626,Toyota,Model C,2025,,Petrol,Manual,2,20,28423
5627,Fiat,Model C,2021,68387,Hybrid,Manual,12,30,5053
5628,Audi,Model B,2020,43581,Petrol,Manual,12,10,10549
5629,Audi,Model A,2023,17412,Petrol,Automatic,12,20,25614
5630,Toyota,Model C,2009,174335,Petrol,Manual,9,20,1772
5631,Fiat,Model C,2025,0,Petrol,Automatic,7,10,21036
5632,Honda,Model B,2023,14582,Hybrid,Automatic,9,30,23309
5633,VW,Model B,2016,,Petrol,Automatic,4,1,8387
5634,Dacia,Model B,2016,119570,Petrol,Manual,11,1,5724
5635,Hyundai,Model B,2016,93774,Petrol,Automatic,2,10,10068
5636,Mercedes,Model A,2005,227860,Petrol,Manual,11,30,500
5637,Hyundai,Model B,2023,0,Petrol,Automatic,11,10,15284
5638,VW,Model C,2025,3215,Petrol,Automatic,3,30,29854
5639,Audi,Model A,2001,250000,Petrol,Automatic,6,20,500
5640,Toyota,Model A,2004,250000,Petrol,Automatic,12,30,500
5641,VW,Model B,2023,30147,Petrol,Automatic,12,1,8189
5642,Audi,Model B,2025,0,Diesel,Automatic,11,1,29060
5643,Audi,Model B,2020,50383,Petrol,Automatic,12,20,11700
5644,VW,Model A,2020,37579,Petrol,Automatic,12,10,11722
5645,Fiat,Model A,2023,3481,Petrol,Automatic,12,20,19391
5646,BMW,Model B,2019,62667,Petrol,Automatic,6,1,12608
5647,Honda,Model A,2002,250000,Hybrid,Automatic,4,30,500
5648,Ford,Model B,2025,0,Petrol,Automatic,8,10,31216
5649,VW,Model B,2024,17656,Petrol,Manual,3,1,23739
5650,Dacia,Model A,2023,31713,Hybrid,Automatic,7,20,17095
5651,VW,Model C,2025,0,Petrol,Automatic,8,1,25616
5652,Ford,Model A,2024,41027,Diesel,Automatic,11,1,18131
5653,Dacia,Model C,2016,81799,Petrol,Automatic,5,30,4517
5654,BMW,Model A,2020,60872,Petrol,Automatic,8,10,11864
5655,BMW,Model C,2012,152721,Petrol,Automatic,12,10,500
5656,Ford,Model C,2012,147739,Diesel,Automatic,6,10,500
5657,Toyota,Model A,2024,1535,Petrol,Manual,8,20,16168
5658,BMW,Model B,2025,0,Petrol,Manual,10,10,26095
5659,Toyota,Model C,2025,0,Petrol,Manual,4,20,25315
5660,VW,Model C,2024,6121,Petrol,Automatic,2,10,23275
5661,Fiat,Model B,2016,88519,Petrol,Manual,9,10,4015
5662,BMW,Model A,2010,155728,Petrol,Automatic,5,20,500
5663,Honda,Model A,2025,0,Petrol,Manual,5,20,17316
5664,Toyota,Model B,2023,17968,Petrol,Automatic,12,1,16361
5665,VW,Model B,2023,,Petrol,Automatic,6,30,19945
5666,Honda,Model C,2025,0,Petrol,Automatic,12,10,24537
5667,Fiat,Model B,2025,0,Petrol,Manual,2,1,19688
5668,BMW,Model B,2025,0,Petrol,Manual,5,10,25661
5669,Honda,Model A,2005,227197,Petrol,Automatic,9,1,500
5670,Mercedes,Model C,2025,22859,Petrol,Manual,2,10,21788
5671,Honda,Model C,2025,0,Petrol,Manual,5,30,23045
5672,Fiat,Model A,2019,66435,Diesel,Automatic,11,20,8268
5673,Fiat,Model A,2024,1143,Petrol,Automatic,10,1,20517
5674,Toyota,Model C,2020,48891,Petrol,Manual,4,1,9846
5675,Hyundai,Model A,2025,369,Hybrid,Automatic,5,20,26218
5676,Toyota,Model A,2003,250000,Petrol,Manual,7,20,500
5677,BMW,Model B,2023,17108,Petrol,Automatic,10,20,27116
5678,Fiat,Model B,2015,115747,Diesel,Manual,2,1,751
5679,Mercedes,Model C,2025,0,Petrol,Manual,7,30,24370
5680,BMW,Model B,2015,126025,Hybrid,Automatic,1,1,1549
5681,Toyota,Model C,2017,126827,Petrol,Automatic,5,10,5749
5682,Toyota,Model A,2022,22877,Diesel,Automatic,3,1,15942
5683,BMW,Model C,2025,5909,Petrol,Automatic,4,30,21822
5684,Hyundai,Model B,2017,96674,Hybrid,Automatic,5,20,7130
5685,Toyota,Model B,2014,142029,Petrol,Manual,10,10,3341
5686,Honda,Model C,2025,10451,Petrol,Manual,4,10,24854
5687,Audi,Model C,2022,39081,Diesel,Manual,9,30,14337
5688,Honda,Model C,2025,,Petrol,Automatic,7,1,29878
5689,Hyundai,Model C,2014,125483,Diesel,Manual,11,1,1834
5690,Fiat,Model B,2024,,Petrol,Automatic,5,20,21440
5691,Dacia,Model C,2017,94547,Diesel,Automatic,12,10,5109
5692,Toyota,Model B,2015,100731,Petrol,Automatic,4,10,4991
5693,Dacia,Model C,2024,3092,Hybrid,Manual,8,30,14337
5694,Toyota,Model B,2023,40602,Petrol,Automatic,8,30,21887
5695,BMW,Model A,2025,1477,Petrol,Manual,7,20,27458
5696,Hyundai,Model C,2020,73389,Petrol,Manual,11,1,8213
5697,Mercedes,Model B,2021,70044,Diesel,Automatic,2,30,16515
5698,BMW,Model C,2021,45344,Diesel,Automatic,8,20,17796
5699,Fiat,Model C,2025,3109,Petrol,Automatic,7,30,23837
5700,Hyundai,Model B,2019,67472,Petrol,Manual,6,20,6921
5701,Mercedes,Model C,2019,59810,Petrol,Automatic,5,1,5737
5702,Hyundai,Model A,2020,45705,Petrol,Automatic,2,30,10352
5703,Hyundai,Model B,2023,36647,Petrol,Automatic,9,30,17104
5704,Fiat,Model B,2018,87129,Petrol,Manual,2,30,11642
5705,Honda,Model A,2025,27699,Petrol,Automatic,11,30,27647
5706,VW,Model A,2018,98580,Petrol,Automatic,6,10,6577
5707,Hyundai,Model B,2025,,Petrol,Manual,8,10,24650
5708,VW,Model A,2010,192605,Petrol,Automatic,1,1,3136
5709,Ford,Model A,2024,7423,Petrol,Manual,2,20,17794
5710,Honda,Model A,2025,18252,Petrol,Manual,3,20,20261
5711,Honda,Model C,2015,112704,Diesel,Automatic,10,30,3444
5712,Dacia,Model C,2025,0,Petrol,Manual,7,20,18427
5713,Toyota,Model A,2021,36063,Petrol,Manual,4,20,6007
5714,BMW,Model B,2025,0,Diesel,Manual,11,30,26691
5715,Hyundai,Model C,2024,0,Petrol,Automatic,3,30,29637
5716,Audi,Model C,2020,51410,Hybrid,Manual,4,1,11607
5717,Honda,Model B,2016,120850,Hybrid,Automatic,10,30,6132
5718,BMW,Model B,2020,86940,Petrol,Automatic,1,30,9935
5719,Ford,Model C,2009,172047,Hybrid,Automatic,3,30,500
5720,Dacia,Model A,2014,150952,Petrol,Automatic,7,1,1069
5721,VW,Model B,2010,172834,Petrol,Manual,12,30,4801
5722,Audi,Model B,2021,53218,Petrol,Manual,4,10,16969
5723,Dacia,Model A,2025,0,Petrol,Manual,3,10,20063
5724,Toyota,Model B,2014,139860,Petrol,Automatic,12,10,2919
5725,Honda,Model B,2013,113920,Hybrid,Manual,7,1,500
5726,Honda,Model C,2024,16709,Petrol,Automatic,1,30,26980
5727,Dacia,Model A,2016,111858,Diesel,Automatic,4,20,3434
5728,BMW,Model A,2009,194865,Diesel,Manual,7,1,3206
5729,VW,Model C,2015,108976,Petrol,Automatic,1,20,2780
5730,Toyota,Model B,2025,,Petrol,Automatic,9,20,22856
5731,BMW,Model B,2025,5866,Diesel,Manual,7,1,22561
5732,Dacia,Model A,2020,56850,Petrol,Manual,9,20,5730
5733,Ford,Model C,2024,22077,Diesel,Manual,5,20,25586
5734,Hyundai,Model C,2022,34565,Petrol,Automatic,6,20,16247
5735,Audi,Model B,2024,19931,Petrol,Automatic,12,20,17947
5736,Hyundai,Model B,2024,10111,Petrol,Automatic,3,1,23022
5737,Hyundai,Model C,2024,15250,Petrol,Manual,1,20,18480
5738,Honda,Model C,2018,92620,Petrol,Automatic,12,10,3397
5739,Ford,Model B,2003,250000,Diesel,Manual,1,20,500
5740,Dacia,Model C,2021,29492,Petrol,Automatic,12,1,13431
5741,Hyundai,Model B,2025,4141,Petrol,Manual,11,1,23262
5742,Honda,Model C,2023,41840,Petrol,Automatic,7,1,16523
5743,VW,Model A,2025,4487,Petrol,Automatic,9,20,21650
5744,Hyundai,Model A,2025,4772,Petrol,Manual,2,10,19302
5745,BMW,Model A,2015,119367,Petrol,Automatic,10,30,9880
5746,Ford,Model A,2024,23086,Petrol,Automatic,10,10,21254
5747,Dacia,Model A,2024,9210,Petrol,Manual,1,1,14739
5748,Dacia,Model A,2025,0,Hybrid,Manual,7,1,14177
5749,Hyundai,Model C,2025,16579,Hybrid,Automatic,12,30,22006
5750,Mercedes,Model A,2024,4041,Petrol,Manual,12,20,21715
5751,Dacia,Model A,2018,97342,Petrol,Manual,12,10,5729
5752,Ford,Model B,2025,16589,Petrol,Manual,9,1,26260
5753,Audi,Model B,2010,188502,Petrol,Manual,2,30,4405
5754,VW,Model B,2025,0,Petrol,Manual,6,20,22218
5755,Fiat,Model A,2025,407,Petrol,Manual,10,20,18655
5756,Mercedes,Model C,2021,44970,Petrol,Automatic,4,20,17085
5757,Fiat,Model C,2024,4560,Petrol,Manual,11,10,18233
5758,Fiat,Model B,2021,50141,Petrol,Automatic,11,30,16793
5759,BMW,Model A,2021,59538,Petrol,Manual,10,30,14949
5760,Fiat,Model B,2020,53121,Petrol,Automatic,5,10,9885
5761,Dacia,Model B,2025,0,Petrol,Automatic,10,30,23128
5762,BMW,Model B,2025,0,Petrol,Manual,1,20,31295
5763,Toyota,Model B,2025,17458,Petrol,Automatic,5,30,31561
5764,Toyota,Model B,2015,116143,Diesel,Automatic,10,30,541
5765,Toyota,Model C,2025,0,Petrol,Manual,10,20,27056
5766,Hyundai,Model A,2025,0,Petrol,Manual,4,30,23065
5767,Toyota,Model A,2018,89440,Hybrid,Automatic,12,10,10162
5768,Dacia,Model A,2006,216589,Petrol,Automatic,4,20,1835
5769,Dacia,Model B,2018,94030,Petrol,Automatic,9,1,5852
5770,Toyota,Model C,2025,0,Petrol,Automatic,11,1,30710
5771,Honda,Model C,2024,3916,Petrol,Automatic,7,1,28307
5772,Ford,Model C,2025,0,Petrol,Automatic,6,1,24631
5773,Ford,Model A,2018,90519,Petrol,Automatic,3,20,12530
5774,Toyota,Model A,2025,9732,Petrol,Manual,3,30,25620
5775,Mercedes,Model A,2002,250000,Hybrid,Manual,2,1,500
5776,BMW,Model B,2020,43710,Petrol,Automatic,6,1,15838
5777,Mercedes,Model A,2024,813,Hybrid,Automatic,7,30,29163
5778,Fiat,Model C,2014,135514,Petrol,Manual,11,10,1037
5779,Toyota,Model A,2025,0,Petrol,Manual,3,1,30140
5780,BMW,Model B,2017,92382,Petrol,Automatic,10,10,8069
5781,Ford,Model C,2024,34753,Diesel,Automatic,9,30,15687
5782,BMW,Model C,2021,45300,Petrol,Manual,8,20,16172
5783,BMW,Model C,2023,1671,Hybrid,Manual,5,10,22574
5784,Ford,Model C,2010,170888,Petrol,Manual,4,30,2025
5785,Ford,Model C,2001,250000,Diesel,Manual,10,10,500
5786,BMW,Model C,2025,32104,Petrol,Automatic,4,30,28400
5787,Honda,Model C,2018,108985,Petrol,Automatic,5,1,7974
5788,Honda,Model B,2025,10964,Hybrid,Manual,12,30,25398
5789,Honda,Model C,2025,0,Diesel,Automatic,12,10,26589
5790,VW,Model A,2017,114009,Hybrid,Automatic,1,30,9593
5791,Toyota,Model B,2018,66998,Petrol,Automatic,9,30,11307
5792,Honda,Model B,2024,28148,Hybrid,Manual,7,20,20742
5793,Hyundai,Model C,2025,13919,Petrol,Manual,6,20,24385
5794,Fiat,Model B,2025,0,Diesel,Automatic,4,10,21420
5795,Fiat,Model B,2022,53087,Diesel,Manual,7,20,9748
5796,Honda,Model C,2025,0,Diesel,Automatic,6,20,25924
5797,Honda,Model B,2013,125023,Petrol,Automatic,6,10,3547
5798,Honda,Model B,2025,14669,Diesel,Automatic,11,30,29851
5799,Fiat,Model A,2025,0,Petrol,Manual,4,20,19713
5800,Hyundai,Model A,2015,129026,Diesel,Automatic,8,1,2360
5801,Toyota,Model C,2019,99313,Petrol,Automatic,11,1,7474
5802,Mercedes,Model B,2010,169166,Petrol,Automatic,12,30,500
5803,Toyota,Model C,2019,69849,Petrol,Automatic,8,30,7468
5804,Toyota,Model B,2025,23544,Diesel,Manual,7,30,22662
5805,Dacia,Model B,2020,70030,Petrol,Automatic,11,20,8519
5806,Audi,Model B,2008,193503,Petrol,Automatic,3,1,2621
5807,Mercedes,Model B,2020,45674,Petrol,Automatic,8,20,6865
5808,Fiat,Model C,2025,0,Diesel,Automatic,1,10,21623
5809,BMW,Model B,2024,923,Petrol,Automatic,9,30,22982
5810,Audi,Model B,2021,51560,Diesel,Automatic,10,1,15159
5811,Honda,Model B,2015,121176,Petrol,Automatic,1,30,2499
5812,Ford,Model B,2025,4188,Petrol,Automatic,11,1,24232
5813,Toyota,Model A,2025,0,Hybrid,Automatic,2,10,28842
5814,Honda,Model C,2019,70937,Petrol,Automatic,3,30,7883
5815,Mercedes,Model B,2007,185164,Petrol,Manual,11,1,500
5816,Ford,Model B,2005,242175,Petrol,Automatic,2,20,500
5817,Toyota,Model B,2012,173631,Hybrid,Manual,9,20,3911
5818,Hyundai,Model C,2023,2628,Diesel,Manual,4,1,17743
5819,Toyota,Model C,2025,7251,Hybrid,Automatic,4,20,28467
5820,Honda,Model A,2022,26834,Petrol,Manual,9,30,12772
5821,Ford,Model A,2025,12037,Petrol,Manual,2,1,27729
5822,Mercedes,Model B,2021,50379,Petrol,Manual,8,30,11298
5823,Mercedes,Model B,2025,6070,Petrol,Manual,12,10,28138
5824,Hyundai,Model B,2025,972,Diesel,Automatic,11,1,27861
5825,Audi,Model B,2015,139924,Petrol,Automatic,11,10,1294
5826,VW,Model B,2020,65211,Petrol,Automatic,4,20,9453
5827,BMW,Model B,2024,1418,Petrol,Automatic,9,30,29738
5828,Hyundai,Model B,2007,217480,Petrol,Automatic,10,10,500
5829,Dacia,Model A,2020,54466,Petrol,Manual,12,30,8061
5830,Toyota,Model B,2022,38435,Hybrid,Automatic,4,10,18085
5831,Honda,Model A,2025,0,Hybrid,Automatic,10,1,26454
5832,Honda,Model C,2022,25847,Diesel,Automatic,3,30,20150
5833,Fiat,Model B,2025,2989,Petrol,Automatic,1,10,25702
5834,BMW,Model B,2021,48836,Petrol,Automatic,7,10,11869
5835,VW,Model C,2025,15959,Petrol,Manual,10,20,23950
5836,VW,Model C,2023,17775,Diesel,Manual,3,20,21109
5837,Toyota,Model C,2025,0,Hybrid,Automatic,1,30,28459
5838,Audi,Model C,2021,42541,Diesel,Automatic,5,10,20984
5839,Audi,Model C,2023,0,Petrol,Manual,3,30,21578
5840,Hyundai,Model A,2024,18235,Hybrid,Manual,5,1,16103
5841,BMW,Model C,2021,22891,Petrol,Manual,12,30,16750
5842,Ford,Model C,2014,117174,Diesel,Manual,10,1,500
5843,Toyota,Model B,2009,186564,Petrol,Automatic,5,10,1423
5844,Audi,Model A,2001,250000,Petrol,Manual,5,10,500
5845,Honda,Model A,2025,0,Petrol,Automatic,12,30,21201
5846,Fiat,Model C,2017,96186,Diesel,Manual,12,10,6152
5847,Ford,Model A,2017,104699,Petrol,Manual,8,1,1415
5848,Hyundai,Model B,2025,22260,Diesel,Manual,5,30,23583
5849,Ford,Model C,2020,71666,Petrol,Automatic,10,1,16676
5850,VW,Model B,2022,52408,Diesel,Manual,9,20,14124
5851,Honda,Model C,2015,132964,Hybrid,Manual,8,30,2786
5852,Fiat,Model C,2025,0,Petrol,Automatic,10,1,25718
5853,Honda,Model A,2025,5395,Hybrid,Manual,2,1,23949
5854,Ford,Model B,2025,12729,Petrol,Manual,12,30,23750
5855,Honda,Model A,2021,33652,Diesel,Manual,12,30,12566
5856,Toyota,Model A,2025,0,Petrol,Automatic,5,30,23278
5857,Audi,Model C,2014,119952,Petrol,Manual,12,30,7813
5858,BMW,Model B,2000,250000,Petrol,Automatic,10,20,500
5859,VW,Model B,2001,250000,Petrol,Manual,12,1,2445
5860,Toyota,Model B,2023,19187,Petrol,Manual,12,20,20007
5861,Toyota,Model A,2021,28774,Petrol,Manual,3,20,20809
5862,Fiat,Model B,2022,34989,Hybrid,Manual,4,30,11381
5863,Ford,Model B,2000,250000,Petrol,Automatic,4,1,500
5864,BMW,Model C,2021,51650,Petrol,Manual,2,1,14112
5865,Hyundai,Model B,2025,0,Diesel,Manual,5,20,22388
5866,Audi,Model B,2021,50668,Diesel,Automatic,5,1,10894
5867,Ford,Model C,2025,0,Diesel,Automatic,5,10,22945
5868,Honda,Model C,2017,77260,Petrol,Automatic,5,20,2598
5869,Audi,Model B,2025,0,Petrol,Automatic,1,30,29490
5870,Mercedes,Model C,2023,6344,Petrol,Automatic,3,20,23346
5871,Audi,Model B,2017,92904,Petrol,Automatic,4,30,8720
5872,BMW,Model A,2017,97814,Petrol,Manual,12,1,2392
5873,Audi,Model A,2024,16047,Diesel,Automatic,12,20,26537
5874,Dacia,Model C,2025,4613,Petrol,Manual,4,1,17615
5875,Toyota,Model C,2021,36622,Diesel,Manual,9,10,10934
5876,Fiat,Model C,2018,99876,Petrol,Manual,11,30,7180
5877,Honda,Model C,2025,0,Petrol,Automatic,7,1,25298
5878,VW,Model B,2024,18752,Diesel,Automatic,10,1,21297
5879,Mercedes,Model B,2021,45537,Diesel,Automatic,12,1,10875
5880,Audi,Model B,2022,41634,Petrol,Manual,3,20,19073
5881,Honda,Model C,2016,104785,Diesel,Automatic,1,20,10998
5882,Fiat,Model A,2024,17904,Petrol,Automatic,9,30,18902
5883,BMW,Model B,2020,59889,Petrol,Automatic,7,20,10313
5884,Honda,Model A,2025,12207,Petrol,Automatic,4,10,24322
5885,BMW,Model B,2022,23719,Petrol,Manual,12,10,19615
5886,Honda,Model B,2022,9451,Diesel,Automatic,11,10,20450
5887,Ford,Model C,2023,9399,Petrol,Manual,4,30,10527
5888,VW,Model C,2025,16033,Petrol,Automatic,10,1,24217
5889,Mercedes,Model A,2025,0,Petrol,Manual,11,10,30735
5890,Mercedes,Model A,2021,49380,Petrol,Automatic,5,1,13873
5891,Honda,Model C,2025,0,Petrol,Manual,2,30,21406
5892,Dacia,Model C,2023,24983,Petrol,Automatic,11,30,14939
5893,Toyota,Model A,2022,20657,Petrol,Manual,2,20,20800
5894,Toyota,Model C,2016,94863,Diesel,Automatic,6,1,4682
5895,Honda,Model B,2022,29962,Petrol,Automatic,3,20,14720
5896,BMW,Model B,2018,90676,Petrol,Automatic,12,1,8232
5897,Hyundai,Model C,2025,8277,Petrol,Automatic,2,30,23152
5898,Audi,Model C,2020,68685,Diesel,Automatic,2,1,12972
5899,VW,Model A,2025,0,Petrol,Manual,9,30,25596
5900,Honda,Model C,2022,35900,Petrol,Automatic,3,20,10210
5901,Ford,Model C,2024,9048,Petrol,Automatic,2,30,21952
5902,BMW,Model B,2023,1017,Petrol,Automatic,3,10,17359
5903,Fiat,Model C,2012,156239,Diesel,Automatic,8,30,4383
5904,Audi,Model C,2020,56243,Petrol,Automatic,3,30,10077
5905,VW,Model B,2009,199672,Petrol,Automatic,5,1,500
5906,Hyundai,Model C,2024,13218,Petrol,Automatic,11,1,19861
5907,Honda,Model A,2021,39760,Petrol,Automatic,3,10,11867
5908,Toyota,Model C,2025,13886,Petrol,Automatic,11,20,26472
5909,Dacia,Model A,2017,62681,Petrol,Automatic,10,1,7364
5910,Audi,Model B,2015,119036,Petrol,Manual,11,30,1879
5911,Dacia,Model B,2021,21551,Diesel,Manual,5,30,15427
5912,Mercedes,Model B,2025,0,Petrol,Manual,6,10,27151
5913,Toyota,Model C,2025,7872,Diesel,Automatic,9,30,30054
5914,Mercedes,Model B,2021,28887,Diesel,Manual,1,10,17073
5915,BMW,Model C,2022,14644,Hybrid,Manual,9,30,17617
5916,Audi,Model A,2008,239729,Hybrid,Automatic,2,30,500
5917,BMW,Model C,2025,0,Hybrid,Automatic,4,1,29052
5918,Dacia,Model C,2024,36757,Diesel,Automatic,11,20,16376
5919,Hyundai,Model C,2019,69416,Petrol,Automatic,8,10,11620
5920,BMW,Model B,2023,16127,Petrol,Manual,8,10,20784
5921,Audi,Model C,2010,188501,Petrol,Manual,3,20,877
5922,VW,Model C,2025,20048,Petrol,Automatic,9,10,32838
5923,Toyota,Model B,2015,102808,Petrol,Automatic,2,10,3565
5924,Hyundai,Model A,2024,4346,Hybrid,Automatic,12,10,20174
5925,Honda,Model A,2018,96703,Hybrid,Automatic,4,1,10110
5926,VW,Model C,2025,4319,Petrol,Automatic,11,30,31638
5927,Ford,Model A,2025,16528,Petrol,Automatic,12,30,27331
5928,Ford,Model A,2024,19726,Petrol,Automatic,3,30,20455
5929,Audi,Model C,2023,51123,Petrol,Manual,1,30,20669
5930,Toyota,Model A,2025,2678,Petrol,Manual,11,30,20535
5931,BMW,Model A,2007,219327,Hybrid,Manual,10,20,500
5932,Ford,Model B,2020,64825,Diesel,Manual,2,1,8477
5933,Honda,Model B,2018,81862,Petrol,Automatic,11,30,7701
5934,Hyundai,Model C,2025,12721,Petrol,Manual,11,1,22184
5935,Audi,Model B,2021,51555,Diesel,Automatic,6,30,11914
5936,Honda,Model C,2025,11822,Petrol,Automatic,12,20,27159
5937,Mercedes,Model A,2024,26167,Petrol,Automatic,8,10,28991
5938,Ford,Model A,2017,102426,Hybrid,Automatic,6,20,4969
5939,Hyundai,Model B,2017,103525,Petrol,Automatic,1,30,2316
5940,Hyundai,Model B,2019,56845,Petrol,Automatic,12,30,7937
5941,Dacia,Model A,2021,39744,Hybrid,Automatic,2,20,13358
5942,Dacia,Model A,2017,108650,Petrol,Automatic,4,1,1430
5943,Hyundai,Model A,2001,250000,Petrol,Manual,10,30,500
5944,Toyota,Model A,2025,0,Petrol,Automatic,1,10,28185
5945,Audi,Model A,2025,0,Petrol,Automatic,7,1,36712
5946,Honda,Model C,2020,60354,Petrol,Manual,2,30,7554
5947,Dacia,Model A,2020,46810,Petrol,Automatic,1,30,8642
5948,Toyota,Model B,2000,250000,Petrol,Manual,9,1,2169
5949,Mercedes,Model A,2024,19123,Hybrid,Manual,8,1,26346
5950,Dacia,Model B,2025,23720,Petrol,Manual,10,1,20743
5951,Toyota,Model C,2014,101522,Petrol,Automatic,8,1,1238
5952,VW,Model B,2015,117442,Petrol,Automatic,6,10,2513
5953,Hyundai,Model C,2025,6949,Diesel,Manual,6,1,25402
5954,Hyundai,Model C,2023,35703,Hybrid,Automatic,3,20,14517
5955,Hyundai,Model C,2004,250000,Diesel,Automatic,2,10,500
5956,Hyundai,Model A,2024,38421,Diesel,Automatic,11,10,24695
5957,VW,Model A,2020,60433,Petrol,Manual,9,1,5152
5958,Toyota,Model A,2020,79679,Petrol,Automatic,2,20,7910
5959,VW,Model A,2025,0,Diesel,Manual,4,20,25208
5960,Hyundai,Model C,2025,869,Petrol,Automatic,11,1,22594
5961,Toyota,Model A,2021,29809,Petrol,Manual,12,10,17709
5962,Toyota,Model C,2025,13512,Petrol,Automatic,10,10,32558
5963,Toyota,Model B,2021,46193,Petrol,Automatic,8,1,14941
5964,Ford,Model A,2025,5367,Petrol,Automatic,11,20,25933
5965,BMW,Model B,2022,31299,Hybrid,Automatic,8,30,18719
5966,Hyundai,Model C,2025,8796,Petrol,Automatic,9,1,26661
5967,Mercedes,Model A,2025,5961,Petrol,Automatic,11,1,34279
5968,Mercedes,Model A,2008,189080,Petrol,Manual,5,30,500
5969,Mercedes,Model B,2025,0,Hybrid,Manual,10,10,30984
5970,Ford,Model C,2025,0,Petrol,Manual,3,1,22102
5971,Toyota,Model C,2025,9893,Petrol,Manual,3,1,22519
5972,Toyota,Model C,2016,135943,Petrol,Automatic,11,20,3832
5973,Dacia,Model B,2025,4544,Diesel,Automatic,8,30,22392
5974,Hyundai,Model B,2025,15112,Petrol,Manual,6,20,24029
5975,Fiat,Model C,2019,47807,Petrol,Manual,7,1,6742
5976,Ford,Model A,2025,30194,Petrol,Manual,12,10,21030
5977,Fiat,Model A,2004,250000,Diesel,Manual,12,10,500
5978,Hyundai,Model C,2014,131255,Petrol,Manual,7,1,2993
5979,Dacia,Model B,2022,33529,Petrol,Manual,7,1,10827
5980,BMW,Model C,2023,,Diesel,Manual,8,30,18074
5981,BMW,Model B,2024,0,Diesel,Automatic,10,30,22028
5982,Mercedes,Model C,2001,250000,Petrol,Automatic,11,30,500
5983,Fiat,Model C,2025,0,Petrol,Manual,2,1,20584
5984,Ford,Model C,2004,236875,Petrol,Manual,8,20,4657
5985,Toyota,Model A,2014,121466,Petrol,Automatic,3,20,3148
5986,Honda,Model A,2001,250000,Petrol,Automatic,8,10,500
5987,Hyundai,Model B,2023,24229,Petrol,Manual,3,30,19541
5988,Fiat,Model B,2025,16333,Hybrid,Automatic,11,10,20732
5989,VW,Model B,2024,2842,Petrol,Automatic,9,30,19811
5990,Hyundai,Model A,2025,0,Petrol,Automatic,11,20,24537
5991,Toyota,Model A,2001,250000,Petrol,Manual,12,30,1941
5992,Honda,Model A,2023,23163,Hybrid,Automatic,12,1,20367
5993,Fiat,Model B,2021,63040,Diesel,Automatic,2,1,12152
5994,Hyundai,Model A,2022,29182,Diesel,Manual,5,1,12487
5995,VW,Model B,2007,212097,Petrol,Automatic,7,10,500
5996,BMW,Model A,2024,9757,Petrol,Automatic,10,20,27647
5997,BMW,Model C,2022,37335,Petrol,Manual,1,10,20780
5998,Mercedes,Model C,2025,0,Hybrid,Manual,12,20,23291
5999,Ford,Model C,2022,27680,Petrol,Automatic,6,10,19191
6000,Honda,Model C,2014,104244,Petrol,Manual,8,1,500
6001,Dacia,Model B,2024,3519,Petrol,Manual,12,20,15518
6002,VW,Model B,2015,130728,Petrol,Manual,12,30,1115
6003,Toyota,Model A,2025,12753,Diesel,Automatic,5,30,28646
6004,Mercedes,Model A,2023,16933,Petrol,Automatic,7,20,21441
6005,Hyundai,Model B,2015,139492,Petrol,Manual,10,10,2031
6006,Honda,Model C,2025,0,Petrol,Automatic,10,1,21924
6007,VW,Model C,2022,15932,Diesel,Automatic,9,1,16792
6008,Ford,Model B,2007,191214,Diesel,Automatic,1,10,2535
6009,Mercedes,Model B,2024,30273,Petrol,Automatic,3,1,23842
6010,BMW,Model C,2018,78404,Petrol,Automatic,3,10,12587
6011,Toyota,Model C,2025,0,Petrol,Automatic,4,1,23487
6012,Toyota,Model B,2025,0,Petrol,Manual,2,1,26804
6013,VW,Model C,2025,0,Petrol,Automatic,11,1,30945
6014,Ford,Model B,2022,42071,Petrol,Automatic,5,10,11294
6015,Dacia,Model C,2021,37534,Petrol,Manual,10,1,8897
6016,Fiat,Model B,2025,0,Petrol,Automatic,12,10,18878
6017,Honda,Model A,2013,,Petrol,Manual,4,10,500
6018,Honda,Model A,2023,42647,Hybrid,Automatic,6,20,15716
6019,VW,Model C,2023,3105,Diesel,Automatic,2,30,23404
6020,Mercedes,Model A,2008,194374,Diesel,Automatic,4,1,5796
6021,Dacia,Model C,2021,66161,Petrol,Manual,7,1,11217
6022,Honda,Model C,2025,7412,Petrol,Automatic,3,30,25539
6023,Fiat,Model B,2025,2686,Petrol,Manual,7,1,17493
6024,Dacia,Model C,2009,182273,Hybrid,Automatic,4,30,4269
6025,Ford,Model A,2009,192457,Petrol,Automatic,12,30,4945
6026,Mercedes,Model A,2018,75932,Petrol,Automatic,5,30,10053
6027,Ford,Model B,2025,0,Petrol,Manual,1,20,18937
6028,Ford,Model B,2012,139799,Petrol,Automatic,6,10,500
6029,Hyundai,Model B,2025,11761,Petrol,Automatic,5,1,25737
6030,BMW,Model A,2010,179093,Petrol,Manual,5,30,500
6031,Honda,Model C,2024,16717,Petrol,Automatic,5,30,26552
6032,Fiat,Model A,2020,62275,Petrol,Automatic,12,30,6768
6033,Dacia,Model A,2025,6613,Petrol,Automatic,7,1,18603
6034,Mercedes,Model B,2017,92179,Diesel,Manual,4,1,5136
6035,Fiat,Model C,2024,4775,Petrol,Automatic,10,1,18123
6036,Mercedes,Model B,2017,83770,Petrol,Manual,6,20,4568
6037,Hyundai,Model A,2025,0,Petrol,Automatic,2,1,24502
6038,Audi,Model A,2025,0,Petrol,Automatic,12,10,29406
6039,Dacia,Model C,2012,150518,Petrol,Manual,1,1,2827
6040,VW,Model C,2025,0,Petrol,Automatic,9,1,29553
6041,Toyota,Model C,2023,3265,Petrol,Automatic,11,30,23447
6042,Toyota,Model A,2012,171632,Petrol,Automatic,5,10,500
6043,Audi,Model A,2021,51362,Petrol,Automatic,2,30,9516
6044,VW,Model B,2015,113222,Hybrid,Manual,6,1,657
6045,Fiat,Model C,2025,34073,Petrol,Manual,7,20,17856
6046,Hyundai,Model A,2025,0,Petrol,Automatic,12,1,25797
6047,Hyundai,Model C,2010,194634,Petrol,Manual,1,30,7853
6048,Hyundai,Model C,2022,34328,Petrol,Automatic,9,30,15248
6049,Dacia,Model B,2025,11775,Petrol,Automatic,11,1,26798
6050,Hyundai,Model B,2025,1634,Petrol,Automatic,8,20,23399
6051,Audi,Model C,2022,7916,Diesel,Manual,8,20,16649
6052,Hyundai,Model B,2025,1431,Petrol,Automatic,11,1,26520
6053,Toyota,Model A,2022,41033,Diesel,Automatic,8,1,18740
6054,Dacia,Model C,2021,15120,Petrol,Manual,12,10,11553
6055,Toyota,Model A,2025,29160,Petrol,Manual,3,1,25531
6056,Toyota,Model A,2022,40668,Diesel,Manual,7,30,16616
6057,Audi,Model A,2022,46079,Diesel,Automatic,1,1,15659
6058,VW,Model A,2022,18517,Petrol,Manual,11,20,18212
6059,Mercedes,Model B,2025,10359,Petrol,Automatic,10,30,34563
6060,Dacia,Model C,2025,16342,Petrol,Manual,7,1,20822
6061,Toyota,Model C,2021,51803,Petrol,Automatic,5,20,15499
6062,Toyota,Model C,2020,59859,Hybrid,Automatic,5,30,11312
6063,BMW,Model B,2022,22596,Petrol,Automatic,3,30,26440
6064,Audi,Model B,2023,20756,Hybrid,Automatic,6,20,24724
6065,Toyota,Model A,2017,26495,Petrol,Automatic,4,30,7757
6066,Toyota,Model A,2025,8579,Petrol,Manual,8,1,26444
6067,Audi,Model C,2022,23251,Petrol,Manual,10,30,22660
6068,BMW,Model B,2020,68469,Diesel,Manual,9,30,13526
6069,Toyota,Model A,2010,167415,Petrol,Automatic,7,20,500
6070,Hyundai,Model B,2017,92064,Petrol,Automatic,12,30,3870
6071,Honda,Model B,2025,2772,Petrol,Manual,3,20,20337
6072,Toyota,Model A,2020,49443,Petrol,Automatic,8,20,13791
6073,Toyota,Model A,2015,129758,Petrol,Automatic,2,1,2919
6074,Ford,Model C,2022,44294,Diesel,Automatic,9,1,11313
6075,Toyota,Model A,2020,55935,Petrol,Manual,10,10,13024
6076,Ford,Model C,2003,250000,Petrol,Automatic,10,30,500
6077,Dacia,Model A,2020,61166,Petrol,Automatic,9,20,10266
6078,BMW,Model A,2023,40534,Petrol,Manual,2,30,19550
6079,Mercedes,Model C,2023,50901,Petrol,Automatic,1,1,20923
6080,Mercedes,Model A,2020,56380,Hybrid,Manual,9,20,12184
6081,Honda,Model A,2021,57674,Hybrid,Automatic,10,30,16106
6082,BMW,Model C,2025,0,Petrol,Automatic,1,20,30125
6083,Honda,Model A,2020,44507,Diesel,Automatic,2,10,11583
6084,Fiat,Model C,2018,81068,Diesel,Automatic,10,20,8754
6085,BMW,Model A,2018,63560,Petrol,Manual,12,30,6158
6086,Toyota,Model C,2021,33935,Petrol,Manual,7,10,12643
6087,Hyundai,Model C,2025,8871,Diesel,Manual,2,10,22083
6088,Mercedes,Model B,2016,100295,Petrol,Manual,5,20,7011
6089,BMW,Model C,2025,10657,Petrol,Automatic,10,30,29037
6090,Ford,Model B,2002,250000,Petrol,Automatic,7,10,500
6091,BMW,Model B,2021,75767,Petrol,Manual,1,10,10027
6092,Hyundai,Model A,2025,7865,Petrol,Automatic,4,30,23443
6093,BMW,Model B,2020,76713,Diesel,Automatic,10,20,12760
6094,Honda,Model C,2023,30028,Petrol,Manual,5,20,12086
6095,VW,Model C,2016,112670,Diesel,Manual,6,30,2454
6096,Audi,Model A,2025,17470,Petrol,Automatic,12,20,32039
6097,Mercedes,Model A,2005,250000,Petrol,Manual,12,1,500
6098,Mercedes,Model B,2025,3150,Petrol,Manual,10,1,28200
6099,Fiat,Model C,2016,111084,Diesel,Automatic,4,20,6983
6100,VW,Model A,2025,8073,Diesel,Manual,4,30,23996
6101,Mercedes,Model B,2020,49929,Diesel,Automatic,4,1,10626
6102,VW,Model A,2025,0,Petrol,Manual,3,10,23701
6103,VW,Model B,2020,81381,Petrol,Automatic,3,20,13631
6104,Dacia,Model A,2025,27966,Petrol,Manual,4,30,19959
6105,Toyota,Model A,2012,142066,Petrol,Manual,9,30,7616
6106,Fiat,Model C,2015,109965,Petrol,Manual,8,10,4579
6107,Honda,Model A,2022,53137,Petrol,Manual,5,30,14149
6108,Fiat,Model B,2008,212002,Petrol,Automatic,3,30,500
6109,BMW,Model A,2016,118146,Petrol,Manual,8,20,3489
6110,Mercedes,Model B,2025,13449,Petrol,Manual,2,20,32136
6111,Hyundai,Model C,2025,0,Petrol,Automatic,2,20,22097
6112,Hyundai,Model A,2020,64949,Petrol,Automatic,5,20,14013
6113,Toyota,Model A,2025,3782,Petrol,Automatic,8,20,25592
6114,Ford,Model A,2023,11122,Petrol,Manual,10,1,15311
6115,Toyota,Model B,2018,88726,Petrol,Manual,9,30,6156
6116,BMW,Model B,2025,18565,Petrol,Manual,5,10,29997
6117,BMW,Model B,2024,6988,Petrol,Automatic,9,20,28689
6118,BMW,Model C,2025,2288,Petrol,Automatic,3,30,29971
6119,Ford,Model C,2018,87100,Hybrid,Manual,7,20,6376
6120,Audi,Model C,2024,2319,Petrol,Manual,8,30,25127
6121,Mercedes,Model C,2005,250000,Petrol,Automatic,10,1,500
6122,Dacia,Model A,2011,157799,Petrol,Manual,1,1,500
6123,Mercedes,Model A,2000,250000,Petrol,Automatic,2,30,500
6124,VW,Model B,2025,9393,Petrol,Automatic,1,1,29115
6125,Fiat,Model B,2025,0,Petrol,Manual,7,1,14934
6126,Mercedes,Model C,2025,25470,Petrol,Manual,8,10,31601
6127,Audi,Model C,2022,38521,Diesel,Automatic,1,1,15912
6128,Ford,Model C,2020,49155,Diesel,Manual,9,30,10399
6129,Honda,Model A,2015,136568,Petrol,Automatic,10,20,4591
6130,Honda,Model C,2019,79420,Petrol,Manual,2,20,10891
6131,Ford,Model B,2020,33420,Petrol,Automatic,5,20,15402
6132,Dacia,Model C,2025,0,Petrol,Manual,11,30,21669
6133,BMW,Model C,2022,40186,Diesel,Manual,9,10,20285
6134,Hyundai,Model B,2007,183606,Hybrid,Automatic,4,1,500
6135,Audi,Model C,2001,250000,Petrol,Manual,10,10,500
6136,Toyota,Model C,2010,182369,Diesel,Automatic,12,20,511
6137,BMW,Model B,2021,30247,Petrol,Automatic,4,1,20164
6138,Honda,Model B,2025,4059,Petrol,Manual,9,10,22294
6139,Hyundai,Model C,2024,12111,Petrol,Manual,2,10,21534
6140,BMW,Model B,2025,0,Petrol,Automatic,1,1,31220
6141,Audi,Model A,2022,49793,Petrol,Manual,8,1,12273
6142,Toyota,Model B,2020,72567,Petrol,Manual,7,30,11355
6143,Mercedes,Model C,2010,175653,Hybrid,Automatic,11,10,1566
6144,Hyundai,Model B,2025,0,Petrol,Manual,10,10,24093
6145,Hyundai,Model A,2025,10893,Petrol,Automatic,4,20,24873
6146,Hyundai,Model B,2015,116990,Hybrid,Automatic,7,30,2273
6147,Ford,Model C,2022,7036,Petrol,Manual,10,30,15632
6148,Honda,Model A,2022,43304,Petrol,Manual,4,20,12378
6149,Audi,Model A,2024,0,Petrol,Manual,5,10,22980
6150,VW,Model A,2025,0,Petrol,Manual,1,30,21533
6151,Honda,Model C,2023,45868,Hybrid,Manual,2,10,15945
6152,Dacia,Model B,2023,21990,Petrol,Automatic,8,20,16535
6153,Dacia,Model A,2005,240026,Petrol,Manual,7,20,500
6154,Fiat,Model B,2006,235645,Petrol,Automatic,3,10,500
6155,Toyota,Model B,2016,115580,Petrol,Automatic,1,20,1592
6156,Toyota,Model B,2003,250000,Petrol,Manual,3,30,1812
6157,Fiat,Model C,2025,0,Petrol,Manual,10,10,22766
6158,VW,Model C,2025,542,Petrol,Automatic,2,1,27553
6159,VW,Model C,2013,148080,Petrol,Manual,6,10,5852
6160,Audi,Model B,2025,4338,Petrol,Automatic,3,30,28633
6161,Hyundai,Model B,2015,,Petrol,Automatic,7,1,5042
6162,Ford,Model C,2020,42362,Petrol,Manual,7,1,10926
6163,Honda,Model C,2018,98701,Hybrid,Manual,12,30,4604
6164,Fiat,Model C,2020,77750,Petrol,Manual,10,20,7499
6165,Toyota,Model B,2018,91391,Petrol,Automatic,12,20,6927
6166,VW,Model A,2022,26245,Petrol,Automatic,8,1,19457
6167,Honda,Model B,2021,72970,Petrol,Manual,10,1,13502
6168,Ford,Model C,2025,0,Diesel,Automatic,12,20,24083
6169,BMW,Model A,2005,229750,Petrol,Automatic,1,20,500
6170,Honda,Model B,2014,149575,Petrol,Manual,12,30,500
6171,Ford,Model B,2005,234448,Petrol,Manual,3,10,583
6172,Honda,Model C,2024,35946,Petrol,Manual,9,30,20271
6173,Hyundai,Model A,2005,65196,Petrol,Automatic,10,1,500
6174,Toyota,Model B,2025,0,Diesel,Automatic,2,20,29632
6175,Fiat,Model B,2022,28025,Petrol,Automatic,12,10,16984
6176,Toyota,Model A,2022,42260,Petrol,Manual,12,1,13312
6177,VW,Model B,2023,6200,Diesel,Manual,9,1,17598
6178,BMW,Model C,2015,112644,Diesel,Manual,2,1,2971
6179,Audi,Model C,2016,129305,Petrol,Automatic,8,1,1676
6180,Hyundai,Model A,2020,82701,Petrol,Manual,5,1,12713
6181,BMW,Model B,2023,17784,Diesel,Manual,12,1,16568
6182,Dacia,Model A,2017,70353,Diesel,Manual,6,10,7125
6183,Mercedes,Model C,2011,135637,Petrol,Manual,9,1,500
6184,Fiat,Model B,2025,3589,Petrol,Manual,8,20,17913
6185,Honda,Model A,2002,250000,Hybrid,Automatic,4,20,500
6186,Ford,Model A,2025,944,Petrol,Manual,7,1,19316
6187,BMW,Model C,2025,0,Diesel,Automatic,6,20,33172
6188,Toyota,Model A,2019,59931,Petrol,Manual,5,30,8070
6189,Mercedes,Model C,2013,153824,Diesel,Manual,11,10,1325
6190,Honda,Model B,2014,157172,Petrol,Manual,2,1,500
6191,Ford,Model C,2024,0,Petrol,Automatic,6,1,23226
6192,VW,Model B,2024,10837,Petrol,Automatic,1,10,23755
6193,Fiat,Model C,2025,0,Petrol,Automatic,4,20,19771
6194,Honda,Model B,2025,0,Diesel,Manual,8,10,23161
6195,Audi,Model B,2024,0,Diesel,Automatic,2,20,26410
6196,Toyota,Model A,2015,125695,Petrol,Automatic,4,1,2734
6197,Hyundai,Model B,2018,90074,Petrol,Manual,12,30,8990
6198,Mercedes,Model C,2025,6571,Petrol,Automatic,9,20,33315
6199,Ford,Model C,2016,108131,Petrol,Manual,1,20,6497
6200,BMW,Model A,2007,189626,Petrol,Automatic,12,20,500
6201,Audi,Model A,2025,0,Petrol,Automatic,12,10,22587
6202,Ford,Model A,2021,27204,Petrol,Manual,2,30,15252
6203,Honda,Model A,2025,0,Hybrid,Manual,12,30,22141
6204,Honda,Model B,2024,20708,Petrol,Automatic,7,30,22014
6205,VW,Model A,2009,194912,Petrol,Automatic,12,10,500
6206,Audi,Model A,2025,8813,Diesel,Manual,12,30,33147
6207,Toyota,Model B,2018,,Petrol,Automatic,9,1,11762
6208,VW,Model C,2020,71857,Petrol,Automatic,4,30,9778
6209,Honda,Model C,2021,41798,Petrol,Manual,12,1,15388
6210,BMW,Model C,2005,250000,Petrol,Manual,8,20,500
6211,VW,Model A,2022,41169,Petrol,Manual,5,20,13900
6212,Ford,Model B,2012,152895,Petrol,Automatic,6,1,500
6213,BMW,Model C,2021,51181,Petrol,Automatic,6,10,14273
6214,VW,Model B,2020,59732,Petrol,Manual,12,10,7027
6215,Honda,Model A,2025,23941,Diesel,Automatic,11,20,21783
6216,Audi,Model C,2025,1104,Petrol,Automatic,1,1,35180
6217,Ford,Model A,2015,119975,Petrol,Manual,1,1,3971
6218,Ford,Model A,2020,56422,Petrol,Manual,1,1,9813
6219,Fiat,Model A,2020,72647,Petrol,Automatic,8,30,7795
6220,VW,Model A,2015,130618,Diesel,Automatic,11,20,2497
6221,Toyota,Model C,2025,0,Petrol,Automatic,7,30,19668
6222,Mercedes,Model B,2025,0,Diesel,Manual,7,30,28149
6223,Fiat,Model C,2016,94470,Petrol,Manual,4,1,7504
6224,Hyundai,Model C,2020,57237,Petrol,Automatic,6,1,5314
6225,Mercedes,Model C,2010,200233,Petrol,Automatic,4,20,8127
6226,BMW,Model B,2024,2474,Petrol,Manual,4,1,25611
6227,VW,Model A,2012,147088,Hybrid,Manual,5,1,1488
6228,VW,Model A,2025,0,Hybrid,Manual,1,1,21783
6229,Mercedes,Model A,2025,22703,Petrol,Manual,12,20,30307
6230,VW,Model C,2021,56535,Petrol,Manual,12,1,6213
6231,Audi,Model C,2023,35940,Petrol,Automatic,10,1,25630
6232,Audi,Model C,2025,14425,Hybrid,Automatic,8,30,33820
6233,Toyota,Model B,2023,21529,Diesel,Automatic,11,20,22767
6234,Honda,Model C,2015,121268,Petrol,Manual,12,1,500
6235,Hyundai,Model C,2020,82329,Diesel,Automatic,4,10,11046
6236,Honda,Model B,2025,2693,Petrol,Automatic,5,10,25865
6237,Toyota,Model C,2024,20812,Petrol,Automatic,10,20,26562
6238,Fiat,Model C,2024,25058,Diesel,Automatic,9,30,14958
6239,BMW,Model A,2025,9643,Petrol,Automatic,11,1,24674
6240,Hyundai,Model A,2025,0,Petrol,Automatic,5,20,25167
6241,Hyundai,Model B,2025,0,Petrol,Manual,4,30,24644
6242,Audi,Model B,2009,,Petrol,Automatic,8,30,500
6243,Mercedes,Model A,2023,35640,Petrol,Automatic,2,10,24257
6244,Fiat,Model B,2025,17523,Petrol,Automatic,1,30,21572
6245,Ford,Model A,2025,8266,Petrol,Manual,4,1,20061
6246,BMW,Model B,2023,32949,Petrol,Automatic,2,20,18044
6247,Fiat,Model A,2015,113306,Petrol,Automatic,1,30,808
6248,Toyota,Model C,2025,,Hybrid,Manual,10,30,28755
6249,Toyota,Model B,2025,11709,Petrol,Manual,7,30,28086
6250,Ford,Model C,2008,58616,Petrol,Manual,9,10,3164
6251,VW,Model C,2022,35689,Hybrid,Automatic,3,20,18134
6252,Toyota,Model A,2015,140685,Petrol,Automatic,4,1,4899
6253,Mercedes,Model B,2020,78308,Diesel,Manual,1,20,14597
6254,Ford,Model B,2001,,Petrol,Manual,12,1,500
6255,Ford,Model C,2021,43557,Diesel,Manual,2,20,10956
6256,Fiat,Model B,2023,22149,Petrol,Manual,2,20,12546
6257,Honda,Model C,2023,37014,Hybrid,Manual,8,20,20332
6258,Ford,Model A,2024,11452,Petrol,Manual,5,10,24390
6259,BMW,Model C,2025,0,Petrol,Automatic,12,10,29558
6260,Fiat,Model A,2017,114236,Petrol,Manual,11,1,3194
6261,Toyota,Model C,2012,158724,Diesel,Manual,11,10,3601
6262,Ford,Model A,2025,0,Petrol,Automatic,10,30,23180
6263,Fiat,Model C,2015,127184,Petrol,Automatic,2,1,2634
6264,Hyundai,Model B,2025,14568,Petrol,Automatic,1,30,30210
6265,Ford,Model B,2025,0,Petrol,Manual,1,30,21251
6266,VW,Model C,2022,32993,Petrol,Manual,11,30,15152
6267,Fiat,Model A,2025,0,Petrol,Manual,9,10,22191
6268,Hyundai,Model B,2009,198784,Diesel,Manual,12,20,2053
6269,Ford,Model A,2020,69480,Petrol,Automatic,9,10,8420
6270,VW,Model C,2024,3727,Petrol,Manual,4,20,25408
6271,Mercedes,Model A,2020,37608,Petrol,Automatic,2,20,7133
6272,Honda,Model B,2025,15476,Petrol,Manual,5,1,27370
6273,Toyota,Model A,2006,211200,Petrol,Automatic,3,10,2718
6274,Honda,Model C,2023,28067,Petrol,Automatic,8,1,27052
6275,VW,Model A,2023,22020,Petrol,Automatic,2,20,16744
6276,Mercedes,Model B,2024,14436,Hybrid,Automatic,10,30,24296
6277,BMW,Model A,2018,108768,Petrol,Manual,9,30,8754
6278,Toyota,Model A,2020,105574,Diesel,Automatic,10,20,5877
6279,Toyota,Model A,2025,0,Diesel,Automatic,12,1,18824
6280,Toyota,Model A,2016,122758,Petrol,Manual,9,30,2487
6281,Dacia,Model C,2025,0,Hybrid,Automatic,10,30,19901
6282,VW,Model B,2023,39717,Hybrid,Manual,2,20,20776
6283,Toyota,Model A,2025,14358,Petrol,Manual,12,1,23848
6284,Mercedes,Model A,2025,21146,Petrol,Automatic,3,20,30060
6285,Ford,Model B,2016,112274,Diesel,Automatic,7,10,6116
6286,VW,Model C,2023,10656,Petrol,Manual,12,1,17257
6287,Honda,Model B,2025,13914,Diesel,Manual,3,1,22254
6288,Audi,Model A,2021,49769,Petrol,Automatic,1,10,13993
6289,BMW,Model C,2025,0,Petrol,Automatic,4,1,25755
6290,Audi,Model C,2021,40856,Petrol,Manual,2,30,10892
6291,Honda,Model B,2014,147095,Petrol,Automatic,9,1,6533
6292,Hyundai,Model B,2021,72050,Diesel,Automatic,4,20,15817
6293,Fiat,Model A,2025,0,Petrol,Manual,1,1,20614
6294,Toyota,Model A,2020,69329,Petrol,Manual,12,30,12668
6295,Hyundai,Model C,2025,0,Petrol,Automatic,1,20,22751
6296,Dacia,Model C,2025,0,Petrol,Automatic,4,20,20264
6297,VW,Model C,2020,62215,Diesel,Manual,4,30,13687
6298,VW,Model B,2008,191502,Petrol,Automatic,1,30,500
6299,Fiat,Model B,2025,0,Hybrid,Automatic,3,20,22600
6300,Toyota,Model A,2020,48273,Petrol,Manual,11,20,9934
6301,BMW,Model C,2025,0,Petrol,Manual,1,1,23306
6302,Dacia,Model C,2021,38299,Hybrid,Automatic,1,30,11285
6303,Honda,Model A,2022,16111,Petrol,Manual,8,30,13286
6304,Hyundai,Model C,2025,0,Petrol,Automatic,2,10,23500
6305,Hyundai,Model B,2021,37301,Petrol,Automatic,5,1,18971
6306,Toyota,Model C,2021,53634,Petrol,Automatic,1,30,15305
6307,Honda,Model B,2020,68903,Petrol,Automatic,5,1,9417
6308,Honda,Model B,2020,63902,Petrol,Automatic,4,10,9824
6309,Audi,Model A,2022,32468,Hybrid,Manual,8,30,14167
6310,Mercedes,Model B,2025,0,Diesel,Automatic,7,30,31745
6311,Honda,Model B,2020,14233,Petrol,Automatic,9,30,8976
6312,Mercedes,Model C,2022,23805,Petrol,Automatic,12,10,26335
6313,Toyota,Model B,2024,22554,Diesel,Manual,10,10,26327
6314,Mercedes,Model B,2018,57604,Petrol,Automatic,12,10,8930
6315,VW,Model A,2019,70789,Petrol,Automatic,1,20,12874
6316,Fiat,Model A,2025,0,Petrol,Automatic,12,30,24107
6317,Ford,Model C,2025,8986,Petrol,Automatic,5,1,28441
6318,Toyota,Model C,2023,2624,Petrol,Automatic,4,1,19901
6319,Dacia,Model A,2024,12187,Petrol,Automatic,6,10,15987
6320,BMW,Model C,2002,250000,Petrol,Manual,10,10,3877
6321,Toyota,Model C,2023,0,Hybrid,Manual,12,1,20319
6322,Audi,Model B,2022,19885,Petrol,Automatic,7,1,24570
6323,Toyota,Model C,2023,22623,Diesel,Automatic,2,1,21647
6324,Audi,Model C,2020,67712,Petrol,Automatic,3,10,15951
6325,Audi,Model A,2008,206737,Diesel,Manual,6,30,500
6326,Audi,Model B,2016,116406,Hybrid,Automatic,5,30,11872
6327,Honda,Model C,2025,0,Petrol,Manual,3,10,30642
6328,Toyota,Model A,2021,24168,Petrol,Automatic,11,20,16797
6329,Ford,Model C,2022,37267,Petrol,Automatic,4,30,15538
6330,Honda,Model A,2005,221559,Diesel,Automatic,8,20,500
6331,Mercedes,Model B,2003,,Diesel,Automatic,6,10,2151
6332,Hyundai,Model C,2025,13984,Petrol,Automatic,12,1,25208
6333,Honda,Model A,2022,38836,Petrol,Automatic,8,10,14872
6334,Mercedes,Model B,2022,27477,Petrol,Automatic,5,20,20229
6335,Mercedes,Model C,2018,73529,Petrol,Manual,8,10,7915
6336,Hyundai,Model A,2025,9313,Petrol,Manual,4,1,23560
6337,VW,Model C,2015,123179,Petrol,Automatic,2,30,4252
6338,Honda,Model B,2016,89781,Petrol,Automatic,7,1,6606
6339,Toyota,Model B,2022,6782,Hybrid,Automatic,11,10,20972
6340,Honda,Model C,2019,100227,Petrol,Manual,12,10,8802
6341,Ford,Model A,2018,65662,Petrol,Automatic,7,1,8066
6342,Fiat,Model B,2024,19915,Petrol,Manual,9,10,17677
6343,Ford,Model B,2024,34660,Hybrid,Manual,8,1,15711
6344,Audi,Model A,2025,2213,Diesel,Automatic,11,20,30434
6345,BMW,Model A,2021,38993,Petrol,Manual,2,1,14037
6346,Mercedes,Model C,2007,194609,Diesel,Manual,6,1,500
6347,VW,Model B,2019,50399,Diesel,Manual,4,20,10817
6348,Mercedes,Model A,2025,5650,Hybrid,Manual,1,1,29195
6349,Honda,Model B,2023,,Diesel,Automatic,11,10,21085
6350,VW,Model A,2025,0,Petrol,Manual,2,10,22426
6351,Toyota,Model B,2000,250000,Petrol,Manual,5,1,4568
6352,VW,Model C,2022,46462,Diesel,Manual,11,10,11406
6353,Ford,Model A,2003,250000,Hybrid,Manual,10,30,500
6354,Honda,Model B,2023,28117,Petrol,Automatic,8,20,24018
6355,Fiat,Model C,2025,627,Petrol,Automatic,4,20,23071
6356,VW,Model C,2025,0,Petrol,Manual,7,1,21016
6357,Toyota,Model B,2023,23766,Petrol,Automatic,1,1,21774
6358,Hyundai,Model C,2021,74447,Petrol,Automatic,10,1,13824
6359,VW,Model C,2025,9067,Petrol,Automatic,3,20,26326
6360,Hyundai,Model B,2024,28387,Hybrid,Automatic,6,10,22270
6361,Ford,Model A,2006,214219,Diesel,Automatic,2,1,500
6362,Toyota,Model A,2022,52439,Diesel,Automatic,9,10,16290
6363,Toyota,Model A,2018,93585,Petrol,Automatic,12,20,8473
6364,VW,Model C,2022,13506,Diesel,Manual,6,1,17522
6365,Mercedes,Model C,2021,56096,Petrol,Automatic,2,20,18740
6366,Hyundai,Model C,2023,16300,Petrol,Manual,12,20,13494
6367,Toyota,Model B,2020,11043,Hybrid,Automatic,6,1,9892
6368,Ford,Model A,2015,121946,Petrol,Manual,2,30,3022
6369,Honda,Model A,2022,44085,Petrol,Manual,3,1,15981
6370,Honda,Model B,2025,2274,Hybrid,Automatic,2,30,25277
6371,VW,Model A,2024,10362,Hybrid,Automatic,3,20,22329
6372,Ford,Model B,2020,55041,Diesel,Manual,2,1,8622
6373,Audi,Model B,2025,36998,Petrol,Manual,12,10,21844
6374,BMW,Model A,2025,0,Petrol,Manual,3,10,24765
6375,Hyundai,Model A,2016,121093,Petrol,Automatic,6,1,8960
6376,Fiat,Model A,2003,250000,Petrol,Manual,10,1,500
6377,Mercedes,Model C,2025,0,Hybrid,Automatic,9,10,33703
6378,Toyota,Model C,2025,0,Hybrid,Automatic,12,30,21356
6379,Toyota,Model A,2025,0,Hybrid,Automatic,12,10,26860
6380,Dacia,Model A,2025,0,Petrol,Automatic,8,1,20324
6381,Audi,Model C,2023,23295,Diesel,Manual,10,1,16914
6382,Mercedes,Model B,2022,12733,Diesel,Manual,5,30,20937
6383,Mercedes,Model A,2002,250000,Petrol,Manual,6,1,500
6384,VW,Model A,2018,69543,Petrol,Manual,2,30,5081
6385,Fiat,Model A,2021,26224,Diesel,Automatic,9,1,12256
6386,Toyota,Model A,2024,0,Petrol,Manual,4,10,15105
6387,Mercedes,Model B,2023,56639,Hybrid,Automatic,1,30,22307
6388,Ford,Model A,2025,0,Petrol,Manual,2,1,23655
6389,Audi,Model A,2019,,Petrol,Manual,10,1,9845
6390,BMW,Model C,2023,12725,Hybrid,Automatic,3,30,28468
6391,Fiat,Model C,2008,198748,Hybrid,Automatic,10,30,500
6392,Fiat,Model B,2021,57058,Diesel,Automatic,12,30,11001
6393,Dacia,Model C,2025,8322,Diesel,Manual,5,20,15502
6394,Honda,Model A,2024,1789,Hybrid,Manual,10,20,21315
6395,Toyota,Model C,2025,0,Hybrid,Manual,6,20,24947
6396,Hyundai,Model A,2019,,Petrol,Automatic,10,1,10803
6397,Mercedes,Model A,2022,44285,Diesel,Automatic,4,1,16025
6398,Audi,Model A,2020,55725,Petrol,Manual,12,10,11497
6399,Audi,Model A,2021,54629,Petrol,Automatic,12,20,20602
6400,Dacia,Model B,2025,0,Diesel,Manual,5,20,20189
6401,VW,Model A,2024,0,Diesel,Manual,3,30,19840
6402,Mercedes,Model A,2025,59,Diesel,Manual,9,20,25240
6403,BMW,Model C,2016,115785,Petrol,Automatic,8,1,8844
6404,Hyundai,Model B,2025,4638,Petrol,Automatic,12,30,22238
6405,Hyundai,Model B,2005,74291,Petrol,Manual,11,30,500
6406,VW,Model B,2025,0,Petrol,Automatic,11,30,25753
6407,Mercedes,Model B,2020,,Petrol,Manual,10,30,7968
6408,Honda,Model A,2020,,Diesel,Automatic,5,30,11055
6409,Ford,Model C,2022,34216,Petrol,Manual,12,30,11152
6410,Dacia,Model A,2025,0,Petrol,Manual,6,30,19362
6411,Mercedes,Model C,2004,249092,Hybrid,Manual,5,30,500
6412,Honda,Model B,2020,67983,Hybrid,Automatic,3,10,9662
6413,Mercedes,Model A,2025,11437,Petrol,Automatic,4,10,28688
6414,Honda,Model C,2021,71429,Petrol,Automatic,1,1,12115
6415,Audi,Model A,2016,115803,Petrol,Automatic,9,10,8191
6416,Hyundai,Model B,2021,52153,Diesel,Automatic,8,1,11249
6417,Audi,Model B,2021,41305,Petrol,Manual,6,1,17461
6418,Toyota,Model B,2025,0,Petrol,Automatic,12,30,25672
6419,Toyota,Model C,2025,14553,Petrol,Automatic,9,1,31583
6420,Fiat,Model C,2022,50266,Petrol,Automatic,4,10,16296
6421,Hyundai,Model A,2025,0,Petrol,Automatic,5,10,21952
6422,BMW,Model C,2022,46846,Diesel,Automatic,7,10,19037
6423,BMW,Model B,2005,249755,Diesel,Automatic,7,30,3937
6424,Ford,Model B,2018,67292,Diesel,Manual,4,20,11556
6425,Toyota,Model C,2021,56106,Hybrid,Manual,4,30,7761
6426,Audi,Model C,2015,104256,Diesel,Automatic,4,30,2884
6427,Hyundai,Model A,2025,0,Petrol,Automatic,12,1,24065
6428,Mercedes,Model C,2025,0,Petrol,Automatic,5,20,23975
6429,Dacia,Model C,2018,87867,Diesel,Automatic,5,10,6392
6430,BMW,Model C,2023,22273,Petrol,Automatic,10,1,24046
6431,Mercedes,Model B,2025,43006,Petrol,Manual,3,10,25693
6432,Toyota,Model A,2025,5682,Petrol,Automatic,9,30,26370
6433,Honda,Model A,2025,662,Hybrid,Automatic,9,1,24096
6434,Audi,Model A,2022,42443,Petrol,Automatic,1,10,15133
6435,VW,Model B,2025,0,Petrol,Automatic,3,30,24557
6436,Toyota,Model B,2023,37942,Hybrid,Automatic,6,20,20856
6437,BMW,Model B,2023,29415,Petrol,Automatic,11,10,22849
6438,Fiat,Model A,2011,172727,Petrol,Automatic,10,1,500
6439,Dacia,Model B,2012,43991,Diesel,Manual,11,10,500
6440,Ford,Model B,2022,12535,Petrol,Manual,11,1,15655
6441,Hyundai,Model A,2018,76479,Diesel,Manual,7,30,10386
6442,Mercedes,Model B,2002,250000,Petrol,Automatic,8,10,500
6443,Audi,Model B,2025,0,Petrol,Automatic,12,1,27817
6444,Toyota,Model B,2003,250000,Diesel,Manual,10,30,500
6445,Dacia,Model C,2023,20514,Petrol,Automatic,5,1,14094
6446,Honda,Model B,2022,42458,Petrol,Automatic,5,20,16314
6447,BMW,Model B,2025,0,Diesel,Manual,5,10,27302
6448,Toyota,Model A,2022,38893,Petrol,Automatic,7,10,9773
6449,BMW,Model B,2006,218385,Petrol,Automatic,5,1,1548
6450,Audi,Model A,2023,925,Hybrid,Automatic,3,30,22189
6451,Honda,Model C,2025,0,Petrol,Manual,8,10,27177
6452,Toyota,Model A,2025,23044,Petrol,Manual,11,20,27076
6453,BMW,Model C,2021,26121,Petrol,Manual,7,20,17356
6454,Mercedes,Model A,2020,61790,Petrol,Automatic,3,30,13674
6455,Ford,Model A,2025,11963,Petrol,Manual,11,30,21395
6456,VW,Model A,2016,142500,Petrol,Manual,10,20,6803
6457,Toyota,Model A,2023,16606,Petrol,Manual,9,20,19096
6458,VW,Model C,2021,38519,Petrol,Automatic,9,30,11790
6459,Mercedes,Model A,2004,234499,Petrol,Manual,10,20,500
6460,Mercedes,Model C,2020,77107,Petrol,Manual,11,30,11789
6461,Hyundai,Model C,2018,70988,Diesel,Manual,12,10,7186
6462,Toyota,Model B,2024,6441,Petrol,Manual,8,10,25198
6463,Honda,Model C,2025,0,Diesel,Manual,5,30,23265
6464,Dacia,Model B,2018,29177,Petrol,Manual,2,30,5588
6465,Toyota,Model C,2025,17373,Hybrid,Automatic,10,20,24971
6466,BMW,Model A,2005,250000,Hybrid,Automatic,2,10,3447
6467,Dacia,Model C,2022,11920,Diesel,Automatic,11,1,12373
6468,BMW,Model A,2007,225107,Petrol,Automatic,6,20,500
6469,VW,Model B,2025,0,Hybrid,Manual,11,20,23944
6470,Toyota,Model B,2025,870,Hybrid,Automatic,7,20,24363
6471,Honda,Model C,2024,15076,Petrol,Automatic,6,10,21043
6472,Honda,Model B,2025,4652,Petrol,Automatic,5,10,24050
6473,Toyota,Model B,2024,20019,Petrol,Automatic,1,30,25860
6474,Hyundai,Model A,2025,0,Petrol,Manual,1,30,28169
6475,Dacia,Model A,2025,0,Petrol,Manual,7,1,17843
6476,BMW,Model A,2025,,Petrol,Manual,12,30,26901
6477,Hyundai,Model C,2022,,Petrol,Automatic,8,20,14381
6478,Mercedes,Model B,2011,154460,Petrol,Automatic,11,20,8013
6479,BMW,Model A,2022,12459,Diesel,Manual,12,10,19790
6480,Dacia,Model A,2012,179100,Petrol,Automatic,3,20,1680
6481,Honda,Model C,2023,42469,Petrol,Manual,9,20,15674
6482,Mercedes,Model A,2022,46589,Petrol,Manual,6,10,18036
6483,Ford,Model B,2024,1855,Petrol,Automatic,3,30,27826
6484,Audi,Model A,2001,250000,Petrol,Automatic,4,30,1701
6485,Honda,Model C,2016,119470,Petrol,Automatic,4,1,7973
6486,Ford,Model B,2022,41500,Petrol,Manual,10,10,14076
6487,Fiat,Model A,2025,0,Diesel,Automatic,5,10,23785
6488,BMW,Model B,2021,64872,Petrol,Automatic,4,1,16700
6489,Audi,Model B,2021,60719,Petrol,Automatic,12,10,16580
6490,BMW,Model B,2025,2641,Petrol,Automatic,1,30,30037
6491,BMW,Model C,2023,24525,Diesel,Manual,10,20,18242
6492,Dacia,Model B,2019,72764,Diesel,Automatic,12,30,5849
6493,Dacia,Model C,2021,58199,Petrol,Automatic,8,20,9122
6494,VW,Model A,2017,83137,Petrol,Automatic,7,1,6113
6495,Ford,Model B,2025,6389,Petrol,Automatic,1,30,25433
6496,Hyundai,Model C,2013,130191,Diesel,Automatic,7,20,500
6497,BMW,Model C,2020,80048,Petrol,Automatic,5,30,14728
6498,Mercedes,Model A,2002,250000,Diesel,Manual,10,10,500
6499,Toyota,Model A,2017,85676,Hybrid,Automatic,11,30,10114
6500,Hyundai,Model B,2025,1208,Hybrid,Automatic,3,1,27410
6501,Honda,Model C,2016,95193,Diesel,Automatic,7,10,2322
6502,Honda,Model C,2008,226561,Petrol,Automatic,11,20,500
6503,Audi,Model C,2022,60343,Petrol,Manual,8,1,20237
6504,Ford,Model A,2000,250000,Petrol,Manual,7,20,599
6505,Fiat,Model B,2008,227349,Petrol,Automatic,12,1,500
6506,Toyota,Model C,2025,2276,Petrol,Automatic,12,1,26942
6507,Ford,Model B,2025,11452,Petrol,Automatic,3,1,27872
6508,Toyota,Model C,2025,18370,Petrol,Automatic,3,30,24947
6509,Hyundai,Model B,2025,0,Hybrid,Manual,11,1,22527
6510,Honda,Model C,2024,13066,Petrol,Manual,4,1,24754
6511,Toyota,Model A,2005,250000,Petrol,Automatic,11,1,2477
6512,Toyota,Model C,2025,9697,Petrol,Manual,4,20,24431
6513,BMW,Model A,2025,,Diesel,Manual,1,20,24155
6514,Fiat,Model B,2025,0,Hybrid,Manual,6,10,16472
6515,Dacia,Model C,2022,33367,Petrol,Automatic,1,20,13256
6516,Honda,Model A,2017,64546,Petrol,Automatic,3,1,5644
6517,Audi,Model B,2025,0,Petrol,Automatic,6,20,26016
6518,VW,Model A,2025,,Diesel,Automatic,1,10,29093
6519,Honda,Model B,2025,0,Petrol,Automatic,1,20,28034
6520,Audi,Model C,2015,132306,Diesel,Manual,2,1,500
6521,BMW,Model A,2017,111565,Diesel,Automatic,6,1,2678
6522,Fiat,Model C,2017,103631,Petrol,Manual,12,10,2534
6523,Hyundai,Model C,2025,9487,Diesel,Manual,2,30,21131
6524,Hyundai,Model C,2016,117841,Diesel,Automatic,8,30,3792
6525,Honda,Model B,2006,190547,Petrol,Automatic,7,30,500
6526,Hyundai,Model B,2025,152,Petrol,Manual,1,10,27428
6527,Ford,Model C,2002,249053,Petrol,Manual,1,10,500
6528,Toyota,Model C,2025,7637,Petrol,Manual,3,20,21331
6529,Hyundai,Model C,2020,28603,Hybrid,Manual,9,1,9460
6530,Dacia,Model A,2025,0,Petrol,Manual,12,1,16481
6531,Fiat,Model A,2023,32216,Petrol,Manual,7,10,9924
6532,Hyundai,Model B,2025,0,Petrol,Automatic,1,30,23569
6533,VW,Model B,2025,14425,Petrol,Manual,4,30,26994
6534,VW,Model A,2000,250000,Petrol,Manual,12,1,500
6535,Fiat,Model B,2007,221712,Petrol,Automatic,1,10,500
6536,Honda,Model B,2018,94470,Petrol,Automatic,8,30,13502
6537,Mercedes,Model A,2024,6611,Petrol,Automatic,3,1,28025
6538,Hyundai,Model B,2025,2278,Petrol,Manual,1,30,22219
6539,Fiat,Model A,2021,48150,Diesel,Automatic,4,20,14359
6540,Toyota,Model C,2023,7143,Diesel,Manual,12,1,11793
6541,Hyundai,Model B,2016,97919,Petrol,Manual,10,10,7276
6542,Audi,Model C,2025,0,Petrol,Manual,3,10,29412
6543,Dacia,Model B,2025,,Petrol,Automatic,1,20,25712
6544,VW,Model C,2018,78120,Petrol,Manual,7,10,11074
6545,Ford,Model A,2022,7484,Petrol,Automatic,1,1,17551
6546,Hyundai,Model B,2008,216780,Petrol,Automatic,6,1,500
6547,Hyundai,Model A,2023,6416,Petrol,Automatic,11,20,19565
6548,Fiat,Model B,2022,33427,Petrol,Automatic,7,20,13106
6549,Fiat,Model C,2014,149495,Petrol,Automatic,12,20,1742
6550,BMW,Model A,2021,61636,Petrol,Automatic,10,30,17334
6551,Mercedes,Model B,2020,78244,Petrol,Manual,7,1,12962
6552,Hyundai,Model A,2022,27138,Petrol,Automatic,10,10,16413
6553,Dacia,Model A,2023,35764,Petrol,Manual,2,1,13191
6554,Toyota,Model A,2000,250000,Petrol,Automatic,3,20,2460
6555,BMW,Model C,2025,0,Petrol,Automatic,9,30,25480
6556,Toyota,Model C,2025,0,Petrol,Automatic,1,1,23875
6557,Toyota,Model B,2020,51362,Petrol,Automatic,1,1,12069
6558,Hyundai,Model A,2005,234572,Petrol,Automatic,5,30,500
6559,BMW,Model A,2025,0,Diesel,Automatic,11,1,27578
6560,Audi,Model B,2025,0,Petrol,Automatic,12,30,28251
6561,Fiat,Model C,2018,96846,Petrol,Automatic,9,30,3987
6562,Mercedes,Model B,2020,57263,Petrol,Automatic,12,30,14279
6563,Hyundai,Model B,2016,111021,Petrol,Automatic,11,20,4314
6564,Toyota,Model A,2023,26456,Petrol,Manual,3,10,17003
6565,VW,Model A,2015,120820,Petrol,Automatic,6,20,4985
6566,BMW,Model B,2020,61392,Petrol,Automatic,8,1,9850
6567,Toyota,Model A,2024,,Petrol,Automatic,2,10,28116
6568,Toyota,Model C,2023,45275,Petrol,Manual,4,10,18720
6569,Fiat,Model B,2021,59411,Diesel,Automatic,10,1,6836
6570,Ford,Model A,2021,,Diesel,Automatic,5,30,14276
6571,BMW,Model C,2023,17294,Petrol,Manual,12,20,22494
6572,Hyundai,Model C,2000,250000,Diesel,Automatic,6,1,500
6573,BMW,Model A,2007,222264,Hybrid,Automatic,3,30,500
6574,Dacia,Model A,2025,6749,Petrol,Automatic,3,1,19739
6575,Audi,Model B,2007,195404,Petrol,Manual,9,10,500
6576,Honda,Model C,2025,9896,Diesel,Automatic,5,30,27920
6577,BMW,Model B,2025,16900,Diesel,Automatic,3,20,31039
6578,Ford,Model B,2019,49699,Petrol,Automatic,9,1,6058
6579,Honda,Model C,2020,57282,Hybrid,Manual,6,30,8752
6580,Toyota,Model C,2023,8032,Petrol,Automatic,11,20,23396
6581,BMW,Model A,2025,6457,Petrol,Automatic,7,10,29128
6582,Fiat,Model B,2025,0,Petrol,Automatic,12,30,19380
6583,Hyundai,Model C,2025,0,Petrol,Automatic,5,30,25154
6584,Ford,Model C,2008,197834,Petrol,Manual,4,30,2239
6585,Ford,Model C,2024,22802,Petrol,Automatic,9,1,24818
6586,VW,Model A,2021,51435,Petrol,Automatic,9,1,14114
6587,Mercedes,Model A,2022,39463,Petrol,Automatic,1,30,18887
6588,Dacia,Model C,2004,250000,Petrol,Manual,9,10,3224
6589,Toyota,Model C,2016,116587,Petrol,Automatic,3,1,4014
6590,VW,Model C,2025,0,Petrol,Manual,12,1,18756
6591,Ford,Model B,2021,73511,Petrol,Automatic,8,20,16556
6592,Ford,Model A,2020,41478,Petrol,Automatic,2,30,7734
6593,Fiat,Model A,2021,22111,Petrol,Automatic,1,20,14549
6594,Toyota,Model C,2025,0,Petrol,Automatic,11,30,27560
6595,VW,Model B,2025,0,Petrol,Automatic,11,20,26116
6596,Ford,Model B,2019,82097,Petrol,Automatic,6,30,3481
6597,BMW,Model A,2011,176270,Hybrid,Manual,2,10,500
6598,Toyota,Model B,2018,102116,Petrol,Automatic,5,1,12090
6599,Hyundai,Model A,2025,0,Diesel,Manual,10,1,24065
6600,Toyota,Model C,2023,35181,Petrol,Automatic,9,10,19853
6601,Honda,Model B,2022,36852,Petrol,Automatic,11,30,21498
6602,Honda,Model C,2023,26498,Petrol,Automatic,10,20,23420
6603,Ford,Model C,2020,69384,Diesel,Automatic,5,20,11931
6604,Fiat,Model C,2025,0,Petrol,Automatic,5,1,22351
6605,Mercedes,Model A,2022,74808,Petrol,Automatic,9,30,23870
6606,Honda,Model C,2011,187978,Petrol,Manual,4,30,3103
6607,Toyota,Model A,2012,148024,Hybrid,Automatic,11,30,2373
6608,Toyota,Model C,2022,19638,Petrol,Automatic,5,1,15729
6609,Fiat,Model C,2025,0,Petrol,Manual,7,10,20753
6610,BMW,Model A,2020,62733,Petrol,Automatic,1,30,8180
6611,Mercedes,Model B,2025,15984,Petrol,Manual,2,30,27344
6612,VW,Model A,2025,0,Petrol,Automatic,2,1,25994
6613,Audi,Model B,2018,88282,Diesel,Automatic,5,30,4352
6614,VW,Model B,2003,241064,Petrol,Manual,2,1,500
6615,Hyundai,Model A,2010,186545,Petrol,Automatic,6,1,500
6616,Audi,Model B,2025,0,Hybrid,Manual,4,20,32563
6617,Mercedes,Model C,2016,137050,Petrol,Manual,4,30,6356
6618,Mercedes,Model C,2020,11042,Diesel,Manual,6,30,7452
6619,Audi,Model A,2022,56559,Petrol,Manual,11,20,20055
6620,Audi,Model A,2025,0,Petrol,Automatic,10,30,33625
6621,Fiat,Model B,2011,148091,Petrol,Manual,12,1,4200
6622,Hyundai,Model B,2021,22843,Diesel,Automatic,12,20,17518
6623,BMW,Model B,2022,11926,Hybrid,Manual,1,30,15110
6624,Fiat,Model C,2023,6394,Petrol,Automatic,9,20,20361
6625,BMW,Model A,2025,0,Diesel,Automatic,2,30,34857
6626,VW,Model B,2015,123041,Petrol,Manual,12,30,5768
6627,Mercedes,Model C,2025,6776,Petrol,Manual,3,1,28419
6628,BMW,Model B,2024,12597,Hybrid,Manual,5,30,27571
6629,Hyundai,Model C,2023,21566,Petrol,Automatic,12,20,21712
6630,Honda,Model C,2024,39433,Petrol,Automatic,11,1,20989
6631,Ford,Model A,2021,50187,Diesel,Manual,1,30,12966
6632,Toyota,Model A,2013,156085,Petrol,Automatic,1,30,1585
6633,BMW,Model B,2024,,Petrol,Manual,11,1,27986
6634,VW,Model B,2022,19531,Diesel,Manual,1,10,17242
6635,Hyundai,Model A,2024,20248,Petrol,Manual,11,20,20737
6636,BMW,Model A,2020,50163,Petrol,Manual,12,30,6856
6637,Toyota,Model C,2025,0,Hybrid,Manual,1,1,25955
6638,Ford,Model B,2023,28581,Petrol,Automatic,3,20,17886
6639,Ford,Model B,2008,174878,Petrol,Manual,1,1,500
6640,Ford,Model C,2021,23857,Petrol,Automatic,1,20,12203
6641,VW,Model B,2025,13641,Diesel,Automatic,7,30,26548
6642,Dacia,Model B,2025,0,Hybrid,Automatic,10,20,22816
6643,Toyota,Model B,2022,26755,Petrol,Manual,6,20,15072
6644,Ford,Model C,2025,2496,Petrol,Manual,5,1,22632
6645,VW,Model A,2018,,Diesel,Automatic,3,1,6154
6646,Ford,Model B,2021,,Diesel,Manual,3,30,8847
6647,Toyota,Model B,2025,0,Petrol,Manual,8,30,27111
6648,Ford,Model B,2025,2979,Petrol,Manual,11,20,20988
6649,VW,Model C,2024,1472,Petrol,Automatic,6,10,22717
6650,Ford,Model B,2025,2903,Diesel,Manual,12,10,19542
6651,Audi,Model B,2008,220576,Hybrid,Manual,1,10,500
6652,Honda,Model C,2025,0,Petrol,Manual,11,1,24996
6653,Fiat,Model C,2020,73729,Petrol,Automatic,5,10,10433
6654,Fiat,Model B,2015,119226,Petrol,Automatic,11,20,4741
6655,Hyundai,Model A,2017,107017,Hybrid,Automatic,12,10,2439
6656,VW,Model C,2021,14979,Petrol,Automatic,9,20,10947
6657,Mercedes,Model A,2018,83498,Diesel,Automatic,5,20,6191
6658,Honda,Model A,2020,65245,Petrol,Automatic,6,1,11493
6659,Mercedes,Model B,2013,162203,Diesel,Manual,7,10,500
6660,Hyundai,Model A,2019,75541,Petrol,Automatic,6,10,8256
6661,Toyota,Model A,2023,31177,Petrol,Automatic,10,20,21663
6662,Hyundai,Model B,2021,42472,Hybrid,Automatic,10,1,10686
6663,Hyundai,Model C,2020,83563,Petrol,Automatic,1,10,12683
6664,Fiat,Model C,2025,9605,Petrol,Manual,2,20,17083
6665,Hyundai,Model A,2025,1165,Petrol,Automatic,5,10,24695
6666,Ford,Model C,2025,0,Petrol,Manual,9,30,22431
6667,Ford,Model B,2020,74668,Hybrid,Automatic,3,1,10794
6668,Toyota,Model B,2025,0,Petrol,Manual,5,20,26248
6669,Mercedes,Model A,2015,93256,Diesel,Automatic,6,1,4512
6670,Mercedes,Model B,2013,145085,Petrol,Automatic,8,20,500
6671,Mercedes,Model B,2020,77850,Petrol,Manual,12,1,12752
6672,Dacia,Model B,2025,23869,Diesel,Automatic,11,10,18077
6673,Mercedes,Model B,2018,82390,Diesel,Automatic,5,30,12125
6674,VW,Model A,2006,228653,Petrol,Manual,10,30,500
6675,Mercedes,Model B,2013,151792,Petrol,Automatic,11,30,1814
6676,Dacia,Model C,2025,0,Petrol,Manual,7,1,19745
6677,Toyota,Model B,2024,19746,Petrol,Automatic,4,30,28396
6678,Toyota,Model A,2018,82718,Hybrid,Automatic,12,30,9656
6679,Toyota,Model A,2023,39170,Petrol,Automatic,12,30,18874
6680,Hyundai,Model C,2022,46844,Petrol,Automatic,3,1,13549
6681,Audi,Model B,2024,24153,Petrol,Automatic,10,20,25673
6682,Hyundai,Model A,2017,92920,Petrol,Automatic,1,1,1557
6683,VW,Model B,2025,28888,Petrol,Manual,1,10,19604
6684,Audi,Model C,2020,67258,Petrol,Manual,5,30,11417
6685,BMW,Model B,2024,15709,Petrol,Manual,6,1,25283
6686,Hyundai,Model A,2001,250000,Diesel,Automatic,7,1,500
6687,Audi,Model C,2020,58543,Petrol,Automatic,5,20,16301
6688,Fiat,Model B,2020,61715,Petrol,Automatic,2,10,5858
6689,Mercedes,Model A,2023,12184,Diesel,Automatic,5,20,23527
6690,Ford,Model C,2007,211615,Petrol,Manual,11,30,500
6691,VW,Model C,2025,0,Hybrid,Manual,5,10,19515
6692,VW,Model C,2017,96838,Petrol,Automatic,8,1,7073
6693,Toyota,Model C,2024,0,Petrol,Automatic,9,30,25444
6694,Fiat,Model B,2025,0,Petrol,Manual,10,20,17716
6695,Hyundai,Model A,2023,18339,Hybrid,Automatic,7,1,14372
6696,Honda,Model A,2025,0,Petrol,Manual,2,1,20438
6697,Ford,Model A,2024,27529,Petrol,Manual,12,10,18735
6698,Ford,Model C,2020,90785,Diesel,Automatic,4,30,14455
6699,Dacia,Model A,2025,10175,Hybrid,Automatic,5,1,18032
6700,Fiat,Model A,2019,53483,Hybrid,Manual,10,20,6267
6701,Audi,Model A,2023,18818,Petrol,Manual,10,20,22907
6702,Audi,Model C,2025,8939,Petrol,Automatic,12,30,36048
6703,Dacia,Model C,2020,67249,Petrol,Automatic,1,20,8790
6704,Audi,Model A,2020,74809,Petrol,Manual,11,1,14721
6705,Dacia,Model A,2021,46539,Petrol,Automatic,10,1,7395
6706,Ford,Model C,2025,0,Diesel,Automatic,7,30,30240
6707,BMW,Model A,2025,26286,Petrol,Automatic,2,20,30868
6708,Toyota,Model C,2023,24880,Diesel,Automatic,7,30,19326
6709,Honda,Model A,2024,0,Petrol,Automatic,3,1,21259
6710,Hyundai,Model B,2025,,Petrol,Automatic,12,1,27706
6711,Toyota,Model B,2009,169558,Petrol,Automatic,9,20,4985
6712,Toyota,Model C,2017,43574,Petrol,Automatic,8,30,8508
6713,Fiat,Model C,2025,11540,Petrol,Manual,11,30,21634
6714,BMW,Model B,2025,13660,Petrol,Automatic,7,1,31952
6715,Ford,Model B,2025,6210,Hybrid,Automatic,1,1,24181
6716,Honda,Model A,2021,28463,Hybrid,Automatic,4,30,21890
6717,BMW,Model B,2008,203116,Petrol,Automatic,12,1,500
6718,BMW,Model B,2021,43827,Petrol,Manual,11,20,15953
6719,Toyota,Model A,2017,87940,Petrol,Automatic,12,20,6403
6720,Mercedes,Model B,2019,93181,Petrol,Automatic,2,30,11817
6721,Honda,Model C,2025,0,Petrol,Manual,4,10,28998
6722,Ford,Model A,2007,220741,Hybrid,Manual,1,30,3611
6723,VW,Model B,2025,17910,Hybrid,Automatic,11,20,26549
6724,Honda,Model C,2021,53721,Petrol,Manual,3,30,10853
6725,Toyota,Model C,2023,42616,Petrol,Manual,6,1,12364
6726,Mercedes,Model B,2008,212455,Petrol,Manual,4,30,5063
6727,Audi,Model C,2020,66440,Petrol,Automatic,12,1,9215
6728,Toyota,Model C,2008,209502,Diesel,Manual,8,1,5029
6729,Fiat,Model A,2025,9201,Petrol,Automatic,10,1,17784
6730,Audi,Model B,2025,0,Petrol,Manual,8,30,31242
6731,Toyota,Model B,2021,28471,Hybrid,Automatic,8,20,19423
6732,VW,Model C,2017,110310,Diesel,Automatic,5,30,942
6733,VW,Model C,2025,17426,Petrol,Automatic,3,30,24965
6734,Dacia,Model A,2020,63779,Petrol,Automatic,5,30,7936
6735,Mercedes,Model B,2015,,Diesel,Automatic,4,10,6231
6736,BMW,Model A,2023,634,Petrol,Automatic,9,1,24474
6737,Toyota,Model A,2025,1287,Petrol,Manual,6,30,28405
6738,Mercedes,Model B,2000,250000,Diesel,Manual,7,30,500
6739,Honda,Model B,2017,73665,Petrol,Automatic,10,20,5402
6740,Fiat,Model B,2025,0,Petrol,Manual,4,1,18669
6741,VW,Model C,2015,108543,Petrol,Manual,6,10,6478
6742,Mercedes,Model A,2011,173179,Diesel,Automatic,7,30,2152
6743,Mercedes,Model C,2023,21610,Diesel,Manual,1,30,17222
6744,Fiat,Model C,2025,0,Hybrid,Manual,2,30,19740
6745,Honda,Model B,2022,10426,Petrol,Automatic,1,30,20470
6746,Fiat,Model B,2025,0,Petrol,Automatic,10,30,25561
6747,VW,Model B,2024,0,Petrol,Automatic,4,30,23962
6748,Dacia,Model A,2007,,Hybrid,Manual,6,1,500
6749,Fiat,Model B,2025,0,Petrol,Automatic,9,30,25960
6750,Toyota,Model C,2021,9237,Petrol,Manual,12,20,9635
6751,Hyundai,Model A,2019,69543,Petrol,Automatic,11,30,9770
6752,Honda,Model C,2023,27606,Petrol,Manual,1,1,14111
6753,Audi,Model B,2020,47607,Petrol,Manual,4,10,5157
6754,Audi,Model C,2008,210381,Petrol,Manual,1,10,500
6755,Toyota,Model A,2000,250000,Petrol,Manual,1,1,500
6756,Mercedes,Model B,2021,31317,Diesel,Automatic,2,30,24238
6757,Mercedes,Model C,2025,0,Petrol,Manual,5,1,29223
6758,Honda,Model C,2023,34305,Petrol,Manual,3,30,13265
6759,Dacia,Model B,2025,13010,Petrol,Manual,5,1,18711
6760,Ford,Model C,2019,96185,Diesel,Manual,11,30,6459
6761,Toyota,Model A,2019,66351,Petrol,Automatic,10,20,10048
6762,Audi,Model A,2015,118087,Hybrid,Manual,5,1,5357
6763,Mercedes,Model A,2015,104509,Petrol,Automatic,9,30,4148
6764,VW,Model A,2019,,Hybrid,Automatic,5,20,6229
6765,Hyundai,Model B,2025,3428,Diesel,Automatic,5,1,24673
6766,Toyota,Model B,2025,0,Petrol,Automatic,9,1,28428
6767,Ford,Model C,2025,18485,Petrol,Manual,5,10,24659
6768,VW,Model A,2017,74064,Hybrid,Manual,7,30,9874
6769,BMW,Model A,2025,7295,Petrol,Manual,2,10,25499
6770,Toyota,Model A,2020,44913,Diesel,Manual,7,10,9117
6771,VW,Model C,2011,155693,Diesel,Manual,10,10,3737
6772,VW,Model C,2025,8086,Petrol,Manual,12,10,21683
6773,BMW,Model B,2024,1861,Hybrid,Manual,2,30,29041
6774,Audi,Model C,2015,112263,Petrol,Automatic,6,20,530
6775,VW,Model A,2021,35817,Petrol,Automatic,7,20,10239
6776,Audi,Model B,2019,98775,Hybrid,Manual,12,20,15669
6777,Hyundai,Model A,2025,0,Petrol,Manual,4,1,21382
6778,BMW,Model A,2021,48773,Petrol,Manual,3,10,12664
6779,Mercedes,Model A,2025,0,Petrol,Manual,2,30,32319
6780,Toyota,Model B,2005,243321,Petrol,Manual,2,20,500
6781,Fiat,Model B,2020,50778,Petrol,Automatic,11,10,6825
6782,Hyundai,Model B,2022,32987,Petrol,Automatic,8,20,17562
6783,Fiat,Model B,2022,41909,Petrol,Manual,6,30,13549
6784,Honda,Model C,2020,47054,Petrol,Automatic,11,1,12753
6785,Hyundai,Model A,2025,16339,Diesel,Manual,4,10,22023
6786,Fiat,Model A,2025,17782,Petrol,Manual,12,20,21324
6787,Toyota,Model B,2025,9097,Petrol,Automatic,10,1,23124
6788,Dacia,Model A,2025,1048,Petrol,Automatic,1,30,22014
6789,Fiat,Model C,2025,0,Hybrid,Manual,6,30,20131
6790,Dacia,Model B,2023,30364,Petrol,Automatic,11,10,14709
6791,Fiat,Model C,2025,0,Diesel,Automatic,5,1,20804
6792,Hyundai,Model C,2020,56305,Petrol,Automatic,12,1,11338
6793,Dacia,Model C,2021,19539,Petrol,Manual,11,30,10020
6794,Toyota,Model C,2020,67403,Petrol,Manual,10,20,13685
6795,Hyundai,Model A,2022,14271,Petrol,Automatic,2,10,19023
6796,Audi,Model C,2019,73776,Petrol,Manual,2,10,4683
6797,VW,Model A,2025,13569,Petrol,Manual,9,10,22874
6798,Hyundai,Model B,2020,52960,Petrol,Automatic,9,20,5984
6799,VW,Model B,2009,210240,Diesel,Automatic,2,10,1950
6800,Hyundai,Model A,2022,24795,Petrol,Manual,11,30,13467
6801,Toyota,Model C,2005,249006,Petrol,Automatic,11,1,500
6802,Honda,Model C,2011,148428,Petrol,Automatic,6,30,3828
6803,BMW,Model C,2017,111466,Diesel,Automatic,8,10,4580
6804,Mercedes,Model A,2022,49139,Petrol,Automatic,7,20,20458
6805,Ford,Model C,2021,55025,Petrol,Automatic,1,30,11513
6806,Ford,Model A,2025,0,Diesel,Manual,2,20,28108
6807,Mercedes,Model A,2025,0,Petrol,Automatic,10,1,31339
6808,Audi,Model B,2021,42140,Petrol,Manual,7,10,18800
6809,Toyota,Model B,2020,,Diesel,Manual,8,10,12914
6810,VW,Model B,2020,61949,Petrol,Automatic,8,30,9803
6811,Ford,Model B,2025,0,Diesel,Manual,5,30,18845
6812,BMW,Model A,2005,223129,Petrol,Automatic,1,1,500
6813,Hyundai,Model B,2001,,Petrol,Manual,10,10,2481
6814,Audi,Model C,2025,7318,Petrol,Automatic,6,30,34718
6815,VW,Model A,2022,17489,Petrol,Automatic,2,20,17266
6816,Mercedes,Model A,2013,117512,Diesel,Automatic,1,30,500
6817,Dacia,Model B,2017,86624,Petrol,Automatic,1,20,2098
6818,BMW,Model A,2025,0,Petrol,Automatic,1,1,28996
6819,VW,Model C,2025,0,Petrol,Manual,2,30,21759
6820,Honda,Model C,2025,36774,Diesel,Manual,3,20,21709
6821,BMW,Model B,2022,12045,Diesel,Manual,4,1,18360
6822,BMW,Model A,2022,33209,Petrol,Manual,8,30,20432
6823,Toyota,Model A,2025,19678,Petrol,Manual,4,30,26252
6824,Hyundai,Model C,2025,11236,Petrol,Automatic,9,1,19616
6825,BMW,Model C,2017,93768,Diesel,Automatic,11,20,7089
6826,VW,Model C,2025,0,Petrol,Manual,5,1,29379
6827,VW,Model A,2016,90661,Petrol,Automatic,9,30,5869
6828,Audi,Model B,2017,91985,Petrol,Automatic,2,30,6991
6829,BMW,Model C,2024,15651,Diesel,Manual,5,30,23781
6830,Fiat,Model C,2021,64576,Petrol,Automatic,9,10,10747
6831,Toyota,Model C,2025,0,Petrol,Automatic,12,20,24003
6832,Mercedes,Model B,2008,201152,Petrol,Automatic,8,30,500
6833,VW,Model A,2022,21761,Petrol,Manual,5,30,13969
6834,Audi,Model C,2025,3379,Hybrid,Manual,4,10,32387
6835,Honda,Model B,2025,11756,Diesel,Manual,5,30,21453
6836,BMW,Model C,2015,129444,Diesel,Manual,9,30,500
6837,Dacia,Model A,2020,42447,Petrol,Automatic,5,30,8676
6838,Honda,Model B,2023,26202,Petrol,Automatic,6,1,19458
6839,Dacia,Model A,2015,109840,Petrol,Automatic,10,10,1188
6840,Toyota,Model A,2025,15165,Petrol,Automatic,3,30,26446
6841,Toyota,Model C,2025,0,Diesel,Automatic,9,20,28410
6842,Fiat,Model B,2015,97207,Petrol,Automatic,10,20,5248
6843,Toyota,Model A,2012,152702,Petrol,Automatic,11,30,3473
6844,Honda,Model C,2008,210877,Petrol,Automatic,1,1,3719
6845,BMW,Model C,2025,3660,Petrol,Automatic,2,10,32682
6846,Dacia,Model B,2016,100323,Diesel,Manual,12,20,1881
6847,BMW,Model C,2021,39220,Petrol,Automatic,2,20,19193
6848,Hyundai,Model C,2021,33187,Petrol,Automatic,7,1,9600
6849,Honda,Model A,2023,18078,Diesel,Automatic,3,1,17801
6850,BMW,Model A,2007,203164,Diesel,Manual,11,20,500
6851,BMW,Model A,2017,110551,Diesel,Automatic,2,10,9795
6852,Dacia,Model C,2025,0,Petrol,Automatic,2,1,22148
6853,VW,Model B,2025,1834,Petrol,Automatic,7,30,25356
6854,VW,Model C,2025,,Petrol,Automatic,3,1,20823
6855,Honda,Model B,2001,250000,Petrol,Automatic,9,30,2128
6856,Audi,Model B,2020,76340,Petrol,Automatic,9,20,13754
6857,VW,Model B,2024,22439,Hybrid,Automatic,8,10,24813
6858,Ford,Model A,2019,77293,Petrol,Manual,11,1,7116
6859,VW,Model A,2025,0,Diesel,Automatic,9,1,23311
6860,Toyota,Model B,2024,0,Diesel,Manual,3,1,19998
6861,Dacia,Model C,2007,203314,Diesel,Automatic,1,20,500
6862,BMW,Model C,2025,11278,Diesel,Automatic,10,30,30385
6863,BMW,Model A,2025,1099,Petrol,Automatic,10,20,25437
6864,Fiat,Model B,2007,229029,Diesel,Manual,11,20,500
6865,Ford,Model C,2022,51042,Petrol,Automatic,3,30,19370
6866,Toyota,Model B,2020,49110,Hybrid,Automatic,3,1,12806
6867,Hyundai,Model C,2021,48481,Diesel,Automatic,8,1,11838
6868,Honda,Model B,2015,119805,Petrol,Automatic,2,10,11219
6869,BMW,Model B,2023,19083,Hybrid,Automatic,4,1,18339
6870,VW,Model C,2025,0,Petrol,Automatic,11,30,26356
6871,Audi,Model C,2022,53771,Petrol,Manual,5,1,17106
6872,Mercedes,Model B,2008,204779,Petrol,Manual,1,30,4615
6873,Audi,Model C,2024,12197,Hybrid,Automatic,9,30,30306
6874,Honda,Model B,2020,47958,Hybrid,Manual,3,30,10138
6875,BMW,Model A,2025,10128,Petrol,Automatic,3,1,35278
6876,Fiat,Model B,2021,32923,Petrol,Manual,1,10,9584
6877,Ford,Model C,2016,114823,Petrol,Manual,8,10,5540
6878,Toyota,Model C,2016,115233,Petrol,Automatic,8,1,4754
6879,VW,Model C,2025,0,Petrol,Manual,2,1,23522
6880,Hyundai,Model A,2018,88764,Petrol,Automatic,1,20,6256
6881,Ford,Model A,2025,2785,Petrol,Automatic,7,30,28223
6882,Audi,Model B,2016,107409,Diesel,Manual,10,30,2528
6883,Mercedes,Model C,2020,60194,Petrol,Automatic,12,30,11850
6884,Fiat,Model B,2022,36926,Petrol,Automatic,1,1,15411
6885,Audi,Model B,2025,1948,Petrol,Automatic,9,30,32964
6886,BMW,Model C,2025,903,Petrol,Manual,3,1,30211
6887,Ford,Model C,2016,91442,Petrol,Automatic,1,30,5554
6888,Mercedes,Model C,2020,57716,Petrol,Automatic,5,1,10408
6889,Dacia,Model A,2014,135974,Petrol,Automatic,8,10,2581
6890,Fiat,Model B,2022,37459,Diesel,Automatic,8,10,14459
6891,Ford,Model B,2022,50306,Petrol,Manual,1,20,15311
6892,Hyundai,Model A,2025,9301,Petrol,Automatic,12,30,22625
6893,Honda,Model A,2025,0,Petrol,Manual,1,30,25823
6894,Hyundai,Model B,2021,45500,Petrol,Manual,3,1,9437
6895,Ford,Model A,2022,31329,Petrol,Automatic,6,30,16927
6896,BMW,Model A,2025,0,Petrol,Automatic,12,10,28461
6897,Dacia,Model C,2025,0,Petrol,Manual,12,10,19705
6898,Fiat,Model B,2000,250000,Petrol,Automatic,1,1,500
6899,Dacia,Model C,2020,62659,Petrol,Manual,3,1,4303
6900,VW,Model A,2021,66458,Petrol,Manual,7,30,11493
6901,Toyota,Model C,2017,99615,Petrol,Manual,9,1,6102
6902,Audi,Model B,2016,95541,Diesel,Manual,9,30,7198
6903,Mercedes,Model B,2003,250000,Petrol,Automatic,4,10,500
6904,Mercedes,Model B,2024,21056,Petrol,Automatic,3,10,25604
6905,Audi,Model A,2018,59787,Petrol,Automatic,1,20,10985
6906,Ford,Model C,2005,219811,Hybrid,Automatic,11,30,500
6907,VW,Model A,2017,96160,Petrol,Automatic,5,10,6459
6908,Toyota,Model C,2025,14263,Petrol,Automatic,11,1,24606
6909,Honda,Model A,2025,19605,Diesel,Automatic,5,10,26152
6910,Toyota,Model A,2022,32743,Petrol,Automatic,10,1,15708
6911,VW,Model B,2021,63912,Hybrid,Automatic,1,30,11712
6912,Dacia,Model C,2025,1084,Petrol,Automatic,11,1,21596
6913,VW,Model C,2016,85028,Petrol,Automatic,12,30,6413
6914,BMW,Model C,2017,95878,Petrol,Manual,4,20,5880
6915,Honda,Model B,2019,62716,Diesel,Automatic,2,30,14389
6916,Hyundai,Model A,2015,133773,Petrol,Manual,3,10,2734
6917,Honda,Model C,2020,59614,Petrol,Manual,11,20,5972
6918,Dacia,Model C,2025,0,Petrol,Manual,4,10,15388
6919,BMW,Model C,2023,1504,Petrol,Automatic,3,30,23780
6920,Toyota,Model A,2021,,Petrol,Manual,12,10,11273
6921,Audi,Model C,2025,0,Hybrid,Automatic,9,10,29539
6922,Hyundai,Model C,2004,244227,Petrol,Manual,11,1,2953
6923,Honda,Model A,2017,99465,Petrol,Automatic,10,20,7270
6924,Mercedes,Model C,2023,8144,Petrol,Manual,5,1,21972
6925,Toyota,Model B,2023,38909,Diesel,Manual,11,10,20265
6926,Honda,Model A,2003,250000,Diesel,Automatic,8,10,1674
6927,Dacia,Model B,2021,32749,Hybrid,Manual,9,30,11357
6928,Toyota,Model C,2024,7529,Petrol,Automatic,5,20,28573
6929,Mercedes,Model B,2024,26920,Petrol,Automatic,12,30,31037
6930,Honda,Model A,2024,11980,Petrol,Automatic,11,30,22336
6931,Toyota,Model A,2020,39082,Petrol,Automatic,2,20,11385
6932,Ford,Model A,2009,189850,Petrol,Automatic,3,20,500
6933,Honda,Model A,2021,35206,Diesel,Automatic,10,30,14003
6934,VW,Model C,2012,172622,Petrol,Automatic,1,1,847
6935,Fiat,Model C,2025,9088,Petrol,Manual,5,20,18321
6936,Audi,Model A,2022,31293,Diesel,Automatic,7,10,21397
6937,Hyundai,Model C,2020,62132,Diesel,Automatic,3,1,8834
6938,Dacia,Model B,2025,,Diesel,Automatic,11,20,22672
6939,Toyota,Model B,2022,24693,Petrol,Automatic,12,30,18855
6940,Mercedes,Model A,2020,83299,Hybrid,Manual,12,20,14305
6941,Hyundai,Model B,2025,802,Petrol,Automatic,2,20,22504
6942,VW,Model B,2025,13951,Diesel,Automatic,1,30,27963
6943,Audi,Model B,2024,15480,Petrol,Manual,7,30,28059
6944,Honda,Model A,2004,250000,Petrol,Automatic,10,30,1760
6945,Ford,Model B,2023,0,Petrol,Automatic,4,1,22503
6946,Mercedes,Model A,2025,0,Hybrid,Manual,4,30,26064
6947,VW,Model C,2013,168671,Petrol,Automatic,7,1,4229
6948,VW,Model B,2017,110342,Diesel,Manual,7,10,5956
6949,Fiat,Model B,2025,19880,Petrol,Automatic,6,10,25570
6950,Ford,Model C,2002,250000,Petrol,Automatic,6,10,2174
6951,Ford,Model C,2025,0,Petrol,Automatic,10,20,21803
6952,Ford,Model A,2022,20592,Petrol,Automatic,8,1,14667
6953,Audi,Model B,2021,31546,Diesel,Manual,7,1,12263
6954,Hyundai,Model C,2000,250000,Petrol,Automatic,10,30,500
6955,VW,Model B,2025,7698,Diesel,Manual,4,30,23531
6956,Hyundai,Model C,2020,59001,Petrol,Automatic,12,1,9079
6957,Hyundai,Model B,2023,31622,Petrol,Automatic,5,20,17988
6958,Ford,Model C,2024,14136,Diesel,Manual,5,1,16048
6959,Mercedes,Model C,2025,14433,Hybrid,Automatic,7,30,29041
6960,Fiat,Model C,2025,14290,Petrol,Automatic,4,10,22648
6961,Toyota,Model C,2022,20011,Petrol,Automatic,4,10,18836
6962,Dacia,Model B,2021,52104,Petrol,Automatic,1,10,9983
6963,Toyota,Model C,2025,0,Petrol,Automatic,9,10,28190
6964,Mercedes,Model B,2024,13995,Petrol,Manual,12,20,23181
6965,Fiat,Model B,2019,81064,Petrol,Manual,9,10,7912
6966,Hyundai,Model C,2012,136294,Petrol,Manual,8,10,500
6967,Hyundai,Model C,2025,0,Petrol,Manual,9,20,23716
6968,BMW,Model C,2020,60142,Petrol,Manual,12,30,16474
6969,Fiat,Model B,2024,15508,Petrol,Automatic,5,20,21999
6970,Ford,Model B,2022,31820,Petrol,Automatic,6,1,13794
6971,Honda,Model C,2016,90415,Diesel,Manual,4,20,5893
6972,Fiat,Model A,2023,,Petrol,Automatic,1,1,19380
6973,VW,Model B,2006,203216,Diesel,Automatic,5,30,2866
6974,Mercedes,Model B,2021,44510,Petrol,Automatic,1,1,20937
6975,Honda,Model C,2023,17379,Petrol,Manual,11,30,19490
6976,Ford,Model A,2021,45986,Petrol,Manual,9,10,11041
6977,Fiat,Model C,2025,0,Diesel,Manual,4,30,19368
6978,Audi,Model A,2025,0,Petrol,Automatic,5,1,27841
6979,Hyundai,Model B,2025,0,Petrol,Automatic,8,10,24128
6980,Hyundai,Model A,2003,250000,Petrol,Automatic,10,10,500
6981,Mercedes,Model C,2016,126921,Petrol,Manual,9,30,5605
6982,BMW,Model B,2022,72590,Diesel,Manual,1,10,17676
6983,Ford,Model C,2025,25374,Petrol,Manual,10,20,26335
6984,Hyundai,Model C,2025,0,Petrol,Automatic,12,1,27067
6985,Ford,Model C,2025,0,Petrol,Automatic,2,30,24625
6986,Hyundai,Model A,2020,59658,Petrol,Automatic,10,30,12151
6987,Ford,Model C,2021,,Hybrid,Automatic,4,10,12910
6988,VW,Model A,2022,37042,Petrol,Automatic,3,30,13930
6989,BMW,Model B,2015,156113,Petrol,Automatic,7,1,6623
6990,BMW,Model A,2003,247769,Petrol,Manual,7,30,2077
6991,VW,Model C,2025,0,Diesel,Manual,6,1,20589
6992,Hyundai,Model B,2018,108657,Petrol,Manual,12,20,2459
6993,Honda,Model C,2017,86760,Diesel,Automatic,4,20,8098
6994,Ford,Model B,2008,209903,Petrol,Automatic,8,20,500
6995,Ford,Model B,2025,15519,Petrol,Automatic,6,1,24329
6996,Mercedes,Model A,2023,31297,Petrol,Automatic,11,1,20682
6997,VW,Model C,2024,14876,Hybrid,Manual,2,30,25015
6998,Honda,Model B,2025,14079,Petrol,Automatic,2,10,26517
6999,Ford,Model C,2020,46603,Petrol,Automatic,12,10,8290
7000,Ford,Model A,2024,4554,Petrol,Automatic,8,30,20592
7001,Hyundai,Model A,2003,250000,Petrol,Manual,12,30,500
7002,Toyota,Model C,2016,76958,Petrol,Manual,6,30,6841
7003,Toyota,Model B,2025,21248,Diesel,Manual,8,20,21143
7004,Toyota,Model A,2025,4550,Petrol,Automatic,9,30,26952
7005,Hyundai,Model A,2020,62295,Petrol,Automatic,12,30,7944
7006,Honda,Model B,2020,35542,Petrol,Manual,2,10,9325
7007,Mercedes,Model B,2022,16700,Petrol,Automatic,2,20,22817
7008,Dacia,Model A,2000,250000,Petrol,Automatic,7,1,500
7009,Honda,Model A,2018,96111,Diesel,Automatic,1,30,12390
7010,Mercedes,Model B,2016,,Petrol,Automatic,10,20,3826
7011,VW,Model A,2018,95825,Petrol,Automatic,12,30,5611
7012,VW,Model C,2025,,Hybrid,Manual,11,20,20908
7013,Honda,Model A,2019,68648,Petrol,Automatic,4,10,14435
7014,Ford,Model C,2016,111803,Petrol,Manual,10,10,3855
7015,Mercedes,Model B,2022,40039,Diesel,Manual,8,1,17829
7016,Toyota,Model C,2025,0,Petrol,Automatic,2,20,24173
7017,Mercedes,Model B,2018,93373,Diesel,Automatic,8,10,9508
7018,Toyota,Model B,2007,181209,Petrol,Automatic,12,1,2674
7019,Ford,Model C,2020,53243,Diesel,Manual,4,10,9597
7020,Honda,Model B,2025,2305,Petrol,Automatic,9,1,21535
7021,Ford,Model C,2023,18825,Hybrid,Manual,1,20,17493
7022,Honda,Model C,2025,0,Diesel,Manual,11,1,17318
7023,Toyota,Model A,2025,11370,Petrol,Manual,3,20,25523
7024,Mercedes,Model A,2025,0,Diesel,Manual,8,10,31117
7025,Audi,Model C,2023,22987,Petrol,Automatic,7,30,22919
7026,Audi,Model C,2022,38295,Petrol,Automatic,7,30,17804
7027,VW,Model C,2004,250000,Petrol,Automatic,4,30,500
7028,Hyundai,Model A,2025,17535,Petrol,Automatic,7,10,25382
7029,VW,Model A,2021,47201,Diesel,Manual,8,1,6390
7030,Ford,Model B,2015,126411,Petrol,Manual,6,30,5151
7031,Toyota,Model B,2024,11161,Petrol,Manual,8,20,26202
7032,VW,Model C,2019,81194,Petrol,Automatic,3,20,7228
7033,Ford,Model A,2023,44902,Diesel,Automatic,7,30,18268
7034,BMW,Model B,2023,26063,Diesel,Automatic,9,30,30971
7035,Fiat,Model C,2021,59727,Hybrid,Automatic,5,30,13836
7036,BMW,Model B,2025,21829,Petrol,Automatic,6,1,28020
7037,Honda,Model C,2018,104357,Petrol,Manual,3,1,6871
7038,Honda,Model C,2021,42220,Hybrid,Manual,8,20,9603
7039,Hyundai,Model A,2022,51546,Diesel,Manual,2,1,10218
7040,Fiat,Model A,2024,15731,Petrol,Automatic,7,1,20507
7041,Dacia,Model B,2025,16758,Hybrid,Automatic,3,30,21835
7042,Ford,Model B,2021,56529,Diesel,Manual,3,1,10870
7043,VW,Model A,2024,16135,Petrol,Automatic,2,10,21420
7044,BMW,Model B,2015,126509,Diesel,Manual,5,30,3646
7045,Honda,Model B,2025,3828,Diesel,Automatic,11,30,26485
7046,Fiat,Model A,2021,52414,Petrol,Manual,8,30,11377
7047,Honda,Model A,2025,0,Petrol,Manual,10,30,24218
7048,BMW,Model A,2002,250000,Hybrid,Automatic,2,1,500
7049,Audi,Model C,2016,134447,Petrol,Manual,4,30,5223
7050,Toyota,Model A,2022,43162,Diesel,Automatic,5,10,16852
7051,Audi,Model C,2025,0,Petrol,Automatic,11,30,34482
7052,Toyota,Model A,2022,31838,Diesel,Manual,9,20,13412
7053,Toyota,Model A,2025,15843,Petrol,Manual,7,30,24573
7054,Toyota,Model B,2022,24957,Petrol,Manual,4,1,15109
7055,BMW,Model C,2022,13769,Petrol,Automatic,10,20,21524
7056,Fiat,Model A,2011,146873,Diesel,Automatic,12,30,2222
7057,VW,Model B,2025,0,Petrol,Manual,7,10,24314
7058,Ford,Model B,2018,64517,Hybrid,Automatic,1,30,4338
7059,Ford,Model B,2025,0,Petrol,Manual,4,10,23141
7060,Toyota,Model C,2025,20778,Petrol,Automatic,10,30,27627
7061,Hyundai,Model C,2025,0,Hybrid,Manual,5,1,21886
7062,Dacia,Model C,2022,30551,Petrol,Manual,8,1,10870
7063,BMW,Model B,2024,0,Diesel,Manual,7,1,26371
7064,BMW,Model A,2025,0,Petrol,Manual,12,20,26261
7065,VW,Model B,2013,117940,Hybrid,Automatic,4,30,500
7066,Audi,Model C,2023,18458,Petrol,Automatic,6,1,25552
7067,Fiat,Model C,2003,250000,Petrol,Automatic,1,20,1859
7068,VW,Model A,2022,45957,Petrol,Automatic,11,10,20480
7069,Toyota,Model B,2015,116853,Petrol,Automatic,5,20,3028
7070,Toyota,Model A,2016,118471,Petrol,Manual,10,1,5838
7071,VW,Model B,2020,52176,Petrol,Automatic,1,10,8248
7072,Mercedes,Model C,2021,35989,Diesel,Manual,11,10,16447
7073,Fiat,Model B,2024,37561,Hybrid,Manual,12,30,16854
7074,BMW,Model C,2007,198865,Diesel,Automatic,6,30,500
7075,Dacia,Model B,2022,30688,Petrol,Automatic,7,30,15297
7076,Mercedes,Model C,2016,112590,Petrol,Automatic,8,20,3670
7077,VW,Model B,2023,9956,Petrol,Manual,12,10,14510
7078,BMW,Model C,2024,21759,Petrol,Automatic,7,1,26517
7079,Honda,Model B,2023,19401,Petrol,Manual,1,20,14227
7080,Ford,Model C,2025,9958,Diesel,Automatic,8,20,27334
7081,BMW,Model B,2020,68789,Petrol,Automatic,6,30,11029
7082,Honda,Model B,2025,0,Hybrid,Automatic,10,20,27316
7083,Toyota,Model C,2021,73659,Petrol,Automatic,4,20,11193
7084,Honda,Model B,2022,,Petrol,Manual,12,1,20933
7085,Honda,Model C,2024,32233,Petrol,Manual,11,20,17654
7086,Hyundai,Model C,2001,250000,Petrol,Manual,5,10,500
7087,Mercedes,Model A,2024,,Petrol,Automatic,5,30,24860
7088,BMW,Model B,2023,26610,Petrol,Manual,7,30,24460
7089,Toyota,Model B,2020,48171,Petrol,Automatic,2,10,13822
7090,Fiat,Model C,2008,235151,Petrol,Automatic,9,1,500
7091,Fiat,Model B,2009,186979,Petrol,Automatic,8,30,3462
7092,Ford,Model B,2025,0,Petrol,Automatic,4,1,25825
7093,Fiat,Model B,2024,9153,Petrol,Automatic,8,1,18047
7094,Hyundai,Model B,2012,141274,Petrol,Automatic,2,10,1599
7095,Audi,Model C,2020,67892,Petrol,Manual,12,20,9352
7096,Mercedes,Model C,2023,14914,Petrol,Manual,1,1,16466
7097,Toyota,Model C,2025,0,Petrol,Automatic,5,1,30195
7098,Audi,Model A,2004,250000,Petrol,Manual,12,20,2627
7099,Ford,Model A,2017,105355,Petrol,Manual,5,20,500
7100,Ford,Model A,2025,233,Petrol,Manual,12,30,19527
7101,Ford,Model A,2000,250000,Diesel,Manual,2,20,500
7102,Mercedes,Model A,2016,108183,Petrol,Automatic,1,20,5620
7103,Hyundai,Model C,2025,0,Petrol,Automatic,2,20,21101
7104,Honda,Model A,2023,23962,Hybrid,Automatic,12,10,19942
7105,Honda,Model A,2018,91362,Petrol,Manual,2,1,5903
7106,Dacia,Model B,2006,226107,Diesel,Manual,9,10,500
7107,Toyota,Model A,2002,250000,Petrol,Automatic,6,1,2612
7108,Toyota,Model C,2018,71449,Diesel,Manual,11,30,7737
7109,VW,Model A,2025,0,Petrol,Automatic,4,30,22451
7110,Fiat,Model B,2021,36985,Petrol,Manual,1,10,9272
7111,Mercedes,Model C,2025,0,Petrol,Automatic,10,30,29117
7112,VW,Model C,2025,19307,Diesel,Manual,8,1,24778
7113,Fiat,Model B,2021,58890,Diesel,Automatic,6,1,10275
7114,Toyota,Model C,2016,91846,Petrol,Automatic,5,30,8860
7115,Toyota,Model C,2022,42562,Diesel,Manual,12,1,11483
7116,VW,Model C,2025,0,Petrol,Automatic,2,20,26548
7117,Audi,Model B,2025,0,Petrol,Manual,2,10,28253
7118,Toyota,Model A,2006,205713,Petrol,Automatic,1,20,500
7119,Fiat,Model B,2024,26578,Petrol,Manual,1,20,17088
7120,Ford,Model C,2023,3542,Diesel,Manual,11,10,16710
7121,BMW,Model B,2025,0,Petrol,Automatic,10,30,31461
7122,Toyota,Model B,2012,141805,Hybrid,Manual,2,30,3724
7123,Ford,Model A,2022,47637,Diesel,Automatic,10,30,18043
7124,Honda,Model B,2025,0,Petrol,Manual,9,30,22012
7125,VW,Model A,2021,45983,Diesel,Automatic,5,1,13691
7126,Hyundai,Model A,2022,,Diesel,Automatic,2,20,13141
7127,Honda,Model C,2007,220538,Hybrid,Manual,8,30,500
7128,Dacia,Model A,2019,72195,Petrol,Automatic,11,1,9246
7129,Fiat,Model B,2020,59350,Diesel,Automatic,6,30,8218
7130,BMW,Model B,2025,0,Petrol,Automatic,6,10,31457
7131,Audi,Model A,2019,48379,Petrol,Manual,11,10,8580
7132,Toyota,Model A,2022,19221,Petrol,Automatic,3,30,13031
7133,Mercedes,Model B,2024,22777,Hybrid,Automatic,3,10,29937
7134,Toyota,Model B,2015,115412,Petrol,Automatic,9,1,5184
7135,Toyota,Model C,2022,26039,Petrol,Automatic,9,20,15859
7136,BMW,Model A,2025,,Petrol,Manual,12,1,28929
7137,Mercedes,Model A,2025,0,Petrol,Manual,5,1,28534
7138,BMW,Model C,2024,1451,Petrol,Manual,3,30,23522
7139,BMW,Model C,2024,25320,Petrol,Automatic,6,30,25659
7140,Honda,Model C,2012,147643,Petrol,Automatic,5,30,500
7141,Toyota,Model A,2025,6007,Petrol,Manual,12,1,21319
7142,Dacia,Model A,2013,134954,Petrol,Manual,12,30,500
7143,Mercedes,Model B,2025,,Petrol,Manual,6,20,21780
7144,Fiat,Model A,2018,78723,Diesel,Automatic,6,20,3889
7145,BMW,Model C,2025,0,Petrol,Manual,6,30,30508
7146,Ford,Model B,2025,0,Petrol,Automatic,10,20,25218
7147,Audi,Model A,2025,27510,Petrol,Manual,7,20,27542
7148,Hyundai,Model A,2017,122848,Diesel,Manual,4,1,4039
7149,BMW,Model B,2021,55297,Petrol,Manual,10,1,15237
7150,Dacia,Model B,2023,21944,Petrol,Automatic,12,10,16066
7151,BMW,Model C,2025,4558,Petrol,Automatic,9,10,30610
7152,Audi,Model A,2010,184752,Diesel,Automatic,3,10,7161
7153,Honda,Model C,2025,0,Hybrid,Automatic,10,10,25873
7154,Hyundai,Model A,2025,6614,Petrol,Automatic,12,10,25726
7155,Dacia,Model A,2019,75123,Diesel,Manual,9,30,6420
7156,Toyota,Model B,2025,0,Petrol,Automatic,4,20,25259
7157,Hyundai,Model A,2022,18071,Petrol,Automatic,1,20,17083
7158,VW,Model A,2022,29099,Petrol,Automatic,5,1,11267
7159,Ford,Model C,2020,71992,Hybrid,Manual,6,1,10241
7160,VW,Model A,2023,23528,Diesel,Manual,12,10,13642
7161,BMW,Model B,2025,4504,Petrol,Manual,8,30,33959
7162,Honda,Model C,2021,43754,Petrol,Automatic,4,20,14009
7163,Hyundai,Model A,2024,0,Petrol,Manual,9,10,21918
7164,Honda,Model A,2024,8420,Petrol,Automatic,2,1,24425
7165,Fiat,Model A,2025,0,Petrol,Manual,3,30,18249
7166,Hyundai,Model C,2005,223705,Diesel,Manual,10,1,1696
7167,Fiat,Model C,2025,18084,Petrol,Manual,4,30,19252
7168,Mercedes,Model B,2021,41698,Diesel,Automatic,1,30,18160
7169,Audi,Model A,2018,72877,Petrol,Automatic,7,1,6646
7170,BMW,Model B,2018,108269,Petrol,Manual,9,30,6354
7171,Dacia,Model A,2022,48224,Hybrid,Manual,10,20,7647
7172,Audi,Model A,2025,0,Hybrid,Automatic,4,10,34116
7173,Toyota,Model A,2020,66414,Petrol,Automatic,6,1,14563
7174,Audi,Model A,2025,0,Petrol,Automatic,7,30,38176
7175,BMW,Model A,2009,181609,Petrol,Automatic,1,20,2519
7176,Audi,Model B,2022,43120,Petrol,Manual,3,20,16032
7177,BMW,Model C,2025,0,Diesel,Manual,5,10,23050
7178,Toyota,Model B,2025,1132,Diesel,Automatic,4,30,29326
7179,Dacia,Model B,2017,111320,Diesel,Manual,6,20,1376
7180,VW,Model B,2022,49668,Petrol,Automatic,9,1,13675
7181,VW,Model B,2017,87748,Diesel,Automatic,7,10,7706
7182,Honda,Model A,2021,55290,Petrol,Automatic,10,1,14166
7183,Hyundai,Model C,2025,0,Petrol,Automatic,8,1,25304
7184,Fiat,Model A,2025,6756,Petrol,Manual,4,20,17771
7185,Dacia,Model A,2017,98227,Petrol,Automatic,2,30,500
7186,BMW,Model C,2025,5684,Petrol,Automatic,8,20,31881
7187,Fiat,Model A,2023,19538,Diesel,Automatic,3,30,14250
7188,Audi,Model B,2020,91261,Petrol,Manual,4,20,15647
7189,Toyota,Model A,2022,22480,Petrol,Manual,10,1,14841
7190,Toyota,Model B,2023,38573,Diesel,Manual,3,10,12008
7191,VW,Model C,2023,8524,Petrol,Automatic,7,30,18747
7192,Ford,Model B,2022,43565,Hybrid,Automatic,2,20,15689
7193,Mercedes,Model A,2022,44636,Petrol,Automatic,6,30,22187
7194,Hyundai,Model A,2015,120824,Diesel,Automatic,12,10,2839
7195,Honda,Model B,2025,0,Hybrid,Automatic,12,1,22136
7196,BMW,Model C,2023,26117,Hybrid,Automatic,12,1,25861
7197,Toyota,Model A,2013,148005,Diesel,Automatic,8,10,500
7198,Honda,Model C,2025,26849,Diesel,Manual,4,20,26775
7199,BMW,Model A,2025,0,Petrol,Manual,5,30,31041
7200,Mercedes,Model A,2025,0,Petrol,Manual,3,30,21342
7201,Dacia,Model C,2020,64271,Petrol,Automatic,2,20,10673
7202,Fiat,Model C,2013,140159,Diesel,Automatic,3,30,500
7203,Mercedes,Model C,2022,34499,Diesel,Automatic,6,1,20162
7204,Ford,Model A,2011,184055,Diesel,Manual,1,1,500
7205,Toyota,Model A,2025,0,Petrol,Automatic,12,1,27887
7206,Honda,Model A,2016,99030,Petrol,Automatic,8,10,7866
7207,Honda,Model B,2018,57864,Hybrid,Automatic,3,30,8232
7208,BMW,Model A,2021,30062,Petrol,Automatic,6,20,16491
7209,Toyota,Model B,2021,84069,Petrol,Automatic,5,30,15726
7210,Mercedes,Model A,2025,8972,Hybrid,Manual,11,20,27847
7211,Honda,Model B,2021,62273,Petrol,Automatic,2,10,17080
7212,Fiat,Model A,2015,118792,Petrol,Automatic,6,30,2324
7213,Dacia,Model B,2018,95380,Diesel,Automatic,9,1,5491
7214,Dacia,Model B,2022,9501,Diesel,Automatic,5,30,15466
7215,Dacia,Model A,2014,147574,Petrol,Automatic,5,10,500
7216,BMW,Model C,2023,11702,Petrol,Automatic,5,30,21411
7217,VW,Model A,2023,16030,Diesel,Manual,10,20,16571
7218,Audi,Model C,2025,7577,Diesel,Automatic,2,30,30345
7219,Fiat,Model C,2025,4746,Petrol,Automatic,11,30,20914
7220,Hyundai,Model B,2025,1269,Diesel,Automatic,1,10,31159
7221,Toyota,Model C,2025,0,Petrol,Manual,4,30,24733
7222,Honda,Model A,2018,85497,Petrol,Manual,5,20,10689
7223,Audi,Model B,2013,158408,Hybrid,Manual,5,10,7407
7224,Toyota,Model B,2020,52012,Petrol,Manual,3,10,9676
7225,Dacia,Model B,2025,19724,Petrol,Automatic,8,30,20269
7226,Fiat,Model A,2025,0,Petrol,Manual,6,1,18325
7227,Mercedes,Model A,2025,98,Petrol,Automatic,8,10,30354
7228,Audi,Model B,2011,191029,Hybrid,Automatic,8,20,4289
7229,Mercedes,Model C,2025,0,Petrol,Manual,3,30,28020
7230,Dacia,Model C,2021,63809,Petrol,Manual,12,10,3770
7231,Fiat,Model C,2000,250000,Diesel,Automatic,11,1,771
7232,Ford,Model B,2021,50565,Petrol,Manual,11,20,6394
7233,VW,Model A,2004,244094,Diesel,Automatic,7,10,500
7234,VW,Model A,2023,12408,Petrol,Automatic,11,10,20865
7235,Audi,Model C,2020,79569,Petrol,Automatic,8,20,11720
7236,Dacia,Model C,2022,,Hybrid,Automatic,6,10,16783
7237,Honda,Model C,2023,45739,Petrol,Manual,10,20,14120
7238,BMW,Model C,2025,0,Diesel,Manual,8,20,31259
7239,Toyota,Model A,2024,27567,Diesel,Automatic,1,1,23902
7240,Ford,Model A,2021,47267,Petrol,Manual,12,1,9777
7241,Toyota,Model A,2025,0,Petrol,Manual,6,20,23721
7242,VW,Model B,2025,16862,Diesel,Manual,8,20,22854
7243,Fiat,Model A,2011,192508,Petrol,Automatic,6,1,500
7244,Hyundai,Model C,2022,20690,Petrol,Manual,2,10,14143
7245,Ford,Model A,2019,56408,Diesel,Automatic,11,30,6424
7246,Honda,Model C,2004,250000,Diesel,Manual,9,1,500
7247,Audi,Model A,2024,26341,Petrol,Manual,11,20,18978
7248,Honda,Model C,2025,0,Petrol,Automatic,7,1,30349
7249,Toyota,Model A,2015,123405,Petrol,Automatic,10,20,5442
7250,Dacia,Model C,2025,0,Petrol,Automatic,10,1,20021
7251,Fiat,Model B,2025,10512,Hybrid,Manual,5,1,23368
7252,Mercedes,Model B,2025,0,Diesel,Automatic,1,20,30013
7253,Hyundai,Model B,2018,95577,Petrol,Manual,11,30,4991
7254,VW,Model A,2025,0,Diesel,Manual,3,10,23911
7255,Dacia,Model C,2020,45942,Diesel,Automatic,11,10,5165
7256,Honda,Model A,2023,24955,Diesel,Manual,8,1,15573
7257,VW,Model A,2005,210930,Petrol,Automatic,8,1,817
7258,Honda,Model A,2004,243613,Diesel,Automatic,4,20,500
7259,BMW,Model A,2025,5061,Diesel,Automatic,6,20,26737
7260,BMW,Model A,2021,21423,Diesel,Manual,4,20,16249
7261,Mercedes,Model B,2018,45432,Petrol,Manual,3,10,7355
7262,Toyota,Model C,2016,72909,Diesel,Manual,10,30,5555
7263,Audi,Model C,2024,31906,Diesel,Automatic,2,30,12629
7264,VW,Model B,2000,250000,Petrol,Automatic,7,10,3688
7265,VW,Model C,2025,0,Petrol,Manual,7,20,25401
7266,Dacia,Model C,2007,230177,Diesel,Automatic,12,1,500
7267,Toyota,Model A,2016,101933,Petrol,Manual,11,10,500
7268,Dacia,Model A,2021,52026,Petrol,Automatic,7,20,9055
7269,Ford,Model A,2022,36386,Petrol,Automatic,11,20,18357
7270,Honda,Model A,2020,52935,Petrol,Automatic,10,1,6109
7271,VW,Model B,2020,,Hybrid,Manual,1,10,11965
7272,VW,Model A,2025,11598,Diesel,Automatic,12,20,30232
7273,Mercedes,Model C,2024,9226,Petrol,Automatic,9,1,24525
7274,Hyundai,Model A,2002,250000,Petrol,Automatic,9,1,500
7275,VW,Model C,2021,42862,Petrol,Automatic,9,1,18877
7276,Dacia,Model C,2025,0,Petrol,Manual,3,20,19148
7277,Fiat,Model A,2020,64245,Petrol,Automatic,1,1,8820
7278,VW,Model A,2009,173863,Diesel,Automatic,3,30,3745
7279,VW,Model B,2025,9445,Diesel,Automatic,10,10,22338
7280,Dacia,Model C,2023,22643,Diesel,Automatic,8,20,17888
7281,Dacia,Model A,2023,25576,Diesel,Automatic,5,10,16021
7282,Hyundai,Model B,2005,250000,Diesel,Automatic,4,20,500
7283,Hyundai,Model C,2014,118102,Petrol,Manual,10,20,1330
7284,Mercedes,Model A,2024,17538,Hybrid,Automatic,6,10,23871
7285,Hyundai,Model C,2016,112014,Diesel,Manual,8,1,3809
7286,Audi,Model C,2022,33228,Petrol,Manual,1,30,15514
7287,Ford,Model C,2023,10077,Diesel,Manual,6,20,19090
7288,Toyota,Model B,2019,80928,Petrol,Automatic,1,1,11883
7289,Toyota,Model A,2025,10551,Hybrid,Manual,10,1,24540
7290,Toyota,Model A,2025,1704,Petrol,Manual,4,10,24490
7291,Fiat,Model A,2025,0,Petrol,Automatic,3,30,18733
7292,Hyundai,Model C,2007,208088,Petrol,Manual,12,30,500
7293,Honda,Model B,2010,179095,Diesel,Automatic,1,30,1043
7294,VW,Model A,2022,46327,Hybrid,Automatic,3,20,16091
7295,Dacia,Model A,2015,96247,Petrol,Manual,4,20,3352
7296,Toyota,Model B,2025,0,Diesel,Manual,11,10,24316
7297,Ford,Model B,2015,113959,Petrol,Manual,9,30,1273
7298,Honda,Model A,2022,34751,Petrol,Manual,12,1,12114
7299,Dacia,Model B,2020,40480,Petrol,Automatic,9,30,14406
7300,Toyota,Model B,2024,8737,Petrol,Automatic,3,1,26582
7301,Dacia,Model B,2012,151342,Petrol,Manual,3,10,4538
7302,Toyota,Model C,2021,32436,Diesel,Automatic,10,10,16511
7303,Mercedes,Model B,2019,70230,Petrol,Automatic,12,20,6228
7304,Mercedes,Model C,2025,0,Petrol,Automatic,12,1,32028
7305,Toyota,Model A,2004,250000,Petrol,Automatic,10,1,2106
7306,Ford,Model C,2025,0,Petrol,Automatic,10,30,25534
7307,Honda,Model C,2025,404,Petrol,Automatic,9,1,26022
7308,Toyota,Model A,2019,59874,Petrol,Automatic,10,20,8114
7309,Ford,Model C,2025,0,Petrol,Automatic,2,30,29954
7310,Hyundai,Model A,2003,250000,Diesel,Automatic,5,30,941
7311,Hyundai,Model C,2025,3520,Petrol,Automatic,6,1,26896
7312,VW,Model B,2022,29744,Diesel,Manual,9,20,16691
7313,Dacia,Model C,2020,55958,Petrol,Manual,6,1,7548
7314,Ford,Model C,2020,38195,Petrol,Automatic,5,1,10387
7315,BMW,Model B,2006,249041,Diesel,Manual,8,20,500
7316,Toyota,Model C,2025,10311,Petrol,Automatic,5,10,31451
7317,Toyota,Model A,2003,250000,Hybrid,Automatic,1,1,500
7318,Honda,Model A,2024,0,Petrol,Automatic,12,20,22395
7319,Fiat,Model C,2021,39067,Petrol,Manual,12,10,10369
7320,Hyundai,Model A,2025,0,Petrol,Automatic,1,10,27468
7321,Audi,Model C,2018,55034,Petrol,Automatic,7,30,10739
7322,Honda,Model A,2022,49349,Petrol,Manual,9,20,18424
7323,VW,Model B,2022,57808,Hybrid,Manual,8,20,8653
7324,Dacia,Model B,2025,30929,Petrol,Automatic,5,20,17099
7325,BMW,Model B,2006,212311,Petrol,Manual,11,30,1824
7326,Honda,Model C,2016,109759,Hybrid,Automatic,8,1,7834
7327,Dacia,Model B,2017,115842,Petrol,Manual,3,20,4615
7328,Dacia,Model A,2025,0,Petrol,Automatic,8,1,17308
7329,Toyota,Model C,2016,,Hybrid,Automatic,4,1,7205
7330,BMW,Model B,2023,0,Diesel,Manual,8,1,17923
7331,Ford,Model A,2017,112989,Hybrid,Manual,10,1,5676
7332,Fiat,Model C,2025,0,Petrol,Manual,4,30,20057
7333,Toyota,Model B,2025,,Petrol,Automatic,4,1,26982
7334,Dacia,Model C,2022,40257,Petrol,Manual,10,1,6654
7335,Toyota,Model C,2020,62295,Diesel,Manual,7,20,12011
7336,Ford,Model A,2017,98523,Hybrid,Automatic,2,1,4378
7337,VW,Model C,2004,74623,Petrol,Manual,7,30,5040
7338,Toyota,Model A,2018,108335,Petrol,Automatic,9,30,5407
7339,Toyota,Model C,2024,9995,Petrol,Automatic,7,10,19690
7340,Honda,Model C,2022,60289,Petrol,Automatic,8,10,23380
7341,Hyundai,Model A,2025,8461,Petrol,Automatic,5,30,23882
7342,Mercedes,Model A,2021,53267,Petrol,Automatic,11,30,19221
7343,Ford,Model C,2024,10300,Petrol,Automatic,3,20,22812
7344,VW,Model B,2022,50609,Hybrid,Manual,4,20,16420
7345,Ford,Model C,2022,11308,Petrol,Automatic,10,20,18254
7346,Dacia,Model C,2018,70018,Petrol,Manual,1,1,4312
7347,Ford,Model C,2021,33517,Petrol,Automatic,12,1,13895
7348,Ford,Model A,2022,42337,Petrol,Automatic,8,30,12446
7349,Ford,Model A,2025,0,Petrol,Automatic,11,10,23426
7350,VW,Model A,2025,0,Diesel,Automatic,8,30,23810
7351,Mercedes,Model A,2020,75857,Hybrid,Automatic,10,1,13674
7352,Fiat,Model C,2004,250000,Petrol,Automatic,6,30,3104
7353,BMW,Model A,2022,25167,Diesel,Automatic,8,30,23392
7354,Ford,Model A,2023,45149,Petrol,Manual,9,20,17233
7355,Ford,Model A,2015,128218,Diesel,Automatic,12,10,1749
7356,Audi,Model C,2025,15266,Petrol,Automatic,1,20,31640
7357,BMW,Model B,2025,0,Petrol,Automatic,2,10,29675
7358,Mercedes,Model C,2025,4962,Petrol,Automatic,9,1,32190
7359,Audi,Model A,2016,120632,Diesel,Automatic,5,1,1611
7360,Fiat,Model C,2025,25504,Petrol,Automatic,9,30,20626
7361,Fiat,Model B,2025,0,Petrol,Automatic,3,10,20176
7362,BMW,Model C,2021,66091,Diesel,Manual,8,1,13197
7363,Toyota,Model B,2023,48665,Petrol,Manual,6,20,19295
7364,Fiat,Model A,2025,0,Diesel,Automatic,2,1,18483
7365,Audi,Model A,2022,43178,Petrol,Automatic,12,30,20548
7366,Dacia,Model C,2020,69264,Diesel,Manual,10,30,11875
7367,Audi,Model A,2022,31094,Petrol,Manual,10,30,20253
7368,VW,Model A,2023,16648,Diesel,Manual,9,1,21397
7369,Toyota,Model A,2016,118017,Petrol,Automatic,1,10,6168
7370,Mercedes,Model A,2025,0,Diesel,Manual,7,30,26251
7371,Audi,Model B,2024,8741,Petrol,Manual,10,30,27912
7372,VW,Model A,2024,24186,Petrol,Manual,3,30,20225
7373,Toyota,Model C,2009,218310,Petrol,Manual,8,20,1037
7374,Ford,Model C,2023,32069,Petrol,Manual,12,10,16600
7375,Audi,Model B,2012,158002,Petrol,Automatic,10,1,3099
7376,Honda,Model C,2007,208254,Diesel,Manual,7,1,500
7377,Honda,Model B,2022,20840,Diesel,Manual,4,30,15241
7378,Toyota,Model B,2021,64643,Petrol,Manual,8,1,6050
7379,Mercedes,Model B,2023,21698,Petrol,Manual,9,30,24675
7380,Honda,Model A,2008,221260,Hybrid,Automatic,8,30,3234
7381,VW,Model C,2021,43056,Hybrid,Automatic,10,30,15342
7382,Dacia,Model A,2015,110260,Petrol,Automatic,4,30,1007
7383,Hyundai,Model B,2025,6311,Petrol,Manual,7,30,22649
7384,Mercedes,Model C,2023,22851,Petrol,Automatic,7,30,25873
7385,Audi,Model A,2024,0,Diesel,Automatic,2,20,26169
7386,BMW,Model C,2020,87260,Petrol,Automatic,3,20,7280
7387,Mercedes,Model C,2009,182595,Hybrid,Automatic,4,10,2814
7388,Audi,Model C,2025,13913,Petrol,Automatic,1,20,37807
7389,Mercedes,Model A,2019,84627,Petrol,Manual,3,10,14542
7390,Audi,Model B,2021,29108,Diesel,Automatic,7,1,20810
7391,Audi,Model B,2024,0,Petrol,Manual,7,1,22066
7392,Toyota,Model B,2002,250000,Petrol,Manual,4,10,1055
7393,Mercedes,Model B,2025,0,Petrol,Automatic,12,1,31251
7394,Audi,Model A,2022,61896,Petrol,Automatic,6,20,19098
7395,VW,Model C,2019,68997,Hybrid,Manual,8,30,4898
7396,Audi,Model C,2006,241346,Petrol,Automatic,1,1,500
7397,Mercedes,Model B,2015,127704,Petrol,Automatic,5,1,2272
7398,BMW,Model C,2025,3960,Petrol,Manual,7,1,28252
7399,Honda,Model A,2024,12604,Petrol,Manual,4,1,14843
7400,Hyundai,Model B,2018,102556,Petrol,Automatic,3,10,7103
7401,BMW,Model A,2006,215623,Petrol,Manual,3,20,500
7402,Honda,Model A,2024,37895,Petrol,Automatic,6,20,23353
7403,VW,Model B,2023,4691,Petrol,Automatic,1,20,22490
7404,Ford,Model B,2021,59722,Petrol,Automatic,3,1,12348
7405,Fiat,Model A,2020,38922,Petrol,Automatic,9,10,9415
7406,Fiat,Model A,2017,91264,Petrol,Automatic,3,30,2391
7407,BMW,Model C,2024,13399,Diesel,Automatic,2,1,25342
7408,Toyota,Model B,2025,0,Diesel,Automatic,2,30,29217
7409,VW,Model B,2015,117274,Diesel,Manual,12,1,500
7410,Dacia,Model C,2023,3195,Petrol,Manual,2,30,12216
7411,Hyundai,Model C,2021,33188,Diesel,Automatic,6,20,14363
7412,Mercedes,Model C,2021,55473,Petrol,Automatic,7,10,14559
7413,Audi,Model A,2018,84445,Petrol,Automatic,12,1,12906
7414,Hyundai,Model C,2025,0,Petrol,Manual,12,20,22456
7415,Honda,Model B,2022,55864,Petrol,Manual,3,30,12046
7416,Honda,Model C,2023,5701,Petrol,Automatic,2,1,14717
7417,Ford,Model C,2020,54576,Petrol,Automatic,6,30,14436
7418,Mercedes,Model C,2016,100415,Hybrid,Manual,2,30,4711
7419,Fiat,Model B,2008,213225,Petrol,Automatic,11,10,500
7420,Fiat,Model B,2025,722,Petrol,Manual,9,30,21613
7421,Honda,Model C,2016,31913,Petrol,Manual,12,30,4264
7422,Ford,Model A,2024,0,Petrol,Manual,8,30,19882
7423,VW,Model A,2021,60975,Petrol,Automatic,5,1,20890
7424,Mercedes,Model A,2021,44732,Petrol,Manual,7,1,16711
7425,Mercedes,Model A,2022,37734,Petrol,Automatic,3,10,17929
7426,BMW,Model A,2020,48771,Diesel,Manual,6,20,10506
7427,Fiat,Model B,2010,166412,Petrol,Manual,12,30,500
7428,Toyota,Model B,2020,82489,Petrol,Automatic,9,20,8349
7429,BMW,Model A,2024,0,Hybrid,Automatic,1,10,24927
7430,Honda,Model B,2024,0,Petrol,Automatic,10,20,23770
7431,BMW,Model A,2019,94207,Petrol,Automatic,2,20,8670
7432,BMW,Model C,2022,45611,Petrol,Manual,5,1,15235
7433,Honda,Model A,2016,103118,Petrol,Manual,10,20,10794
7434,Honda,Model B,2017,114698,Petrol,Automatic,2,10,1842
7435,Ford,Model C,2002,250000,Diesel,Automatic,4,10,500
7436,VW,Model A,2025,3489,Petrol,Automatic,3,20,22772
7437,VW,Model C,2017,99383,Petrol,Automatic,11,30,4164
7438,Honda,Model A,2017,102978,Hybrid,Manual,2,1,4335
7439,Ford,Model A,2019,79585,Diesel,Automatic,7,1,6263
7440,Toyota,Model B,2012,188939,Petrol,Manual,4,30,500
7441,Honda,Model C,2024,9076,Petrol,Manual,7,1,20395
7442,Toyota,Model C,2007,213539,Diesel,Manual,3,10,2497
7443,Toyota,Model C,2013,125446,Diesel,Automatic,10,1,3666
7444,Audi,Model A,2024,11221,Petrol,Manual,9,10,30565
7445,BMW,Model C,2020,87943,Petrol,Manual,1,30,12246
7446,Honda,Model A,2025,14767,Petrol,Manual,12,10,26556
7447,Honda,Model B,2023,15844,Petrol,Automatic,12,20,19608
7448,Toyota,Model B,2018,84450,Hybrid,Automatic,4,1,11255
7449,Dacia,Model A,2024,0,Petrol,Manual,4,30,12507
7450,Ford,Model B,2011,153463,Petrol,Automatic,7,30,500
7451,Fiat,Model C,2022,38241,Petrol,Automatic,8,1,10970
7452,Ford,Model A,2021,40583,Petrol,Automatic,4,20,12461
7453,Mercedes,Model C,2018,68331,Petrol,Automatic,10,10,6810
7454,Dacia,Model A,2023,31347,Petrol,Automatic,1,10,14161
7455,Fiat,Model B,2025,0,Diesel,Automatic,5,20,24839
7456,Honda,Model C,2025,0,Diesel,Automatic,7,1,24650
7457,Audi,Model B,2023,0,Petrol,Automatic,10,30,24067
7458,Audi,Model B,2021,39449,Diesel,Manual,11,30,12674
7459,Hyundai,Model C,2017,72176,Petrol,Automatic,4,20,5148
7460,BMW,Model B,2018,55966,Petrol,Manual,4,1,5582
7461,Ford,Model B,2022,52934,Hybrid,Automatic,5,20,12238
7462,Ford,Model C,2020,58534,Petrol,Manual,6,1,9605
7463,Mercedes,Model C,2025,0,Petrol,Automatic,11,20,27579
7464,VW,Model A,2020,57173,Petrol,Automatic,1,30,11671
7465,VW,Model C,2020,42932,Hybrid,Manual,9,1,7942
7466,Toyota,Model A,2021,54164,Petrol,Automatic,3,30,12254
7467,Honda,Model C,2025,0,Petrol,Automatic,12,20,28036
7468,Hyundai,Model C,2024,638,Petrol,Automatic,4,1,22047
7469,Honda,Model C,2023,,Petrol,Automatic,7,10,22522
7470,Ford,Model B,2020,41588,Petrol,Manual,5,20,8614
7471,Toyota,Model A,2025,0,Petrol,Manual,6,20,24278
7472,Mercedes,Model C,2003,250000,Petrol,Automatic,7,10,5233
7473,Dacia,Model C,2025,0,Petrol,Automatic,10,1,20799
7474,Honda,Model A,2022,36827,Diesel,Automatic,2,1,18240
7475,Toyota,Model B,2021,46822,Petrol,Automatic,5,1,13370
7476,VW,Model C,2022,39461,Petrol,Automatic,8,30,16938
7477,Ford,Model A,2024,26146,Petrol,Manual,8,1,22982
7478,Audi,Model C,2001,250000,Petrol,Automatic,10,30,1003
7479,Fiat,Model C,2025,14318,Petrol,Manual,12,20,19809
7480,BMW,Model B,2021,35283,Diesel,Automatic,2,20,11282
7481,Ford,Model B,2020,52370,Hybrid,Manual,9,10,9697
7482,Honda,Model A,2013,153803,Petrol,Manual,4,10,4812
7483,Toyota,Model C,2021,58072,Diesel,Automatic,7,30,9274
7484,Hyundai,Model B,2022,25820,Diesel,Manual,8,10,12290
7485,VW,Model C,2021,57173,Hybrid,Automatic,2,10,17110
7486,Hyundai,Model A,2024,0,Diesel,Automatic,5,30,23451
7487,Toyota,Model A,2021,55215,Petrol,Automatic,12,20,12522
7488,Dacia,Model A,2025,0,Petrol,Automatic,2,20,23757
7489,Toyota,Model B,2023,3233,Diesel,Automatic,2,10,20705
7490,Honda,Model A,2025,0,Petrol,Automatic,11,1,27644
7491,Dacia,Model B,2010,212734,Petrol,Automatic,6,30,500
7492,BMW,Model B,2021,51041,Petrol,Automatic,9,10,17142
7493,Mercedes,Model B,2020,94506,Hybrid,Manual,4,1,16647
7494,Dacia,Model B,2023,2341,Petrol,Manual,3,30,12675
7495,Dacia,Model A,2025,11261,Petrol,Automatic,3,30,22045
7496,Hyundai,Model B,2007,177984,Petrol,Manual,3,10,500
7497,Honda,Model A,2007,215996,Petrol,Manual,4,20,2469
7498,Honda,Model B,2025,9468,Petrol,Automatic,3,30,24698
7499,Audi,Model C,2017,108568,Diesel,Automatic,11,20,1891
7500,Honda,Model B,2024,,Hybrid,Manual,7,1,18697
7501,Honda,Model C,2023,39586,Hybrid,Manual,4,10,17052
7502,BMW,Model A,2025,,Petrol,Manual,5,30,32271
7503,Honda,Model C,2012,153538,Petrol,Automatic,12,30,500
7504,Honda,Model A,2012,149500,Hybrid,Manual,3,30,5824
7505,VW,Model A,2023,6954,Diesel,Automatic,12,10,20770
7506,Honda,Model C,2025,23545,Diesel,Manual,10,10,24018
7507,Fiat,Model C,2021,,Petrol,Manual,8,10,9667
7508,Toyota,Model B,2020,76309,Petrol,Automatic,8,1,13803
7509,Toyota,Model A,2023,39670,Diesel,Manual,6,30,16917
7510,Ford,Model A,2025,0,Petrol,Manual,6,20,28368
7511,Audi,Model C,2025,18241,Petrol,Automatic,10,10,31555
7512,Toyota,Model B,2025,7551,Diesel,Automatic,11,30,28045
7513,VW,Model A,2002,250000,Diesel,Manual,8,10,500
7514,Toyota,Model B,2011,174732,Petrol,Manual,10,10,3591
7515,Fiat,Model B,2023,8655,Petrol,Manual,11,1,12942
7516,Ford,Model B,2025,24096,Diesel,Automatic,5,1,27201
7517,Mercedes,Model A,2019,84206,Petrol,Automatic,8,20,8146
7518,Honda,Model B,2017,94932,Hybrid,Automatic,6,30,3813
7519,Hyundai,Model B,2025,18972,Diesel,Manual,2,20,19812
7520,Ford,Model C,2005,216270,Diesel,Manual,9,20,500
7521,Fiat,Model C,2020,48759,Petrol,Manual,8,20,11528
7522,VW,Model B,2022,32213,Petrol,Manual,2,10,14364
7523,BMW,Model B,2023,57535,Petrol,Automatic,1,1,23570
7524,Mercedes,Model A,2025,0,Petrol,Automatic,4,30,26779
7525,Ford,Model B,2020,34390,Petrol,Manual,11,1,8964
7526,Audi,Model A,2023,2334,Petrol,Manual,1,1,18713
7527,Ford,Model B,2023,37593,Petrol,Automatic,6,20,17618
7528,Hyundai,Model C,2023,15087,Petrol,Automatic,3,10,16581
7529,Ford,Model A,2024,9613,Petrol,Automatic,4,10,18685
7530,Toyota,Model B,2018,95442,Petrol,Automatic,10,20,6707
7531,Ford,Model B,2008,201628,Petrol,Automatic,11,1,500
7532,Mercedes,Model A,2011,171062,Hybrid,Automatic,8,1,4667
7533,VW,Model C,2017,104028,Petrol,Manual,11,30,8813
7534,VW,Model B,2022,29539,Petrol,Automatic,11,20,21706
7535,Honda,Model A,2025,0,Petrol,Manual,3,1,21844
7536,Audi,Model A,2025,3629,Petrol,Automatic,9,1,28627
7537,Hyundai,Model B,2025,13022,Petrol,Automatic,10,1,24125
7538,Honda,Model B,2020,48114,Petrol,Automatic,8,1,14529
7539,BMW,Model C,2021,2691,Hybrid,Automatic,11,20,22402
7540,Fiat,Model B,2021,,Petrol,Automatic,8,30,13869
7541,Hyundai,Model C,2016,121915,Diesel,Automatic,4,30,4382
7542,Ford,Model A,2006,231000,Hybrid,Automatic,9,20,500
7543,Honda,Model B,2023,28024,Petrol,Automatic,8,30,24152
7544,Dacia,Model B,2025,0,Petrol,Automatic,8,1,18357
7545,Hyundai,Model C,2015,127502,Petrol,Automatic,2,20,1467
7546,Honda,Model B,2004,250000,Diesel,Manual,2,10,500
7547,VW,Model C,2025,847,Petrol,Manual,11,20,26559
7548,Toyota,Model B,2018,121368,Petrol,Automatic,6,20,2754
7549,Mercedes,Model B,2025,0,Diesel,Manual,3,1,30611
7550,Audi,Model B,2025,2444,Petrol,Automatic,2,30,33103
7551,Toyota,Model C,2025,0,Petrol,Automatic,4,10,30711
7552,VW,Model B,2021,61197,Petrol,Automatic,4,20,18329
7553,Mercedes,Model A,2024,0,Petrol,Manual,12,30,24206
7554,Hyundai,Model C,2022,15991,Petrol,Automatic,11,20,19883
7555,Honda,Model B,2024,2502,Petrol,Automatic,1,10,27416
7556,Toyota,Model C,2021,51987,Petrol,Automatic,10,10,21476
7557,Toyota,Model B,2016,99067,Petrol,Automatic,8,1,8008
7558,Honda,Model A,2022,27218,Hybrid,Manual,3,30,17365
7559,Toyota,Model A,2022,33286,Petrol,Manual,10,10,14455
7560,Toyota,Model C,2025,0,Petrol,Automatic,1,1,27965
7561,VW,Model A,2025,22311,Petrol,Manual,10,1,20709
7562,Ford,Model B,2024,22288,Hybrid,Manual,12,1,21735
7563,VW,Model B,2011,163131,Petrol,Manual,12,1,2828
7564,VW,Model A,2025,31455,Petrol,Automatic,10,1,26118
7565,Hyundai,Model B,2022,43374,Hybrid,Automatic,12,20,14788
7566,Audi,Model B,2025,0,Hybrid,Manual,9,10,28991
7567,Dacia,Model B,2025,3847,Petrol,Manual,9,10,20603
7568,Honda,Model B,2005,74409,Petrol,Automatic,1,10,500
7569,VW,Model B,2025,0,Hybrid,Automatic,3,30,25177
7570,VW,Model B,2003,248212,Petrol,Automatic,10,10,758
7571,Ford,Model A,2020,61296,Petrol,Automatic,12,20,11058
7572,Dacia,Model B,2023,18596,Diesel,Automatic,9,1,12015
7573,Audi,Model A,2014,154186,Petrol,Automatic,8,30,7202
7574,Toyota,Model C,2025,11117,Petrol,Automatic,3,20,30355
7575,Mercedes,Model A,2000,250000,Petrol,Automatic,12,1,500
7576,Mercedes,Model C,2015,126389,Diesel,Automatic,9,10,2621
7577,VW,Model A,2023,43006,Petrol,Automatic,7,10,17315
7578,BMW,Model A,2025,0,Hybrid,Automatic,11,1,31994
7579,Fiat,Model C,2025,0,Petrol,Automatic,12,20,21343
7580,Ford,Model B,2025,0,Petrol,Automatic,5,1,21403
7581,Honda,Model B,2024,12534,Petrol,Automatic,7,1,25227
7582,Toyota,Model A,2021,47217,Petrol,Manual,2,1,10659
7583,Mercedes,Model C,2000,250000,Petrol,Manual,12,1,500
7584,Fiat,Model C,2012,151109,Petrol,Automatic,2,20,500
7585,VW,Model B,2022,41763,Petrol,Automatic,12,30,16667
7586,Toyota,Model A,2024,29009,Petrol,Automatic,3,20,22369
7587,BMW,Model C,2021,40785,Petrol,Manual,12,30,9660
7588,Toyota,Model B,2025,36575,Petrol,Automatic,6,30,31843
7589,Mercedes,Model A,2022,65410,Petrol,Manual,8,30,16940
7590,Hyundai,Model B,2007,235938,Petrol,Manual,1,20,500
7591,VW,Model A,2016,117337,Petrol,Manual,5,20,4433
7592,Honda,Model B,2025,30119,Petrol,Manual,7,1,22735
7593,Fiat,Model B,2025,0,Petrol,Manual,1,1,18318
7594,Mercedes,Model C,2025,0,Petrol,Automatic,9,1,26866
7595,Honda,Model A,2011,160110,Petrol,Manual,11,20,500
7596,VW,Model B,2025,0,Petrol,Automatic,1,20,28084
7597,BMW,Model B,2016,109827,Diesel,Automatic,7,20,11388
7598,Toyota,Model B,2001,250000,Diesel,Automatic,1,1,500
7599,Ford,Model B,2025,3012,Petrol,Manual,11,30,23707
7600,Toyota,Model C,2019,71813,Petrol,Manual,3,10,11395
7601,Honda,Model B,2024,13997,Diesel,Automatic,1,30,23252
7602,Ford,Model C,2015,146044,Hybrid,Manual,11,1,5490
7603,Toyota,Model B,2023,33300,Petrol,Automatic,6,20,21394
7604,Mercedes,Model A,2025,13837,Diesel,Automatic,2,30,34987
7605,Mercedes,Model C,2020,62861,Petrol,Automatic,9,1,7193
7606,Honda,Model A,2024,0,Petrol,Automatic,9,30,24200
7607,Mercedes,Model A,2016,80791,Petrol,Automatic,8,30,9795
7608,Fiat,Model A,2024,43242,Petrol,Manual,5,30,14553
7609,Hyundai,Model C,2020,52022,Petrol,Automatic,6,30,12050
7610,Toyota,Model B,2017,86748,Petrol,Automatic,12,20,8314
7611,Hyundai,Model A,2020,63684,Diesel,Automatic,7,30,9593
7612,Honda,Model B,2015,128256,Diesel,Manual,5,10,7298
7613,Mercedes,Model B,2025,10152,Petrol,Manual,9,1,26931
7614,Ford,Model B,2021,74616,Petrol,Manual,1,20,10005
7615,VW,Model B,2018,106511,Petrol,Automatic,4,30,6347
7616,BMW,Model C,2021,35836,Petrol,Automatic,3,1,22046
7617,Toyota,Model B,2020,74531,Hybrid,Automatic,9,1,7971
7618,BMW,Model B,2025,0,Petrol,Automatic,8,30,32945
7619,Toyota,Model C,2025,0,Petrol,Manual,10,10,26351
7620,Toyota,Model C,2021,31590,Diesel,Automatic,6,1,13587
7621,Ford,Model B,2025,0,Diesel,Manual,3,1,21661
7622,Mercedes,Model C,2023,7057,Petrol,Manual,3,20,18647
7623,BMW,Model B,2015,105660,Diesel,Automatic,12,1,500
7624,Toyota,Model B,2024,25917,Hybrid,Automatic,1,30,21318
7625,Hyundai,Model A,2022,31783,Petrol,Automatic,8,30,13251
7626,Toyota,Model A,2024,16628,Petrol,Automatic,3,20,24640
7627,Toyota,Model A,2025,20512,Petrol,Manual,3,30,23776
7628,Honda,Model B,2021,25720,Diesel,Automatic,2,1,13596
7629,Hyundai,Model C,2025,0,Petrol,Manual,12,30,15084
7630,Honda,Model B,2025,2713,Petrol,Automatic,1,1,28057
7631,BMW,Model A,2022,40687,Petrol,Automatic,2,20,25527
7632,Audi,Model B,2023,40552,Petrol,Manual,5,30,23400
7633,Mercedes,Model C,2020,73007,Diesel,Automatic,6,30,13333
7634,Honda,Model C,2025,1454,Petrol,Automatic,12,30,20967
7635,BMW,Model B,2024,16551,Diesel,Automatic,4,20,23554
7636,Toyota,Model C,2004,250000,Petrol,Automatic,10,1,5178
7637,Ford,Model C,2020,,Hybrid,Manual,9,20,12913
7638,Toyota,Model A,2024,9654,Petrol,Manual,7,30,16304
7639,VW,Model A,2005,243727,Petrol,Automatic,4,20,960
7640,Toyota,Model B,2002,250000,Diesel,Automatic,2,10,1290
7641,Dacia,Model B,2021,34134,Petrol,Automatic,3,1,9290
7642,Dacia,Model C,2020,40968,Petrol,Automatic,5,20,3545
7643,Hyundai,Model C,2021,44482,Hybrid,Automatic,2,10,14272
7644,Dacia,Model C,2018,34053,Petrol,Automatic,12,10,4034
7645,Audi,Model B,2015,107711,Diesel,Manual,6,20,500
7646,Hyundai,Model A,2024,29608,Petrol,Manual,7,1,19725
7647,Toyota,Model C,2022,59771,Diesel,Automatic,8,30,16634
7648,VW,Model B,2016,108681,Petrol,Automatic,3,30,5806
7649,Toyota,Model B,2020,49802,Diesel,Automatic,7,20,9783
7650,Toyota,Model B,2023,31692,Petrol,Automatic,1,1,18759
7651,Dacia,Model B,2007,218924,Petrol,Manual,12,10,500
7652,Audi,Model B,2014,119113,Hybrid,Automatic,6,30,1867
7653,Hyundai,Model A,2007,206117,Petrol,Automatic,1,30,500
7654,VW,Model C,2025,6803,Petrol,Automatic,8,20,24175
7655,Toyota,Model C,2025,14001,Petrol,Manual,2,20,25985
7656,Honda,Model C,2025,0,Hybrid,Automatic,10,1,23418
7657,Mercedes,Model B,2025,0,Petrol,Manual,12,30,26488
7658,Fiat,Model A,2024,6608,Petrol,Automatic,12,1,22208
7659,Dacia,Model B,2022,33412,Diesel,Manual,6,30,6189
7660,VW,Model B,2024,2253,Petrol,Automatic,9,1,22013
7661,Hyundai,Model A,2003,250000,Hybrid,Manual,2,1,500
7662,BMW,Model A,2024,409,Petrol,Manual,1,20,23438
7663,Toyota,Model A,2025,40033,Petrol,Automatic,11,1,24910
7664,Toyota,Model C,2022,33056,Petrol,Automatic,9,1,13296
7665,Ford,Model C,2020,80475,Petrol,Automatic,12,30,12417
7666,Mercedes,Model A,2019,97259,Diesel,Manual,12,10,12009
7667,Ford,Model B,2024,9246,Petrol,Manual,5,30,17634
7668,VW,Model C,2024,17526,Petrol,Manual,4,20,24769
7669,Mercedes,Model A,2025,1537,Petrol,Manual,6,1,24682
7670,Mercedes,Model A,2020,35817,Petrol,Automatic,9,10,9778
7671,BMW,Model C,2025,0,Petrol,Automatic,1,10,23250
7672,Hyundai,Model A,2023,24732,Petrol,Automatic,7,10,22781
7673,Toyota,Model A,2025,0,Hybrid,Automatic,1,30,28878
7674,Audi,Model B,2022,64373,Petrol,Automatic,6,10,18704
7675,Hyundai,Model C,2022,32451,Hybrid,Manual,2,1,14806
7676,Mercedes,Model A,2023,53263,Hybrid,Manual,8,30,18534
7677,Toyota,Model B,2025,0,Petrol,Manual,4,30,22897
7678,VW,Model B,2025,28683,Petrol,Automatic,6,10,26046
7679,Ford,Model C,2007,223596,Petrol,Automatic,12,20,500
7680,Ford,Model C,2005,248449,Hybrid,Automatic,5,20,500
7681,Mercedes,Model C,2025,0,Hybrid,Automatic,9,1,30831
7682,Mercedes,Model B,2022,44653,Hybrid,Automatic,9,30,19562
7683,Ford,Model B,2023,49390,Hybrid,Automatic,11,20,16814
7684,BMW,Model C,2022,33827,Petrol,Automatic,5,30,16804
7685,Fiat,Model C,2009,186909,Petrol,Manual,1,20,500
7686,Toyota,Model A,2025,,Diesel,Automatic,12,30,29597
7687,Toyota,Model C,2025,24301,Petrol,Automatic,5,20,23118
7688,Audi,Model C,2020,72830,Petrol,Manual,3,1,14816
7689,Fiat,Model C,2020,81715,Petrol,Manual,12,1,5350
7690,Ford,Model B,2025,4704,Petrol,Automatic,3,30,23645
7691,Honda,Model C,2007,216589,Petrol,Automatic,7,30,843
7692,Ford,Model C,2025,6359,Petrol,Manual,10,20,20880
7693,Toyota,Model C,2018,100052,Petrol,Automatic,10,10,6164
7694,Honda,Model C,2023,20293,Petrol,Manual,1,10,20349
7695,Toyota,Model A,2025,20530,Petrol,Automatic,3,20,24846
7696,Toyota,Model B,2024,17487,Diesel,Automatic,12,1,26827
7697,Toyota,Model A,2021,3571,Diesel,Automatic,7,30,20737
7698,BMW,Model C,2024,25252,Petrol,Automatic,9,1,24012
7699,BMW,Model A,2020,40915,Petrol,Manual,6,10,15189
7700,Mercedes,Model C,2019,84887,Petrol,Manual,10,1,4351
7701,Audi,Model A,2025,13522,Diesel,Manual,4,1,27837
7702,Fiat,Model A,2025,4948,Petrol,Automatic,3,30,20741
7703,Ford,Model C,2024,20155,Petrol,Manual,12,1,25085
7704,Dacia,Model B,2020,76483,Petrol,Manual,2,30,10132
7705,Toyota,Model B,2004,244565,Petrol,Automatic,12,30,500
7706,Toyota,Model C,2003,250000,Hybrid,Automatic,12,1,500
7707,VW,Model B,2023,41445,Petrol,Automatic,9,20,19137
7708,Ford,Model C,2025,26401,Petrol,Automatic,8,20,28769
7709,Honda,Model A,2022,19413,Petrol,Manual,1,10,16590
7710,Ford,Model A,2025,6127,Petrol,Automatic,8,30,24481
7711,Ford,Model A,2003,249577,Petrol,Automatic,10,10,500
7712,Hyundai,Model C,2020,44941,Petrol,Automatic,10,1,10052
7713,VW,Model A,2017,101385,Petrol,Automatic,3,10,6349
7714,Dacia,Model C,2021,49161,Petrol,Automatic,7,20,12792
7715,Dacia,Model B,2007,233175,Diesel,Automatic,7,1,500
7716,Toyota,Model C,2025,0,Petrol,Automatic,9,10,29443
7717,BMW,Model B,2017,93989,Petrol,Automatic,11,30,4920
7718,BMW,Model C,2025,3172,Hybrid,Automatic,9,20,34919
7719,Mercedes,Model C,2021,35072,Petrol,Manual,2,30,20811
7720,BMW,Model B,2025,0,Petrol,Automatic,1,1,30824
7721,Toyota,Model C,2023,12222,Diesel,Automatic,2,10,20979
7722,BMW,Model A,2025,0,Petrol,Manual,1,1,27054
7723,Ford,Model B,2000,250000,Hybrid,Automatic,6,10,500
7724,Mercedes,Model B,2025,9109,Diesel,Automatic,4,1,28964
7725,Honda,Model A,2025,0,Petrol,Automatic,1,1,24976
7726,Mercedes,Model B,2013,151955,Petrol,Manual,2,1,8255
7727,Hyundai,Model C,2009,199837,Petrol,Automatic,5,1,1381
7728,Hyundai,Model A,2021,54343,Petrol,Automatic,12,10,11748
7729,Toyota,Model C,2025,0,Petrol,Automatic,12,1,22871
7730,Fiat,Model B,2023,9898,Petrol,Automatic,1,30,19104
7731,Mercedes,Model A,2022,56193,Petrol,Manual,11,30,21092
7732,Hyundai,Model B,2014,130476,Diesel,Automatic,7,10,500
7733,Honda,Model C,2000,,Petrol,Automatic,8,30,500
7734,Toyota,Model A,2025,,Petrol,Automatic,7,30,27542
7735,BMW,Model A,2008,192858,Petrol,Manual,12,20,500
7736,Mercedes,Model C,2024,0,Diesel,Manual,6,10,28510
7737,Fiat,Model C,2025,0,Petrol,Automatic,3,30,22757
7738,Ford,Model B,2016,98019,Petrol,Manual,10,10,4833
7739,Audi,Model A,2024,0,Petrol,Automatic,7,1,27135
7740,Honda,Model B,2007,228096,Petrol,Manual,2,20,500
7741,Mercedes,Model B,2023,22292,Petrol,Automatic,6,20,25337
7742,BMW,Model B,2015,138784,Petrol,Manual,9,10,5700
7743,Fiat,Model B,2025,0,Petrol,Automatic,4,30,18123
7744,Honda,Model A,2020,34086,Petrol,Manual,12,30,13092
7745,Toyota,Model B,2022,38231,Diesel,Manual,11,20,14056
7746,Dacia,Model C,2023,51839,Petrol,Manual,8,10,14662
7747,Toyota,Model B,2015,127964,Diesel,Manual,1,30,2351
7748,Toyota,Model A,2025,48230,Petrol,Automatic,8,30,24365
7749,Audi,Model A,2020,64980,Diesel,Automatic,6,10,7574
7750,Ford,Model A,2024,15533,Petrol,Automatic,10,20,24511
7751,Ford,Model C,2015,87669,Petrol,Manual,4,1,1802
7752,BMW,Model A,2024,18419,Petrol,Manual,8,1,22421
7753,VW,Model B,2012,158530,Diesel,Automatic,7,1,1007
7754,Hyundai,Model A,2021,41888,Petrol,Automatic,7,30,12871
7755,Ford,Model A,2018,,Diesel,Automatic,2,30,9606
7756,Fiat,Model C,2025,0,Diesel,Manual,7,30,18401
7757,Audi,Model B,2018,81301,Diesel,Manual,7,30,5669
7758,Mercedes,Model C,2025,9403,Diesel,Automatic,12,10,26060
7759,VW,Model A,2025,0,Petrol,Manual,6,30,27535
7760,Mercedes,Model C,2016,110539,Hybrid,Manual,8,1,4758
7761,BMW,Model B,2023,17941,Diesel,Automatic,8,30,25142
7762,BMW,Model B,2008,215751,Petrol,Automatic,3,1,500
7763,Hyundai,Model B,2021,50651,Diesel,Automatic,3,20,15184
7764,BMW,Model B,2025,,Diesel,Automatic,10,1,30280
7765,Toyota,Model B,2024,0,Diesel,Manual,7,30,21824
7766,Mercedes,Model C,2024,15649,Petrol,Automatic,12,30,30878
7767,Hyundai,Model B,2019,,Petrol,Automatic,12,30,7388
7768,Honda,Model C,2020,59088,Diesel,Automatic,4,30,6752
7769,Audi,Model A,2010,,Diesel,Automatic,2,10,2851
7770,Hyundai,Model B,2025,21499,Petrol,Manual,5,1,26141
7771,Hyundai,Model C,2022,48851,Petrol,Automatic,1,30,14230
7772,Honda,Model A,2025,21460,Hybrid,Manual,10,1,22654
7773,Audi,Model B,2018,101204,Petrol,Automatic,2,1,1414
7774,Ford,Model B,2020,68884,Diesel,Automatic,11,30,7156
7775,Dacia,Model A,2020,42865,Petrol,Manual,6,1,5736
7776,BMW,Model B,2002,250000,Petrol,Automatic,4,10,500
7777,Audi,Model A,2020,46085,Petrol,Automatic,7,1,14233
7778,Toyota,Model A,2025,0,Diesel,Manual,8,30,23528
7779,Ford,Model B,2025,10603,Hybrid,Automatic,9,10,19712
7780,VW,Model A,2022,47348,Petrol,Automatic,5,30,14411
7781,Audi,Model A,2021,56583,Diesel,Automatic,12,10,11445
7782,Audi,Model B,2003,,Petrol,Manual,6,30,500
7783,Fiat,Model C,2025,0,Petrol,Automatic,11,20,23120
7784,Hyundai,Model C,2001,250000,Diesel,Automatic,1,1,6385
7785,Dacia,Model A,2025,0,Petrol,Manual,10,1,21517
7786,Hyundai,Model A,2022,33573,Diesel,Automatic,7,30,16538
7787,Toyota,Model A,2020,49296,Petrol,Manual,8,20,9898
7788,Mercedes,Model C,2025,3670,Diesel,Automatic,5,20,32011
7789,Ford,Model B,2002,250000,Petrol,Automatic,7,10,500
7790,Toyota,Model B,2023,23756,Petrol,Automatic,12,20,17136
7791,Toyota,Model C,2023,29725,Petrol,Automatic,5,1,23864
7792,Toyota,Model C,2017,122453,Petrol,Automatic,2,1,2138
7793,Dacia,Model B,2021,39074,Petrol,Automatic,10,1,11605
7794,BMW,Model A,2024,12646,Petrol,Automatic,7,1,30823
7795,Mercedes,Model B,2025,0,Petrol,Automatic,6,1,28778
7796,Ford,Model B,2000,250000,Petrol,Manual,10,20,500
7797,Fiat,Model A,2025,0,Diesel,Automatic,8,20,22422
7798,Fiat,Model B,2015,112118,Hybrid,Automatic,8,10,500
7799,Ford,Model C,2017,74107,Petrol,Manual,12,20,6141
7800,BMW,Model B,2018,85466,Petrol,Manual,1,1,8372
7801,Toyota,Model C,2003,250000,Hybrid,Manual,4,30,500
7802,Fiat,Model B,2012,183907,Hybrid,Manual,12,1,1264
7803,Honda,Model C,2025,7042,Petrol,Manual,10,30,22374
7804,VW,Model B,2020,53254,Petrol,Manual,3,30,7856
7805,Audi,Model C,2011,,Diesel,Manual,3,1,500
7806,BMW,Model B,2010,161680,Diesel,Automatic,11,10,3672
7807,Ford,Model A,2025,0,Petrol,Manual,7,1,21259
7808,Hyundai,Model A,2025,28170,Petrol,Automatic,11,10,20440
7809,Dacia,Model A,2018,88317,Petrol,Automatic,12,20,2364
7810,Hyundai,Model A,2002,250000,Diesel,Automatic,1,30,500
7811,Ford,Model B,2017,81602,Petrol,Automatic,12,1,8456
7812,Ford,Model A,2005,227158,Petrol,Automatic,9,1,2362
7813,Hyundai,Model C,2010,170860,Petrol,Automatic,11,1,500
7814,BMW,Model C,2021,67743,Diesel,Automatic,8,10,19433
7815,Dacia,Model A,2017,95550,Petrol,Automatic,4,20,7587
7816,Honda,Model A,2022,14288,Petrol,Manual,8,1,13619
7817,Dacia,Model A,2018,118656,Petrol,Automatic,7,20,6890
7818,Hyundai,Model C,2025,0,Diesel,Automatic,12,10,23091
7819,Mercedes,Model B,2025,0,Diesel,Automatic,7,30,28441
7820,Mercedes,Model A,2023,43652,Diesel,Manual,1,30,22552
7821,Toyota,Model B,2020,,Petrol,Manual,9,20,11108
7822,Audi,Model B,2021,40951,Petrol,Manual,1,10,16945
7823,Honda,Model C,2021,29529,Petrol,Automatic,12,10,13532
7824,Ford,Model A,2025,0,Petrol,Automatic,7,1,25096
7825,Honda,Model A,2021,34402,Petrol,Manual,12,30,12087
7826,BMW,Model B,2025,105,Diesel,Automatic,1,30,28411
7827,Dacia,Model C,2025,2865,Petrol,Automatic,7,1,25876
7828,Toyota,Model A,2020,57770,Petrol,Automatic,3,30,4346
7829,Fiat,Model A,2023,23411,Petrol,Manual,9,20,12548
7830,BMW,Model C,2009,176239,Petrol,Automatic,7,1,500
7831,Hyundai,Model C,2016,112397,Petrol,Manual,8,1,500
7832,Mercedes,Model B,2021,67207,Petrol,Automatic,5,20,12991
7833,VW,Model A,2016,105558,Petrol,Manual,1,1,5402
7834,VW,Model A,2025,0,Petrol,Automatic,2,1,25491
7835,Fiat,Model B,2015,121245,Petrol,Automatic,11,1,4918
7836,Toyota,Model C,2021,64773,Diesel,Manual,9,10,17429
7837,Mercedes,Model A,2023,10579,Diesel,Automatic,10,30,24951
7838,Fiat,Model C,2024,33762,Diesel,Manual,2,1,14938
7839,Toyota,Model B,2021,54318,Hybrid,Manual,1,10,11449
7840,Audi,Model A,2025,430,Petrol,Automatic,1,30,25695
7841,Honda,Model A,2023,42198,Petrol,Automatic,7,1,17504
7842,Mercedes,Model C,2021,30269,Petrol,Manual,7,30,12860
7843,Toyota,Model C,2006,235830,Hybrid,Manual,2,20,500
7844,Toyota,Model B,2022,42454,Petrol,Manual,5,1,13731
7845,Audi,Model A,2025,0,Diesel,Automatic,7,1,29237
7846,Honda,Model B,2023,30909,Petrol,Manual,9,1,16835
7847,Toyota,Model C,2025,4249,Petrol,Automatic,11,30,30069
7848,Hyundai,Model A,2022,33318,Diesel,Automatic,9,30,15944
7849,Fiat,Model B,2011,180942,Petrol,Automatic,1,30,5323
7850,Mercedes,Model A,2001,250000,Petrol,Manual,8,1,500
7851,Hyundai,Model A,2020,64054,Diesel,Automatic,2,30,14326
7852,Dacia,Model A,2024,10024,Petrol,Automatic,8,20,18552
7853,VW,Model C,2025,0,Petrol,Automatic,5,10,26624
7854,Dacia,Model B,2019,79543,Petrol,Automatic,4,1,8509
7855,Toyota,Model B,2022,32883,Petrol,Manual,7,20,14014
7856,Hyundai,Model B,2021,25904,Petrol,Automatic,5,1,16096
7857,VW,Model A,2021,20984,Hybrid,Automatic,11,20,16012
7858,Toyota,Model B,2017,107835,Petrol,Manual,3,10,6819
7859,VW,Model B,2013,125690,Petrol,Manual,2,10,500
7860,Honda,Model A,2016,112190,Petrol,Manual,11,10,8037
7861,Mercedes,Model C,2005,240824,Petrol,Manual,4,10,1825
7862,Mercedes,Model A,2016,102472,Petrol,Automatic,1,20,3042
7863,VW,Model A,2000,250000,Petrol,Automatic,5,20,500
7864,VW,Model C,2024,,Petrol,Manual,11,10,20300
7865,Honda,Model A,2020,71334,Diesel,Automatic,6,10,12243
7866,Honda,Model C,2025,4272,Petrol,Manual,6,30,22388
7867,Mercedes,Model A,2016,,Petrol,Manual,1,20,6503
7868,Toyota,Model B,2020,59713,Diesel,Manual,9,20,6782
7869,Fiat,Model A,2020,81878,Diesel,Manual,5,1,4163
7870,Fiat,Model A,2000,250000,Petrol,Automatic,10,30,500
7871,VW,Model A,2025,29279,Petrol,Manual,6,1,20592
7872,Dacia,Model C,2003,250000,Petrol,Manual,7,1,500
7873,Fiat,Model C,2025,0,Petrol,Manual,8,20,18681
7874,Mercedes,Model C,2025,0,Petrol,Automatic,3,10,31599
7875,Toyota,Model A,2022,18183,Petrol,Automatic,4,30,25334
7876,Mercedes,Model C,2023,35505,Hybrid,Automatic,8,10,17972
7877,Honda,Model A,2024,3211,Diesel,Manual,11,10,22880
7878,Hyundai,Model A,2021,2170,Petrol,Automatic,12,20,15150
7879,Mercedes,Model A,2024,,Petrol,Automatic,7,1,22536
7880,Fiat,Model C,2004,243440,Petrol,Automatic,1,30,500
7881,Ford,Model C,2005,231351,Petrol,Manual,12,1,500
7882,VW,Model C,2021,73074,Petrol,Automatic,6,30,16497
7883,BMW,Model A,2023,5876,Petrol,Manual,2,10,18516
7884,BMW,Model B,2025,17049,Hybrid,Manual,12,1,25994
7885,Ford,Model C,2010,171188,Diesel,Automatic,4,10,4183
7886,Hyundai,Model A,2025,0,Petrol,Automatic,9,10,23890
7887,Fiat,Model B,2017,121585,Petrol,Manual,2,1,2954
7888,VW,Model B,2021,61846,Petrol,Manual,9,20,14495
7889,Audi,Model C,2020,73800,Petrol,Manual,12,20,7215
7890,Mercedes,Model A,2021,53514,Diesel,Manual,12,1,11282
7891,Fiat,Model C,2015,128986,Petrol,Automatic,2,30,5457
7892,Mercedes,Model C,2022,17517,Petrol,Automatic,10,30,15012
7893,VW,Model B,2025,1674,Petrol,Automatic,9,30,21553
7894,Honda,Model C,2021,34068,Petrol,Manual,11,30,12544
7895,Toyota,Model C,2022,15165,Petrol,Automatic,5,10,19081
7896,Honda,Model C,2025,6164,Hybrid,Automatic,6,1,25153
7897,Dacia,Model B,2025,17372,Petrol,Manual,5,10,16680
7898,Fiat,Model B,2022,30249,Diesel,Manual,10,10,10340
7899,Fiat,Model C,2018,80819,Petrol,Automatic,11,1,5281
7900,Toyota,Model B,2025,0,Petrol,Manual,4,1,28851
7901,Mercedes,Model B,2023,24108,Petrol,Automatic,8,30,20172
7902,Dacia,Model C,2017,107401,Petrol,Automatic,2,1,4162
7903,Mercedes,Model A,2018,95872,Petrol,Automatic,1,10,10705
7904,Honda,Model C,2025,8177,Petrol,Manual,8,30,24011
7905,Audi,Model A,2004,242723,Petrol,Manual,11,1,500
7906,Honda,Model B,2025,0,Petrol,Automatic,12,10,25371
7907,Toyota,Model A,2013,46779,Diesel,Automatic,8,30,500
7908,Fiat,Model A,2025,12179,Petrol,Manual,11,20,16249
7909,Dacia,Model B,2021,45420,Diesel,Automatic,6,10,11498
7910,Toyota,Model C,2022,29607,Diesel,Manual,11,10,18386
7911,BMW,Model C,2025,17508,Petrol,Manual,10,10,20918
7912,VW,Model B,2021,42600,Petrol,Automatic,4,10,17751
7913,Toyota,Model C,2022,47188,Diesel,Manual,8,10,14153
7914,Dacia,Model A,2004,249947,Petrol,Automatic,1,1,500
7915,BMW,Model A,2000,250000,Diesel,Manual,2,30,860
7916,Mercedes,Model A,2018,108184,Petrol,Automatic,12,10,7506
7917,VW,Model B,2024,13800,Petrol,Automatic,1,30,26748
7918,Hyundai,Model A,2012,145338,Petrol,Automatic,3,30,500
7919,Honda,Model B,2011,147137,Hybrid,Automatic,2,1,3860
7920,Audi,Model C,2021,28649,Petrol,Automatic,9,20,25685
7921,Toyota,Model B,2024,6406,Diesel,Automatic,2,1,22296
7922,Toyota,Model B,2025,28876,Petrol,Automatic,1,20,28666
7923,Audi,Model B,2015,111230,Petrol,Automatic,12,10,4822
7924,Fiat,Model B,2007,237711,Petrol,Manual,11,1,500
7925,BMW,Model A,2025,0,Petrol,Automatic,5,20,34431
7926,Toyota,Model A,2018,66282,Petrol,Manual,2,1,3439
7927,VW,Model B,2025,0,Hybrid,Automatic,9,30,23492
7928,BMW,Model B,2025,0,Diesel,Automatic,12,1,29697
7929,Fiat,Model A,2025,0,Petrol,Manual,12,10,21259
7930,VW,Model A,2015,106713,Diesel,Automatic,2,30,2676
7931,BMW,Model A,2025,0,Petrol,Automatic,8,10,26694
7932,Fiat,Model C,2025,22691,Hybrid,Manual,6,30,23848
7933,Honda,Model A,2023,27165,Petrol,Automatic,2,30,19826
7934,VW,Model C,2020,49705,Petrol,Automatic,11,20,9025
7935,Fiat,Model C,2018,87326,Petrol,Manual,10,30,6498
7936,Fiat,Model C,2012,143467,Diesel,Automatic,12,20,3875
7937,Toyota,Model A,2022,0,Petrol,Automatic,2,1,18581
7938,Audi,Model A,2023,68350,Petrol,Automatic,3,1,27249
7939,Audi,Model A,2020,62843,Hybrid,Automatic,11,30,12407
7940,Hyundai,Model B,2022,27164,Petrol,Automatic,5,20,16569
7941,Fiat,Model C,2020,30991,Petrol,Manual,6,30,9424
7942,BMW,Model A,2024,0,Petrol,Automatic,8,30,24945
7943,BMW,Model A,2025,24817,Petrol,Automatic,6,10,28899
7944,Hyundai,Model A,2015,142529,Petrol,Automatic,1,1,11420
7945,Toyota,Model B,2021,59298,Petrol,Automatic,8,1,16899
7946,Audi,Model B,2014,115273,Hybrid,Automatic,3,20,3938
7947,Mercedes,Model C,2024,34649,Petrol,Automatic,12,20,20897
7948,Toyota,Model B,2025,6746,Petrol,Manual,9,30,31378
7949,Dacia,Model A,2025,9823,Petrol,Manual,11,1,20097
7950,Dacia,Model A,2019,78692,Petrol,Automatic,12,1,10050
7951,Toyota,Model A,2025,0,Petrol,Automatic,1,1,31335
7952,Dacia,Model B,2006,210027,Hybrid,Manual,2,1,500
7953,Toyota,Model C,2023,16346,Petrol,Manual,11,1,16622
7954,Fiat,Model B,2005,249654,Diesel,Automatic,12,30,500
7955,Audi,Model B,2025,0,Petrol,Automatic,1,1,29937
7956,Hyundai,Model B,2022,33369,Petrol,Automatic,12,10,14285
7957,Toyota,Model A,2024,9350,Petrol,Automatic,6,20,20615
7958,Mercedes,Model B,2025,11891,Petrol,Automatic,6,30,36130
7959,Dacia,Model B,2015,130120,Petrol,Manual,11,10,7401
7960,Audi,Model C,2003,248846,Diesel,Automatic,4,30,500
7961,Dacia,Model A,2025,21700,Diesel,Automatic,8,10,25052
7962,Mercedes,Model B,2020,42551,Diesel,Manual,5,30,16848
7963,BMW,Model A,2012,172383,Diesel,Automatic,2,1,1619
7964,Fiat,Model B,2022,27747,Petrol,Automatic,5,1,14956
7965,Ford,Model A,2023,26458,Petrol,Manual,3,1,18069
7966,Toyota,Model C,2003,250000,Petrol,Automatic,7,20,500
7967,BMW,Model B,2019,74965,Petrol,Manual,7,10,8469
7968,Ford,Model C,2003,250000,Petrol,Automatic,6,1,1026
7969,Toyota,Model C,2021,53871,Petrol,Automatic,3,10,16687
7970,Honda,Model C,2025,11754,Diesel,Manual,2,1,23350
7971,Ford,Model A,2025,6969,Petrol,Automatic,2,1,23581
7972,Ford,Model A,2024,0,Petrol,Manual,2,20,19498
7973,Dacia,Model C,2015,124046,Petrol,Automatic,4,10,958
7974,VW,Model A,2025,0,Diesel,Automatic,1,30,24709
7975,Toyota,Model C,2022,19361,Hybrid,Manual,1,30,19154
7976,Toyota,Model A,2015,115652,Petrol,Manual,6,10,500
7977,Honda,Model A,2025,2748,Diesel,Manual,3,20,25348
7978,Audi,Model B,2025,3745,Petrol,Automatic,4,10,31579
7979,Toyota,Model B,2025,15840,Petrol,Manual,5,1,24122
7980,Hyundai,Model C,2025,19609,Diesel,Automatic,1,10,26792
7981,Fiat,Model B,2016,113044,Petrol,Manual,3,30,4539
7982,Ford,Model A,2017,103756,Diesel,Automatic,10,10,5937
7983,Ford,Model A,2024,13429,Diesel,Automatic,5,1,19426
7984,Toyota,Model A,2017,107508,Petrol,Automatic,3,10,8181
7985,Ford,Model A,2021,55304,Petrol,Automatic,3,30,15113
7986,Hyundai,Model B,2025,0,Hybrid,Manual,12,20,20445
7987,VW,Model A,2025,32279,Diesel,Automatic,2,1,27320
7988,BMW,Model A,2021,39807,Hybrid,Manual,12,20,12588
7989,VW,Model A,2025,21816,Petrol,Automatic,2,1,30870
7990,VW,Model A,2025,0,Petrol,Automatic,11,10,30666
7991,BMW,Model C,2024,7261,Petrol,Automatic,7,30,27010
7992,Mercedes,Model B,2017,117548,Petrol,Manual,8,30,5314
7993,Hyundai,Model C,2019,43391,Petrol,Manual,4,1,11709
7994,Ford,Model A,2020,62084,Petrol,Automatic,12,10,8193
7995,Hyundai,Model A,2011,178731,Petrol,Automatic,8,30,500
7996,Mercedes,Model A,2019,75779,Petrol,Automatic,9,30,7357
7997,BMW,Model A,2016,34101,Petrol,Manual,7,20,10741
7998,Mercedes,Model C,2021,50043,Hybrid,Manual,2,1,11841
7999,Honda,Model A,2025,0,Diesel,Automatic,11,20,24392
8000,Honda,Model C,2010,215520,Diesel,Automatic,3,30,500
8001,Fiat,Model B,2025,0,Diesel,Manual,4,20,19925
8002,VW,Model A,2024,18512,Petrol,Automatic,9,30,26942
8003,Dacia,Model B,2009,182297,Petrol,Manual,2,10,1641
8004,BMW,Model B,2025,0,Petrol,Automatic,12,10,29659
8005,Mercedes,Model A,2023,10132,Petrol,Manual,2,10,18679
8006,BMW,Model B,2020,38285,Diesel,Automatic,9,30,9834
8007,Honda,Model C,2025,16373,Petrol,Automatic,8,20,28197
8008,Audi,Model A,2018,74896,Hybrid,Automatic,9,20,8326
8009,VW,Model A,2024,4288,Diesel,Automatic,6,10,25726
8010,Mercedes,Model C,2003,248035,Petrol,Automatic,5,1,500
8011,Mercedes,Model A,2025,1410,Petrol,Automatic,12,1,27147
8012,Honda,Model A,2021,37253,Hybrid,Manual,11,20,9831
8013,Toyota,Model C,2024,26885,Petrol,Manual,7,30,20350
8014,Hyundai,Model A,2017,100530,Petrol,Automatic,3,10,4968
8015,Hyundai,Model B,2024,3422,Petrol,Automatic,12,20,19769
8016,Mercedes,Model B,2025,12753,Petrol,Automatic,9,30,30689
8017,Hyundai,Model A,2022,36119,Diesel,Manual,2,10,9500
8018,Ford,Model C,2023,24322,Petrol,Manual,3,1,17950
8019,Honda,Model B,2021,26060,Diesel,Automatic,7,30,15810
8020,BMW,Model B,2025,0,Hybrid,Manual,7,1,26332
8021,VW,Model C,2022,40823,Diesel,Manual,6,20,11912
8022,BMW,Model B,2025,20003,Hybrid,Automatic,6,30,30664
8023,Audi,Model B,2025,0,Petrol,Automatic,3,10,33701
8024,BMW,Model A,2021,82171,Petrol,Manual,4,10,19050
8025,Honda,Model A,2017,104353,Petrol,Automatic,7,30,9475
8026,Ford,Model B,2021,25208,Diesel,Automatic,1,1,11915
8027,Fiat,Model A,2025,0,Hybrid,Automatic,5,1,21096
8028,VW,Model A,2017,117314,Petrol,Manual,3,10,7284
8029,Dacia,Model A,2022,54648,Petrol,Automatic,3,1,13656
8030,Hyundai,Model B,2025,271,Petrol,Automatic,2,20,21151
8031,Toyota,Model B,2020,62248,Petrol,Manual,2,1,7926
8032,Honda,Model C,2024,0,Petrol,Manual,3,1,22199
8033,Honda,Model B,2018,103821,Diesel,Automatic,5,1,6340
8034,Ford,Model B,2010,165183,Petrol,Automatic,2,10,2055
8035,Ford,Model C,2025,12671,Petrol,Automatic,12,30,23147
8036,VW,Model A,2009,212280,Petrol,Manual,7,1,6179
8037,BMW,Model C,2019,21816,Petrol,Automatic,7,1,6972
8038,VW,Model C,2025,14514,Petrol,Manual,3,1,26793
8039,Mercedes,Model A,2020,87714,Petrol,Automatic,11,10,9803
8040,BMW,Model A,2025,4019,Petrol,Automatic,11,1,28262
8041,Honda,Model C,2025,0,Petrol,Automatic,1,10,24623
8042,Ford,Model C,2018,,Petrol,Automatic,10,1,8593
8043,BMW,Model B,2004,240855,Hybrid,Automatic,3,10,1157
8044,Honda,Model A,2025,0,Diesel,Automatic,7,10,31427
8045,Honda,Model B,2021,54636,Petrol,Manual,11,1,13179
8046,BMW,Model A,2010,,Petrol,Manual,12,20,1385
8047,VW,Model C,2025,4913,Diesel,Automatic,3,30,27748
8048,Audi,Model A,2003,241650,Petrol,Manual,12,1,500
8049,Hyundai,Model C,2025,0,Petrol,Manual,1,1,20690
8050,Toyota,Model A,2013,159451,Diesel,Automatic,12,30,4943
8051,Honda,Model A,2012,139216,Petrol,Automatic,10,1,889
8052,Fiat,Model A,2015,,Petrol,Manual,12,10,500
8053,Hyundai,Model C,2025,0,Diesel,Automatic,5,30,21743
8054,Hyundai,Model A,2024,0,Diesel,Automatic,12,30,26021
8055,Mercedes,Model B,2025,12114,Diesel,Automatic,11,1,27703
8056,BMW,Model A,2021,43360,Petrol,Automatic,5,20,18047
8057,Ford,Model B,2020,87331,Diesel,Automatic,5,10,9082
8058,Toyota,Model C,2017,102486,Petrol,Automatic,5,20,6778
8059,Fiat,Model C,2022,43958,Petrol,Manual,8,10,14430
8060,Toyota,Model A,2023,7852,Petrol,Automatic,3,1,19501
8061,Toyota,Model A,2024,6223,Petrol,Automatic,6,30,22357
8062,Honda,Model B,2018,73010,Diesel,Automatic,1,10,9760
8063,Hyundai,Model A,2025,0,Petrol,Manual,5,20,17200
8064,Audi,Model A,2015,129958,Petrol,Automatic,9,10,6274
8065,Dacia,Model B,2025,12967,Petrol,Automatic,8,1,19441
8066,Honda,Model A,2001,250000,Petrol,Automatic,4,10,500
8067,Hyundai,Model B,2022,23578,Petrol,Automatic,4,20,17453
8068,Honda,Model C,2020,64960,Petrol,Automatic,5,30,12339
8069,Hyundai,Model A,2021,19309,Diesel,Manual,1,10,14629
8070,BMW,Model B,2023,43845,Diesel,Manual,4,20,23084
8071,Hyundai,Model C,2021,28527,Petrol,Automatic,9,10,18585
8072,Honda,Model B,2021,31193,Hybrid,Automatic,3,1,13603
8073,Honda,Model A,2025,1729,Petrol,Automatic,2,20,26185
8074,Mercedes,Model B,2024,15062,Petrol,Automatic,11,10,31521
8075,VW,Model C,2025,0,Hybrid,Manual,3,30,22981
8076,Mercedes,Model A,2018,67348,Petrol,Automatic,4,30,7087
8077,Mercedes,Model A,2023,41000,Petrol,Automatic,6,20,23381
8078,Mercedes,Model A,2023,0,Petrol,Automatic,6,10,26941
8079,BMW,Model C,2020,37750,Diesel,Automatic,3,30,7809
8080,VW,Model A,2022,34395,Petrol,Manual,7,30,16910
8081,Audi,Model C,2020,41036,Diesel,Automatic,9,10,5677
8082,Mercedes,Model C,2014,150339,Petrol,Manual,7,30,1323
8083,Toyota,Model B,2017,78326,Diesel,Manual,12,20,9836
8084,Honda,Model C,2010,203355,Petrol,Automatic,12,30,500
8085,Honda,Model B,2024,27526,Petrol,Manual,7,1,18439
8086,Toyota,Model A,2024,30525,Petrol,Automatic,12,1,24156
8087,Honda,Model B,2025,28306,Petrol,Automatic,9,30,24936
8088,Toyota,Model C,2025,1218,Petrol,Manual,7,10,25082
8089,Hyundai,Model B,2005,224805,Petrol,Automatic,11,30,1204
8090,BMW,Model A,2025,0,Diesel,Automatic,12,1,25452
8091,Fiat,Model B,2025,0,Diesel,Manual,12,20,16856
8092,Audi,Model A,2021,37362,Petrol,Manual,10,30,14364
8093,VW,Model C,2023,26262,Petrol,Automatic,7,30,24672
8094,Toyota,Model A,2025,0,Diesel,Manual,4,1,20957
8095,Toyota,Model B,2022,24716,Diesel,Manual,7,30,17612
8096,Ford,Model B,2025,0,Petrol,Automatic,10,1,28019
8097,Hyundai,Model B,2008,212234,Petrol,Automatic,1,20,1637
8098,Honda,Model C,2016,122346,Petrol,Manual,4,30,4090
8099,Honda,Model B,2021,23956,Petrol,Manual,5,30,16026
8100,BMW,Model C,2023,19451,Petrol,Automatic,10,20,26631
8101,Fiat,Model C,2025,0,Petrol,Automatic,8,30,24148
8102,Hyundai,Model B,2025,0,Diesel,Manual,6,1,20018
8103,Toyota,Model C,2021,46204,Diesel,Automatic,12,20,12996
8104,Hyundai,Model A,2004,250000,Petrol,Manual,7,1,500
8105,Toyota,Model A,2025,7782,Petrol,Automatic,10,20,26624
8106,VW,Model C,2023,25157,Petrol,Manual,9,30,18631
8107,Honda,Model A,2016,94785,Petrol,Automatic,11,20,5504
8108,Honda,Model A,2022,66180,Petrol,Manual,11,10,16286
8109,BMW,Model A,2025,12436,Petrol,Automatic,12,20,28875
8110,Dacia,Model B,2025,8290,Diesel,Automatic,5,1,21310
8111,Hyundai,Model A,2022,51072,Diesel,Manual,3,10,17413
8112,Hyundai,Model A,2020,63669,Petrol,Automatic,10,10,13135
8113,Toyota,Model A,2025,19294,Petrol,Automatic,11,10,25631
8114,Toyota,Model A,2024,,Petrol,Manual,1,30,20543
8115,Ford,Model A,2021,48026,Petrol,Automatic,5,30,14818
8116,Hyundai,Model C,2019,81528,Petrol,Manual,11,1,10895
8117,Dacia,Model C,2025,23645,Petrol,Automatic,9,30,18440
8118,Audi,Model B,2018,106680,Hybrid,Manual,10,30,4407
8119,Ford,Model A,2015,128892,Petrol,Automatic,7,1,5718
8120,VW,Model B,2022,43749,Petrol,Automatic,5,30,15667
8121,Audi,Model A,2019,82440,Petrol,Manual,11,20,9672
8122,Toyota,Model A,2024,26784,Petrol,Automatic,7,20,28741
8123,Mercedes,Model B,2011,187480,Petrol,Manual,7,1,2537
8124,VW,Model A,2024,8451,Petrol,Manual,10,1,23128
8125,Fiat,Model B,2019,91770,Petrol,Manual,3,1,5726
8126,Fiat,Model B,2000,250000,Hybrid,Automatic,8,1,500
8127,VW,Model A,2012,165763,Petrol,Automatic,4,1,2285
8128,Toyota,Model A,2025,20729,Petrol,Automatic,1,1,27430
8129,VW,Model A,2025,11205,Petrol,Automatic,10,10,27015
8130,Fiat,Model C,2017,109739,Petrol,Automatic,6,10,7032
8131,Ford,Model A,2025,0,Petrol,Manual,12,30,22528
8132,Toyota,Model B,2023,46474,Petrol,Automatic,7,1,16920
8133,Fiat,Model A,2025,10435,Petrol,Manual,1,30,16871
8134,Hyundai,Model B,2020,61890,Petrol,Automatic,6,1,11928
8135,Fiat,Model B,2024,28516,Petrol,Automatic,3,1,18574
8136,Fiat,Model B,2006,250000,Petrol,Automatic,12,30,500
8137,Toyota,Model C,2021,30466,Petrol,Automatic,6,20,18712
8138,Fiat,Model A,2025,0,Petrol,Manual,7,1,20515
8139,Ford,Model B,2022,76279,Petrol,Manual,5,1,13296
8140,BMW,Model A,2019,78400,Petrol,Manual,7,30,9596
8141,Ford,Model B,2012,158863,Petrol,Manual,2,10,2308
8142,Honda,Model B,2025,0,Diesel,Automatic,6,30,27048
8143,Audi,Model B,2024,30126,Diesel,Automatic,9,30,21924
8144,Dacia,Model A,2020,99168,Diesel,Automatic,5,20,6012
8145,BMW,Model C,2025,0,Petrol,Manual,5,30,28609
8146,Dacia,Model C,2002,250000,Diesel,Automatic,11,20,3077
8147,Mercedes,Model B,2020,54739,Petrol,Automatic,7,1,11083
8148,Toyota,Model A,2025,10992,Petrol,Automatic,8,1,27005
8149,Toyota,Model A,2020,78335,Petrol,Manual,4,20,13335
8150,VW,Model B,2018,108313,Diesel,Manual,7,30,3470
8151,Audi,Model C,2022,47500,Petrol,Automatic,1,20,21342
8152,Dacia,Model A,2025,37789,Diesel,Manual,6,30,16727
8153,VW,Model A,2010,171378,Diesel,Automatic,11,1,500
8154,Hyundai,Model A,2025,0,Petrol,Automatic,3,10,25208
8155,Mercedes,Model A,2025,22040,Petrol,Automatic,10,20,29478
8156,Honda,Model A,2016,109842,Petrol,Automatic,5,10,2888
8157,Dacia,Model B,2025,0,Petrol,Automatic,1,10,20709
8158,Audi,Model A,2021,43259,Petrol,Automatic,12,1,20675
8159,Mercedes,Model B,2021,51834,Petrol,Manual,3,10,11944
8160,Honda,Model B,2025,0,Hybrid,Automatic,5,1,26290
8161,Dacia,Model B,2025,0,Hybrid,Automatic,7,10,21391
8162,Honda,Model B,2012,152885,Petrol,Manual,12,20,4132
8163,Toyota,Model B,2021,32031,Diesel,Manual,8,30,16754
8164,VW,Model B,2022,45526,Petrol,Manual,12,30,8564
8165,Dacia,Model A,2020,30842,Petrol,Automatic,8,10,9616
8166,BMW,Model C,2020,61356,Petrol,Manual,3,30,13812
8167,Mercedes,Model C,2005,247792,Diesel,Automatic,8,1,4242
8168,Mercedes,Model C,2024,10641,Petrol,Automatic,2,10,27040
8169,BMW,Model A,2021,64398,Diesel,Automatic,2,1,10856
8170,Toyota,Model B,2016,87441,Diesel,Automatic,2,1,7783
8171,Audi,Model C,2025,0,Petrol,Automatic,1,1,26925
8172,Honda,Model C,2025,0,Petrol,Manual,2,10,20442
8173,Toyota,Model A,2022,,Petrol,Automatic,5,20,13981
8174,Toyota,Model C,2019,75277,Diesel,Manual,1,10,8942
8175,Dacia,Model B,2024,44150,Hybrid,Manual,1,30,13620
8176,Mercedes,Model C,2019,59913,Petrol,Automatic,2,20,9878
8177,Toyota,Model C,2017,75075,Petrol,Automatic,12,10,5950
8178,Audi,Model B,2025,26836,Diesel,Automatic,7,30,30061
8179,Honda,Model A,2004,230537,Petrol,Automatic,6,1,500
8180,VW,Model A,2009,60673,Petrol,Manual,7,30,500
8181,Hyundai,Model B,2000,250000,Petrol,Automatic,7,20,500
8182,Honda,Model B,2015,88960,Diesel,Automatic,2,1,1803
8183,Fiat,Model A,2006,222378,Petrol,Automatic,8,20,500
8184,Hyundai,Model A,2025,13492,Petrol,Manual,11,30,26256
8185,Mercedes,Model A,2019,53673,Diesel,Automatic,8,1,7536
8186,Audi,Model A,2014,140641,Diesel,Manual,12,1,5269
8187,VW,Model B,2018,95442,Diesel,Automatic,2,20,8153
8188,Dacia,Model B,2025,0,Petrol,Manual,11,1,18236
8189,Toyota,Model A,2022,32583,Diesel,Manual,9,30,12500
8190,Audi,Model B,2020,83656,Petrol,Manual,8,30,9411
8191,Fiat,Model B,2025,9758,Petrol,Manual,8,1,19511
8192,Mercedes,Model A,2021,44077,Diesel,Automatic,2,10,18755
8193,VW,Model C,2020,66229,Petrol,Manual,9,1,8158
8194,BMW,Model C,2016,97721,Petrol,Manual,5,20,14567
8195,BMW,Model C,2020,76705,Diesel,Automatic,1,30,13536
8196,Honda,Model B,2020,76698,Petrol,Automatic,3,1,10148
8197,VW,Model C,2024,13813,Diesel,Automatic,6,10,27336
8198,Mercedes,Model A,2019,75460,Petrol,Manual,12,30,16324
8199,Hyundai,Model C,2023,9018,Diesel,Automatic,6,30,14505
8200,Mercedes,Model A,2006,207719,Petrol,Manual,2,30,3387
8201,Honda,Model B,2016,102350,Petrol,Manual,12,10,2567
8202,Toyota,Model B,2021,46688,Petrol,Automatic,1,30,15408
8203,Hyundai,Model A,2025,15939,Petrol,Manual,2,20,27694
8204,Hyundai,Model C,2020,73836,Diesel,Manual,6,30,6895
8205,BMW,Model A,2024,14772,Petrol,Automatic,2,20,32003
8206,Mercedes,Model A,2018,101858,Petrol,Manual,8,1,12551
8207,Fiat,Model A,2012,141847,Petrol,Manual,2,10,500
8208,Toyota,Model A,2005,250000,Petrol,Manual,9,20,2712
8209,Honda,Model C,2020,48143,Petrol,Automatic,2,20,5674
8210,Mercedes,Model A,2015,138595,Petrol,Automatic,11,30,3970
8211,Dacia,Model A,2015,119799,Petrol,Manual,10,20,500
8212,Fiat,Model C,2025,0,Diesel,Manual,12,30,19680
8213,BMW,Model C,2001,250000,Diesel,Automatic,1,30,3114
8214,Ford,Model A,2023,36143,Petrol,Manual,7,1,15960
8215,Fiat,Model A,2020,53151,Petrol,Automatic,9,1,11575
8216,Honda,Model C,2022,30431,Diesel,Automatic,12,1,18912
8217,Honda,Model C,2023,21606,Diesel,Manual,7,30,20268
8218,Toyota,Model A,2020,31122,Petrol,Automatic,12,1,8669
8219,BMW,Model B,2019,36529,Hybrid,Automatic,2,10,9235
8220,Hyundai,Model B,2025,19524,Petrol,Manual,6,1,19790
8221,Honda,Model B,2025,0,Petrol,Manual,4,1,27462
8222,Honda,Model B,2016,135828,Petrol,Manual,2,30,1669
8223,Audi,Model C,2009,212556,Hybrid,Manual,4,20,3495
8224,Hyundai,Model B,2025,23507,Petrol,Automatic,9,1,22468
8225,Hyundai,Model A,2020,50245,Petrol,Automatic,7,1,12064
8226,Ford,Model C,2023,0,Petrol,Manual,3,30,18690
8227,Fiat,Model C,2020,43696,Petrol,Automatic,1,1,7874
8228,Mercedes,Model B,2012,149303,Diesel,Manual,12,30,2405
8229,Hyundai,Model B,2023,0,Hybrid,Automatic,4,30,21742
8230,Ford,Model A,2022,28868,Hybrid,Automatic,2,20,20861
8231,Audi,Model A,2016,104974,Diesel,Automatic,2,1,5876
8232,Mercedes,Model C,2021,28583,Diesel,Automatic,4,1,15270
8233,Toyota,Model C,2025,0,Hybrid,Manual,3,30,23166
8234,Fiat,Model A,2023,20691,Petrol,Automatic,4,1,16190
8235,Hyundai,Model B,2009,197344,Petrol,Automatic,3,1,500
8236,Ford,Model B,2023,10637,Petrol,Automatic,6,30,18788
8237,BMW,Model A,2025,4383,Petrol,Automatic,10,10,30972
8238,Dacia,Model B,2025,2052,Hybrid,Automatic,1,1,20510
8239,Toyota,Model B,2024,,Petrol,Automatic,3,20,24451
8240,Ford,Model B,2015,110219,Petrol,Manual,9,10,2206
8241,Hyundai,Model C,2025,0,Diesel,Manual,2,30,19213
8242,Mercedes,Model A,2024,37446,Hybrid,Manual,10,20,22024
8243,VW,Model A,2002,250000,Petrol,Manual,7,20,500
8244,BMW,Model B,2021,63085,Diesel,Automatic,12,20,16867
8245,Mercedes,Model A,2020,58745,Petrol,Manual,1,1,18368
8246,VW,Model A,2024,9539,Petrol,Automatic,10,10,22059
8247,Mercedes,Model C,2017,103359,Petrol,Automatic,8,1,8552
8248,Honda,Model A,2023,0,Petrol,Automatic,6,30,25050
8249,Audi,Model A,2025,0,Petrol,Automatic,2,1,31423
8250,Toyota,Model A,2025,0,Diesel,Automatic,3,10,25320
8251,BMW,Model B,2025,0,Petrol,Automatic,10,20,28107
8252,Hyundai,Model B,2025,0,Petrol,Manual,2,10,23604
8253,BMW,Model B,2001,250000,Petrol,Manual,7,10,500
8254,Hyundai,Model B,2024,13221,Hybrid,Automatic,3,1,23026
8255,VW,Model C,2021,68892,Petrol,Automatic,7,1,15467
8256,Toyota,Model B,2025,37106,Petrol,Automatic,4,10,26475
8257,Fiat,Model A,2018,65057,Petrol,Automatic,5,30,3582
8258,Mercedes,Model A,2025,2209,Hybrid,Manual,11,1,31677
8259,Audi,Model C,2023,26182,Hybrid,Manual,1,1,23217
8260,Mercedes,Model B,2025,0,Petrol,Automatic,12,30,28272
8261,Toyota,Model A,2008,187727,Petrol,Automatic,4,1,1171
8262,Dacia,Model C,2016,94242,Hybrid,Manual,8,10,3127
8263,Mercedes,Model C,2025,3606,Diesel,Automatic,3,20,26109
8264,Hyundai,Model B,2002,250000,Hybrid,Automatic,5,20,1558
8265,VW,Model C,2025,2389,Petrol,Automatic,6,30,22452
8266,BMW,Model A,2001,250000,Hybrid,Automatic,9,10,500
8267,Dacia,Model C,2024,14124,Petrol,Manual,11,1,15986
8268,Dacia,Model A,2020,45700,Petrol,Manual,11,30,5157
8269,Fiat,Model B,2023,26362,Petrol,Automatic,5,10,22315
8270,Honda,Model A,2024,0,Petrol,Automatic,2,1,22394
8271,Audi,Model B,2020,62410,Diesel,Manual,12,1,6586
8272,Toyota,Model B,2010,200090,Petrol,Automatic,1,1,3433
8273,Ford,Model C,2006,231914,Petrol,Automatic,12,1,500
8274,Toyota,Model B,2023,28828,Petrol,Manual,1,30,17793
8275,VW,Model A,2022,48258,Hybrid,Manual,12,30,16095
8276,Hyundai,Model A,2025,0,Petrol,Manual,1,30,19068
8277,Audi,Model C,2022,61783,Petrol,Manual,1,10,11063
8278,Toyota,Model B,2021,32166,Petrol,Automatic,7,20,19366
8279,Dacia,Model B,2021,61194,Diesel,Manual,9,30,8996
8280,Audi,Model A,2002,250000,Petrol,Automatic,5,20,1752
8281,Toyota,Model B,2020,46467,Petrol,Automatic,8,10,9825
8282,BMW,Model B,2025,15133,Petrol,Automatic,11,10,31548
8283,Toyota,Model B,2025,7467,Hybrid,Automatic,10,10,30222
8284,Toyota,Model B,2020,88349,Hybrid,Automatic,12,1,5753
8285,BMW,Model A,2023,26900,Petrol,Automatic,2,1,24964
8286,BMW,Model A,2025,0,Petrol,Automatic,3,30,30937
8287,Ford,Model A,2021,40278,Petrol,Automatic,8,20,13506
8288,Toyota,Model A,2001,250000,Diesel,Automatic,10,10,500
8289,BMW,Model C,2007,211226,Petrol,Automatic,2,10,500
8290,Fiat,Model B,2022,31861,Petrol,Automatic,3,1,12429
8291,Ford,Model B,2025,3930,Petrol,Automatic,12,10,24855
8292,Mercedes,Model C,2024,0,Hybrid,Automatic,1,30,24817
8293,Fiat,Model B,2007,212414,Petrol,Automatic,6,1,500
8294,Audi,Model A,2016,116643,Petrol,Automatic,3,30,5156
8295,Audi,Model B,2025,10132,Diesel,Automatic,10,30,34144
8296,Fiat,Model B,2025,0,Petrol,Automatic,11,20,23586
8297,Mercedes,Model C,2023,10378,Diesel,Manual,4,30,20056
8298,Fiat,Model C,2024,8301,Petrol,Automatic,8,30,18089
8299,Hyundai,Model A,2002,250000,Petrol,Manual,11,30,500
8300,Toyota,Model C,2025,0,Diesel,Manual,8,1,22888
8301,BMW,Model B,2025,22403,Petrol,Automatic,8,30,34544
8302,BMW,Model B,2018,86651,Petrol,Automatic,6,10,11715
8303,Mercedes,Model A,2025,0,Petrol,Manual,9,1,22835
8304,Fiat,Model A,2017,30488,Hybrid,Automatic,12,30,10526
8305,Toyota,Model A,2004,250000,Diesel,Manual,4,20,500
8306,BMW,Model C,2016,126338,Petrol,Manual,3,10,1693
8307,Ford,Model B,2015,115354,Petrol,Automatic,12,1,2114
8308,Audi,Model C,2020,60179,Petrol,Automatic,1,20,11438
8309,Audi,Model B,2021,,Petrol,Automatic,11,20,21708
8310,Mercedes,Model C,2022,44969,Petrol,Automatic,12,30,14787
8311,Hyundai,Model A,2022,24247,Petrol,Automatic,3,10,21833
8312,BMW,Model B,2019,58605,Diesel,Automatic,6,1,12431
8313,Honda,Model B,2002,250000,Petrol,Automatic,2,1,1463
8314,BMW,Model B,2023,5612,Petrol,Manual,5,10,25170
8315,Ford,Model C,2021,72031,Petrol,Manual,6,1,11721
8316,Toyota,Model C,2019,100909,Petrol,Automatic,7,20,10187
8317,BMW,Model B,2025,0,Petrol,Automatic,2,20,27946
8318,Honda,Model A,2025,0,Petrol,Automatic,6,1,23385
8319,Ford,Model A,2025,5048,Petrol,Manual,8,1,23123
8320,Audi,Model A,2022,28768,Petrol,Automatic,7,30,21436
8321,Hyundai,Model B,2013,,Petrol,Automatic,11,30,2297
8322,Toyota,Model A,2024,192,Petrol,Manual,12,1,20621
8323,VW,Model B,2016,116167,Petrol,Automatic,11,30,4201
8324,Ford,Model A,2021,49709,Petrol,Automatic,1,1,14312
8325,Fiat,Model B,2006,217856,Petrol,Manual,3,20,3733
8326,Honda,Model B,2025,3600,Diesel,Automatic,2,30,30199
8327,Mercedes,Model A,2012,169177,Petrol,Manual,6,10,5271
8328,Hyundai,Model B,2025,1302,Hybrid,Manual,10,30,19570
8329,Hyundai,Model C,2025,1459,Petrol,Automatic,1,1,26094
8330,Dacia,Model A,2022,22908,Petrol,Manual,4,10,11794
8331,BMW,Model B,2025,17163,Petrol,Automatic,2,1,27724
8332,Ford,Model A,2023,39668,Petrol,Manual,6,30,14269
8333,Honda,Model B,2025,0,Petrol,Automatic,12,20,27768
8334,VW,Model A,2021,46135,Petrol,Manual,6,30,9053
8335,Dacia,Model A,2025,21213,Diesel,Manual,8,30,15632
8336,Honda,Model A,2022,,Diesel,Manual,5,10,12867
8337,VW,Model B,2025,9064,Petrol,Manual,10,30,23781
8338,Toyota,Model A,2022,27620,Petrol,Automatic,10,1,22738
8339,Toyota,Model A,2022,62671,Petrol,Automatic,2,20,19633
8340,Toyota,Model B,2025,285,Petrol,Automatic,9,10,28167
8341,BMW,Model B,2025,18905,Petrol,Automatic,5,1,34774
8342,Toyota,Model A,2023,12580,Petrol,Manual,11,1,21243
8343,Mercedes,Model B,2015,101272,Petrol,Manual,2,1,3202
8344,Honda,Model C,2022,32486,Petrol,Automatic,12,20,10793
8345,Honda,Model C,2025,3940,Petrol,Automatic,7,30,25781
8346,Hyundai,Model C,2025,0,Petrol,Manual,4,30,24854
8347,Honda,Model C,2025,11374,Petrol,Automatic,5,30,31815
8348,Honda,Model C,2003,250000,Petrol,Manual,1,30,500
8349,Audi,Model C,2022,4778,Petrol,Automatic,12,1,23272
8350,Fiat,Model C,2024,20292,Petrol,Automatic,3,20,22782
8351,BMW,Model C,2025,,Petrol,Manual,12,20,26934
8352,Dacia,Model C,2004,246576,Petrol,Automatic,11,20,500
8353,Honda,Model C,2025,23296,Petrol,Automatic,5,20,25398
8354,Mercedes,Model B,2023,50592,Petrol,Manual,3,30,20323
8355,Toyota,Model A,2016,99367,Petrol,Automatic,6,1,840
8356,BMW,Model C,2020,68666,Petrol,Automatic,12,1,10368
8357,Mercedes,Model B,2019,63715,Petrol,Manual,11,20,7326
8358,Toyota,Model A,2022,31696,Petrol,Manual,7,10,6465
8359,Ford,Model C,2005,230913,Petrol,Automatic,7,1,2250
8360,Mercedes,Model A,2015,94134,Diesel,Automatic,6,1,5991
8361,VW,Model C,2025,1425,Petrol,Manual,12,10,26173
8362,Hyundai,Model B,2013,148322,Petrol,Automatic,12,10,3564
8363,Ford,Model B,2017,85934,Petrol,Automatic,4,1,4793
8364,Toyota,Model C,2021,64316,Petrol,Automatic,12,10,14485
8365,Mercedes,Model A,2022,29458,Petrol,Automatic,12,30,20091
8366,BMW,Model C,2025,0,Petrol,Automatic,6,1,29397
8367,VW,Model A,2021,,Petrol,Manual,6,10,14920
8368,Ford,Model B,2025,0,Petrol,Automatic,11,1,29362
8369,Honda,Model C,2023,37600,Diesel,Automatic,12,30,15521
8370,Mercedes,Model B,2011,161967,Hybrid,Automatic,6,20,500
8371,Audi,Model A,2015,134839,Petrol,Manual,7,1,4119
8372,Hyundai,Model B,2021,67321,Diesel,Automatic,5,10,14210
8373,Honda,Model C,2021,57602,Petrol,Automatic,3,10,13111
8374,Dacia,Model A,2025,0,Petrol,Automatic,12,20,17019
8375,Dacia,Model B,2023,5237,Petrol,Automatic,3,1,18844
8376,Hyundai,Model B,2021,26488,Hybrid,Automatic,11,30,14581
8377,Audi,Model B,2015,136543,Petrol,Automatic,6,1,5512
8378,Audi,Model B,2017,93977,Petrol,Automatic,2,1,6729
8379,Audi,Model C,2023,15011,Diesel,Manual,5,30,24915
8380,Dacia,Model C,2021,46018,Petrol,Manual,2,1,10575
8381,Toyota,Model B,2022,52209,Petrol,Manual,12,10,11965
8382,VW,Model C,2015,131681,Diesel,Automatic,4,30,2759
8383,Dacia,Model C,2024,18577,Petrol,Manual,10,1,17332
8384,Hyundai,Model B,2025,9568,Petrol,Automatic,6,30,24602
8385,Ford,Model B,2018,86702,Petrol,Automatic,9,1,7171
8386,Mercedes,Model B,2022,40531,Petrol,Automatic,4,1,14879
8387,Mercedes,Model B,2025,3315,Diesel,Manual,2,30,25291
8388,Honda,Model C,2020,59999,Hybrid,Automatic,11,1,10706
8389,Dacia,Model B,2023,35300,Petrol,Automatic,9,20,14031
8390,Fiat,Model C,2009,197419,Petrol,Manual,2,10,2264
8391,Mercedes,Model A,2023,10789,Petrol,Automatic,10,30,22660
8392,Toyota,Model B,2008,211933,Petrol,Automatic,8,20,500
8393,Ford,Model C,2025,3708,Petrol,Automatic,3,1,24540
8394,Honda,Model B,2025,9171,Diesel,Automatic,11,1,30237
8395,Mercedes,Model B,2025,0,Diesel,Manual,9,1,22609
8396,Toyota,Model A,2025,12176,Petrol,Automatic,7,30,31534
8397,Dacia,Model A,2023,23078,Petrol,Automatic,3,30,19862
8398,Dacia,Model A,2021,58858,Petrol,Automatic,7,30,10643
8399,Ford,Model C,2025,0,Petrol,Automatic,3,1,23026
8400,Ford,Model B,2025,0,Hybrid,Automatic,3,30,27552
8401,Audi,Model C,2022,45030,Petrol,Automatic,4,30,18393
8402,VW,Model B,2025,0,Petrol,Manual,9,30,24317
8403,BMW,Model C,2023,57086,Diesel,Automatic,9,10,18825
8404,Audi,Model C,2022,44496,Petrol,Manual,1,10,14624
8405,BMW,Model B,2021,48373,Petrol,Manual,9,30,14003
8406,Toyota,Model B,2016,120298,Petrol,Automatic,1,20,1392
8407,Fiat,Model A,2000,250000,Hybrid,Automatic,12,30,500
8408,Dacia,Model C,2018,97845,Diesel,Automatic,10,20,2823
8409,VW,Model B,2022,49428,Petrol,Automatic,10,1,20612
8410,VW,Model C,2020,78803,Petrol,Manual,3,20,8192
8411,Audi,Model B,2021,41387,Petrol,Automatic,12,10,15061
8412,Honda,Model C,2025,0,Petrol,Manual,12,1,18587
8413,VW,Model B,2020,50847,Petrol,Manual,7,20,6981
8414,Honda,Model C,2021,43775,Petrol,Manual,1,1,9345
8415,BMW,Model A,2013,169008,Petrol,Automatic,7,1,4576
8416,VW,Model C,2004,250000,Petrol,Automatic,2,30,2155
8417,Audi,Model A,2025,5169,Petrol,Automatic,8,10,32131
8418,BMW,Model C,2023,24140,Petrol,Manual,12,10,17936
8419,Honda,Model A,2025,0,Petrol,Automatic,10,20,24646
8420,BMW,Model A,2014,144370,Diesel,Manual,5,1,5556
8421,Ford,Model C,2023,56828,Diesel,Automatic,5,1,19327
8422,Ford,Model A,2018,110787,Diesel,Automatic,12,10,2460
8423,Audi,Model B,2017,113069,Petrol,Automatic,2,10,4828
8424,Dacia,Model B,2001,250000,Petrol,Automatic,12,1,500
8425,Hyundai,Model A,2013,156484,Hybrid,Automatic,1,30,500
8426,Mercedes,Model B,2020,59290,Petrol,Automatic,6,30,14770
8427,VW,Model A,2011,156951,Petrol,Automatic,10,10,1454
8428,Toyota,Model B,2025,0,Petrol,Manual,5,1,25512
8429,Hyundai,Model A,2020,66335,Petrol,Automatic,8,20,11298
8430,Hyundai,Model B,2013,122195,Hybrid,Manual,7,1,4820
8431,Mercedes,Model A,2016,105705,Petrol,Manual,8,1,9312
8432,VW,Model A,2023,11611,Petrol,Automatic,3,10,21948
8433,Fiat,Model C,2006,72962,Hybrid,Automatic,8,20,500
8434,Toyota,Model B,2025,0,Petrol,Automatic,12,20,26602
8435,BMW,Model C,2025,4923,Petrol,Automatic,3,10,31513
8436,BMW,Model A,2018,73499,Petrol,Manual,1,20,3696
8437,Mercedes,Model A,2021,71965,Diesel,Manual,5,10,16130
8438,BMW,Model A,2002,250000,Petrol,Automatic,5,30,500
8439,Toyota,Model B,2024,19137,Petrol,Manual,2,10,21291
8440,Toyota,Model A,2021,28841,Petrol,Manual,8,1,11335
8441,Mercedes,Model B,2019,64360,Hybrid,Automatic,6,10,10702
8442,VW,Model B,2016,111092,Petrol,Automatic,11,20,8289
8443,Dacia,Model A,2024,15830,Petrol,Automatic,6,10,15269
8444,Fiat,Model C,2021,51439,Diesel,Automatic,12,30,13285
8445,Audi,Model B,2015,122276,Diesel,Automatic,10,10,2638
8446,Hyundai,Model B,2024,2372,Petrol,Automatic,7,20,23783
8447,Dacia,Model A,2023,21539,Diesel,Automatic,7,1,17551
8448,Fiat,Model C,2025,474,Petrol,Manual,11,20,18074
8449,Fiat,Model B,2011,170930,Petrol,Automatic,10,30,3049
8450,Hyundai,Model B,2025,0,Petrol,Automatic,9,30,24923
8451,Toyota,Model B,2024,22943,Petrol,Automatic,4,10,15124
8452,BMW,Model C,2011,169400,Petrol,Automatic,6,1,500
8453,Honda,Model B,2024,4505,Petrol,Manual,10,1,21764
8454,BMW,Model C,2021,42260,Petrol,Manual,8,20,8921
8455,Dacia,Model B,2025,0,Diesel,Automatic,12,30,19568
8456,Toyota,Model A,2014,134310,Petrol,Manual,11,20,3523
8457,Dacia,Model A,2024,30111,Petrol,Automatic,6,30,14539
8458,Hyundai,Model A,2021,54657,Petrol,Automatic,4,10,13502
8459,Toyota,Model A,2025,0,Petrol,Manual,2,20,22336
8460,Mercedes,Model B,2020,72221,Hybrid,Manual,6,1,14477
8461,Audi,Model B,2025,0,Petrol,Manual,3,10,28203
8462,VW,Model C,2025,10719,Diesel,Manual,1,1,21446
8463,Hyundai,Model B,2019,66468,Petrol,Automatic,2,10,6877
8464,Dacia,Model C,2025,5299,Petrol,Automatic,6,30,16138
8465,Mercedes,Model A,2025,0,Petrol,Automatic,12,1,29886
8466,Mercedes,Model A,2018,,Petrol,Manual,5,30,10886
8467,BMW,Model A,2021,24506,Diesel,Manual,6,1,18577
8468,Audi,Model B,2022,43681,Diesel,Manual,5,20,13755
8469,Hyundai,Model A,2019,77552,Diesel,Automatic,5,30,8029
8470,Mercedes,Model C,2001,250000,Hybrid,Manual,10,1,500
8471,Honda,Model A,2017,100129,Petrol,Manual,7,30,9671
8472,Honda,Model C,2019,60566,Diesel,Automatic,6,10,8661
8473,Toyota,Model A,2021,62488,Petrol,Automatic,12,1,16560
8474,Ford,Model A,2015,134891,Petrol,Manual,4,30,3785
8475,Honda,Model A,2025,0,Petrol,Manual,11,1,23554
8476,Toyota,Model A,2025,7981,Petrol,Automatic,7,10,26581
8477,VW,Model A,2008,217124,Petrol,Automatic,6,20,3955
8478,Audi,Model B,2024,4948,Petrol,Automatic,1,1,28437
8479,Ford,Model C,2024,7559,Petrol,Manual,11,30,18628
8480,Dacia,Model C,2025,8011,Petrol,Manual,4,10,18303
8481,VW,Model B,2000,250000,Petrol,Manual,9,20,500
8482,Toyota,Model B,2018,67672,Diesel,Automatic,11,20,9489
8483,VW,Model A,2025,0,Petrol,Manual,7,30,21492
8484,Hyundai,Model A,2025,0,Petrol,Automatic,9,30,24526
8485,Toyota,Model A,2025,16274,Petrol,Manual,5,30,23343
8486,VW,Model C,2025,0,Diesel,Automatic,10,20,18455
8487,Honda,Model A,2009,197146,Petrol,Manual,9,10,1826
8488,Hyundai,Model B,2022,48175,Petrol,Automatic,6,30,17115
8489,Toyota,Model A,2017,91596,Diesel,Manual,8,20,8871
8490,Dacia,Model B,2016,97974,Petrol,Automatic,4,1,2250
8491,Ford,Model A,2025,3492,Petrol,Automatic,9,10,20895
8492,Toyota,Model A,2013,144027,Petrol,Automatic,9,10,4106
8493,Toyota,Model C,2022,51052,Petrol,Automatic,6,1,19081
8494,Toyota,Model B,2025,0,Diesel,Automatic,4,1,23844
8495,Mercedes,Model B,2016,94219,Hybrid,Automatic,11,20,9115
8496,BMW,Model B,2025,8423,Diesel,Automatic,10,30,27696
8497,Toyota,Model C,2025,756,Petrol,Manual,1,30,21019
8498,Honda,Model A,2023,35280,Petrol,Manual,7,30,21008
8499,Toyota,Model C,2015,123930,Petrol,Automatic,2,30,4563
8500,BMW,Model B,2020,,Diesel,Automatic,4,20,12259
8501,Ford,Model C,2021,43465,Petrol,Automatic,6,10,14403
8502,Mercedes,Model B,2020,94875,Hybrid,Automatic,3,1,14058
8503,Audi,Model C,2019,95024,Petrol,Manual,6,30,10606
8504,Mercedes,Model B,2025,7432,Petrol,Automatic,9,30,34760
8505,Honda,Model A,2015,121176,Petrol,Manual,6,30,7358
8506,BMW,Model C,2025,8071,Diesel,Automatic,3,30,32812
8507,Audi,Model B,2000,250000,Petrol,Manual,6,30,500
8508,Honda,Model B,2023,30282,Petrol,Manual,8,1,17308
8509,Mercedes,Model A,2025,0,Diesel,Automatic,12,10,30457
8510,Honda,Model B,2019,98767,Petrol,Manual,7,30,11968
8511,Toyota,Model B,2016,111693,Petrol,Automatic,12,10,6873
8512,Fiat,Model B,2024,42208,Petrol,Automatic,12,1,18873
8513,Hyundai,Model B,2025,2807,Hybrid,Manual,7,1,25631
8514,Dacia,Model B,2024,8315,Hybrid,Manual,2,30,14119
8515,Honda,Model C,2020,80762,Petrol,Automatic,11,10,9760
8516,Ford,Model C,2018,88517,Petrol,Automatic,11,20,2986
8517,Dacia,Model C,2025,2001,Petrol,Automatic,11,30,18421
8518,Toyota,Model C,2025,,Petrol,Manual,12,1,27514
8519,Ford,Model C,2021,57903,Petrol,Manual,4,1,8945
8520,Toyota,Model C,2025,0,Petrol,Automatic,5,1,26573
8521,Honda,Model B,2021,41283,Diesel,Manual,9,10,13958
8522,BMW,Model A,2021,40641,Hybrid,Automatic,8,1,18680
8523,Hyundai,Model A,2015,126585,Diesel,Automatic,11,20,500
8524,Dacia,Model A,2021,24969,Petrol,Automatic,4,1,16118
8525,BMW,Model A,2022,32837,Diesel,Automatic,9,30,21341
8526,Hyundai,Model B,2002,250000,Petrol,Automatic,12,30,1510
8527,Audi,Model B,2021,29314,Petrol,Automatic,3,30,18957
8528,Mercedes,Model C,2025,2593,Petrol,Automatic,4,1,26239
8529,VW,Model C,2024,2529,Diesel,Automatic,6,1,18877
8530,BMW,Model B,2024,5944,Petrol,Automatic,2,10,24037
8531,Honda,Model B,2025,24827,Diesel,Automatic,3,1,26203
8532,BMW,Model C,2001,250000,Petrol,Automatic,5,20,2816
8533,Ford,Model A,2023,35484,Petrol,Automatic,1,1,12159
8534,Honda,Model C,2025,0,Petrol,Automatic,5,1,28215
8535,Fiat,Model A,2023,16085,Petrol,Manual,4,30,10401
8536,VW,Model C,2020,43326,Diesel,Automatic,11,20,11306
8537,Mercedes,Model A,2013,155308,Petrol,Automatic,8,20,5806
8538,Toyota,Model C,2025,0,Petrol,Manual,12,30,21257
8539,Dacia,Model A,2022,31234,Petrol,Automatic,3,10,10962
8540,VW,Model A,2025,1647,Petrol,Automatic,2,10,26555
8541,Ford,Model C,2023,21445,Petrol,Automatic,5,20,13896
8542,Ford,Model A,2024,0,Petrol,Automatic,1,20,26759
8543,Toyota,Model B,2025,0,Hybrid,Manual,12,20,25760
8544,Ford,Model B,2024,25431,Diesel,Automatic,3,20,24720
8545,Hyundai,Model B,2021,25400,Petrol,Automatic,2,10,13447
8546,Mercedes,Model B,2022,19650,Petrol,Automatic,10,1,18677
8547,Dacia,Model B,2025,,Petrol,Automatic,9,10,21492
8548,Audi,Model A,2020,14734,Diesel,Automatic,1,10,11655
8549,Honda,Model C,2021,47581,Petrol,Automatic,7,30,13859
8550,BMW,Model B,2009,52681,Petrol,Manual,6,30,1103
8551,Ford,Model B,2025,0,Petrol,Manual,5,1,26349
8552,Toyota,Model C,2009,191280,Diesel,Automatic,2,20,4676
8553,Audi,Model A,2024,21734,Petrol,Manual,10,30,24730
8554,Dacia,Model A,2021,66671,Diesel,Manual,3,1,7325
8555,Toyota,Model C,2021,44076,Petrol,Manual,6,10,13105
8556,Toyota,Model C,2024,40320,Hybrid,Automatic,12,10,19062
8557,Honda,Model A,2006,225241,Diesel,Manual,4,30,4357
8558,Mercedes,Model A,2023,36433,Diesel,Automatic,1,10,20981
8559,Toyota,Model A,2025,28972,Petrol,Manual,12,10,23683
8560,Toyota,Model A,2025,2089,Petrol,Automatic,7,20,31230
8561,Honda,Model A,2015,99397,Hybrid,Manual,7,30,7950
8562,Fiat,Model A,2025,1363,Hybrid,Automatic,7,10,22336
8563,Mercedes,Model A,2024,2825,Petrol,Manual,3,30,24973
8564,Ford,Model B,2025,0,Petrol,Automatic,9,10,28479
8565,BMW,Model A,2022,65774,Petrol,Manual,3,30,15916
8566,Toyota,Model C,2023,5658,Petrol,Manual,4,20,17163
8567,Honda,Model A,2025,4507,Petrol,Automatic,8,30,25414
8568,BMW,Model B,2025,0,Petrol,Automatic,10,10,28575
8569,Honda,Model A,2021,43385,Petrol,Automatic,10,1,13916
8570,Toyota,Model B,2019,83172,Petrol,Automatic,2,20,9718
8571,Dacia,Model B,2021,52772,Hybrid,Manual,10,10,13394
8572,Ford,Model B,2021,44624,Petrol,Automatic,9,30,17129
8573,Audi,Model B,2019,62252,Petrol,Automatic,8,10,12743
8574,Mercedes,Model B,2018,88741,Hybrid,Manual,12,20,12015
8575,BMW,Model A,2025,25615,Petrol,Automatic,5,20,29659
8576,BMW,Model A,2006,214479,Petrol,Automatic,9,10,500
8577,VW,Model B,2024,40674,Petrol,Automatic,8,1,25507
8578,Fiat,Model B,2015,137992,Petrol,Automatic,5,20,2122
8579,Mercedes,Model C,2020,80540,Diesel,Automatic,10,20,13511
8580,Toyota,Model B,2006,232626,Petrol,Automatic,6,30,500
8581,Toyota,Model C,2018,101566,Petrol,Automatic,7,1,6379
8582,Ford,Model A,2025,0,Petrol,Manual,8,10,22410
8583,Mercedes,Model C,2025,0,Petrol,Automatic,7,1,31331
8584,Dacia,Model A,2017,107487,Petrol,Manual,6,30,4285
8585,VW,Model C,2022,40437,Petrol,Manual,3,20,13716
8586,Dacia,Model C,2022,,Hybrid,Automatic,4,30,11352
8587,Audi,Model A,2025,0,Petrol,Manual,2,30,29863
8588,Ford,Model A,2025,0,Petrol,Automatic,10,1,25200
8589,VW,Model B,2022,18389,Petrol,Manual,10,30,18860
8590,VW,Model B,2024,19403,Petrol,Manual,8,30,25802
8591,BMW,Model B,2025,0,Petrol,Automatic,12,30,32704
8592,Dacia,Model C,2000,250000,Diesel,Manual,4,20,1497
8593,Fiat,Model A,2021,87643,Petrol,Automatic,11,10,10996
8594,Mercedes,Model A,2025,15572,Petrol,Automatic,3,30,27386
8595,Honda,Model C,2025,15838,Petrol,Automatic,1,20,28198
8596,Toyota,Model C,2023,57033,Diesel,Manual,1,30,17011
8597,Fiat,Model C,2022,48032,Diesel,Automatic,8,1,13321
8598,VW,Model B,2020,48435,Diesel,Automatic,10,20,11451
8599,Audi,Model C,2022,22681,Petrol,Manual,11,20,21329
8600,BMW,Model A,2024,,Petrol,Manual,6,1,30030
8601,Toyota,Model B,2021,17109,Diesel,Manual,1,1,10636
8602,BMW,Model B,2025,0,Petrol,Automatic,1,20,33862
8603,Mercedes,Model C,2025,0,Diesel,Automatic,12,10,27074
8604,Ford,Model C,2015,121482,Diesel,Manual,2,1,706
8605,VW,Model B,2021,60811,Petrol,Automatic,10,1,13590
8606,Honda,Model B,2021,52191,Petrol,Manual,1,1,17375
8607,Ford,Model C,2024,26071,Petrol,Automatic,3,30,24250
8608,Mercedes,Model B,2018,113472,Petrol,Manual,3,1,6858
8609,Toyota,Model B,2024,9846,Hybrid,Manual,4,20,21936
8610,VW,Model A,2025,42114,Petrol,Manual,6,1,22311
8611,Toyota,Model C,2021,51190,Petrol,Automatic,2,1,15318
8612,Toyota,Model A,2025,,Hybrid,Manual,12,20,23176
8613,Mercedes,Model B,2025,0,Petrol,Automatic,1,10,29945
8614,Ford,Model B,2010,204289,Petrol,Automatic,10,30,1122
8615,Hyundai,Model A,2017,111625,Petrol,Automatic,7,1,5024
8616,Honda,Model B,2025,22071,Diesel,Automatic,2,1,23642
8617,Mercedes,Model A,2025,817,Petrol,Automatic,2,10,29654
8618,Hyundai,Model B,2009,173168,Petrol,Manual,8,10,1954
8619,BMW,Model C,2001,250000,Hybrid,Automatic,4,20,500
8620,Honda,Model A,2015,94544,Petrol,Automatic,6,10,11470
8621,Audi,Model B,2025,0,Diesel,Manual,7,1,26064
8622,Dacia,Model B,2015,122866,Petrol,Automatic,8,1,4920
8623,VW,Model B,2022,71658,Petrol,Automatic,8,20,18070
8624,Ford,Model B,2025,4778,Diesel,Automatic,1,30,25569
8625,VW,Model A,2002,250000,Petrol,Automatic,10,30,500
8626,Honda,Model A,2023,23054,Petrol,Automatic,4,30,19264
8627,Mercedes,Model C,2019,51868,Diesel,Automatic,2,1,6705
8628,VW,Model A,2025,1287,Petrol,Manual,2,30,24633
8629,Honda,Model A,2019,,Petrol,Manual,3,20,7100
8630,Ford,Model C,2024,0,Petrol,Manual,8,20,18287
8631,BMW,Model C,2024,0,Diesel,Automatic,6,30,29956
8632,Mercedes,Model B,2017,88776,Petrol,Automatic,2,30,11670
8633,Ford,Model C,2003,250000,Diesel,Automatic,1,20,500
8634,Honda,Model A,2021,41136,Petrol,Automatic,1,1,18467
8635,Audi,Model B,2019,56236,Diesel,Manual,6,30,8154
8636,Audi,Model B,2025,4339,Petrol,Automatic,10,10,29425
8637,Ford,Model A,2025,8083,Petrol,Manual,8,10,19815
8638,BMW,Model A,2021,49819,Diesel,Automatic,11,30,19727
8639,Honda,Model B,2023,15555,Hybrid,Automatic,4,30,17291
8640,Honda,Model B,2023,32922,Petrol,Automatic,2,20,16974
8641,Toyota,Model A,2025,0,Diesel,Automatic,11,20,26364
8642,Hyundai,Model B,2021,30163,Petrol,Manual,10,10,13657
8643,BMW,Model B,2019,87543,Petrol,Manual,8,30,10938
8644,Fiat,Model A,2018,89302,Hybrid,Automatic,12,1,2182
8645,VW,Model C,2022,34210,Hybrid,Automatic,8,10,14682
8646,Honda,Model B,2021,24434,Petrol,Automatic,7,30,19928
8647,Fiat,Model A,2021,36827,Petrol,Automatic,7,10,11160
8648,VW,Model A,2009,222278,Petrol,Automatic,8,30,500
8649,Dacia,Model A,2025,0,Petrol,Manual,7,20,21358
8650,Honda,Model B,2017,92229,Petrol,Manual,4,10,9239
8651,Honda,Model B,2016,107754,Petrol,Automatic,12,10,9516
8652,Honda,Model C,2021,52807,Petrol,Automatic,12,10,11240
8653,BMW,Model B,2017,73542,Petrol,Manual,3,20,6480
8654,Fiat,Model A,2023,26612,Hybrid,Automatic,7,20,15156
8655,VW,Model A,2020,34708,Petrol,Automatic,10,10,11661
8656,Ford,Model A,2021,49461,Petrol,Automatic,1,30,12412
8657,Fiat,Model A,2022,26214,Petrol,Automatic,2,30,16902
8658,Dacia,Model C,2016,95011,Hybrid,Automatic,7,20,500
8659,Mercedes,Model C,2015,132522,Petrol,Automatic,1,10,4603
8660,VW,Model A,2025,0,Petrol,Automatic,11,30,22979
8661,Ford,Model A,2021,55105,Hybrid,Manual,11,20,16622
8662,Honda,Model B,2021,55602,Petrol,Automatic,10,20,12161
8663,Dacia,Model B,2003,250000,Petrol,Automatic,11,30,500
8664,Fiat,Model A,2022,5362,Petrol,Manual,9,10,12920
8665,VW,Model B,2023,37785,Hybrid,Manual,2,10,13242
8666,Toyota,Model C,2023,24246,Petrol,Automatic,1,10,24833
8667,VW,Model B,2025,0,Diesel,Manual,11,10,22029
8668,Honda,Model B,2015,102761,Petrol,Automatic,9,30,1717
8669,Audi,Model C,2018,93098,Petrol,Manual,5,20,10286
8670,Honda,Model C,2025,0,Petrol,Manual,10,1,27116
8671,Audi,Model A,2025,7767,Hybrid,Manual,1,30,28157
8672,Honda,Model C,2013,172917,Petrol,Manual,4,10,2456
8673,VW,Model B,2022,50699,Petrol,Manual,5,20,16572
8674,BMW,Model B,2017,116871,Petrol,Automatic,2,30,4288
8675,Hyundai,Model C,2006,217214,Petrol,Automatic,10,30,500
8676,BMW,Model A,2020,71440,Petrol,Manual,10,30,13469
8677,Honda,Model B,2014,114836,Diesel,Manual,8,20,2084
8678,Ford,Model B,2025,0,Petrol,Manual,6,10,28674
8679,Hyundai,Model A,2022,62119,Petrol,Manual,8,10,17636
8680,Hyundai,Model A,2014,122882,Petrol,Automatic,12,20,6895
8681,Toyota,Model A,2000,250000,Petrol,Manual,5,10,500
8682,BMW,Model A,2025,15234,Petrol,Manual,5,30,29860
8683,VW,Model C,2015,136121,Petrol,Automatic,8,30,1633
8684,Honda,Model C,2023,4994,Petrol,Manual,9,10,18683
8685,Toyota,Model C,2020,67878,Petrol,Automatic,6,1,7776
8686,Audi,Model A,2023,21651,Petrol,Manual,11,30,16714
8687,Mercedes,Model C,2020,76327,Diesel,Manual,5,30,9518
8688,Toyota,Model A,2008,179174,Petrol,Automatic,9,1,500
8689,Honda,Model B,2017,,Petrol,Automatic,9,30,9799
8690,Honda,Model A,2016,111395,Hybrid,Automatic,4,20,7371
8691,Ford,Model A,2021,18148,Diesel,Automatic,1,1,10811
8692,Toyota,Model C,2024,0,Hybrid,Automatic,11,20,30239
8693,Fiat,Model B,2018,56547,Petrol,Automatic,7,20,7506
8694,Honda,Model B,2001,250000,Petrol,Automatic,2,20,500
8695,Toyota,Model C,2022,44238,Petrol,Automatic,12,10,15802
8696,BMW,Model A,2023,26930,Petrol,Manual,4,1,17375
8697,Ford,Model A,2025,2541,Petrol,Automatic,6,10,24604
8698,Ford,Model C,2023,8403,Petrol,Manual,7,1,16361
8699,Ford,Model A,2022,52806,Petrol,Automatic,5,20,14111
8700,Fiat,Model B,2023,23717,Petrol,Manual,2,30,13917
8701,Hyundai,Model A,2025,505,Petrol,Manual,9,30,21140
8702,Fiat,Model B,2025,14105,Diesel,Automatic,3,30,21417
8703,BMW,Model B,2020,45129,Petrol,Automatic,9,1,11001
8704,Toyota,Model B,2017,99428,Petrol,Manual,11,1,3206
8705,Toyota,Model B,2018,90351,Diesel,Automatic,1,10,12535
8706,VW,Model B,2022,27816,Petrol,Automatic,10,20,17696
8707,Honda,Model C,2025,9785,Hybrid,Automatic,8,30,23607
8708,Hyundai,Model C,2022,43156,Petrol,Automatic,3,20,15047
8709,Toyota,Model A,2006,226482,Diesel,Manual,8,10,500
8710,Audi,Model B,2025,0,Petrol,Manual,6,1,24741
8711,Toyota,Model A,2025,7853,Petrol,Automatic,2,30,35158
8712,Mercedes,Model B,2019,83827,Diesel,Automatic,7,30,9287
8713,Mercedes,Model B,2024,12943,Hybrid,Automatic,12,20,24036
8714,Audi,Model B,2021,64802,Diesel,Manual,9,30,14726
8715,BMW,Model C,2025,9877,Diesel,Manual,5,1,31597
8716,VW,Model C,2025,0,Petrol,Automatic,8,30,23211
8717,Toyota,Model B,2022,14926,Diesel,Manual,10,20,17892
8718,BMW,Model A,2024,29733,Petrol,Manual,2,10,30725
8719,Toyota,Model B,2025,0,Petrol,Automatic,7,30,25349
8720,Fiat,Model A,2022,38462,Petrol,Manual,7,30,10028
8721,Honda,Model C,2020,77089,Petrol,Automatic,5,20,9266
8722,Dacia,Model C,2025,0,Petrol,Automatic,10,30,20056
8723,Honda,Model B,2017,96559,Petrol,Automatic,8,30,9670
8724,Dacia,Model A,2021,34969,Petrol,Automatic,9,30,10830
8725,Audi,Model B,2025,5549,Petrol,Manual,8,30,31191
8726,Toyota,Model A,2025,8797,Petrol,Manual,10,30,21781
8727,VW,Model C,2021,39331,Petrol,Automatic,8,30,8718
8728,Dacia,Model C,2017,82169,Petrol,Automatic,9,1,4567
8729,Hyundai,Model B,2020,99394,Petrol,Automatic,3,20,13545
8730,Ford,Model B,2019,70606,Petrol,Automatic,11,1,9048
8731,BMW,Model C,2015,109744,Petrol,Manual,2,30,3641
8732,Toyota,Model B,2025,10598,Petrol,Automatic,5,10,26580
8733,BMW,Model B,2018,83238,Petrol,Automatic,12,30,11437
8734,Toyota,Model B,2021,31713,Petrol,Automatic,2,1,14679
8735,Audi,Model B,2021,55245,Hybrid,Automatic,11,30,20768
8736,Toyota,Model C,2025,0,Petrol,Manual,6,20,24027
8737,Hyundai,Model C,2021,71646,Diesel,Automatic,3,10,18509
8738,Mercedes,Model A,2007,223417,Petrol,Manual,10,30,500
8739,Toyota,Model B,2008,199846,Petrol,Manual,4,1,500
8740,Audi,Model B,2023,25640,Petrol,Automatic,9,30,26618
8741,Toyota,Model C,2023,,Petrol,Manual,10,1,15827
8742,Toyota,Model C,2021,15236,Diesel,Automatic,8,1,12688
8743,Audi,Model B,2021,79831,Petrol,Manual,10,1,13495
8744,Dacia,Model A,2005,250000,Petrol,Automatic,12,1,673
8745,Toyota,Model C,2022,43314,Petrol,Automatic,7,20,18526
8746,Mercedes,Model A,2022,21945,Petrol,Automatic,2,30,23269
8747,Honda,Model B,2014,129796,Diesel,Automatic,9,10,4630
8748,Mercedes,Model A,2010,187183,Diesel,Manual,6,1,500
8749,Audi,Model C,2012,143657,Petrol,Automatic,7,1,3712
8750,Toyota,Model B,2010,199401,Diesel,Manual,8,30,2550
8751,Mercedes,Model B,2023,9387,Petrol,Manual,9,1,22551
8752,VW,Model B,2016,98441,Petrol,Automatic,8,30,8184
8753,Hyundai,Model A,2018,75565,Diesel,Manual,3,1,5862
8754,Toyota,Model A,2015,131157,Petrol,Automatic,10,10,500
8755,VW,Model B,2025,,Diesel,Manual,11,30,26203
8756,Toyota,Model C,2025,0,Petrol,Manual,1,30,27663
8757,Mercedes,Model B,2017,112320,Petrol,Manual,4,30,2877
8758,Toyota,Model A,2020,53334,Diesel,Automatic,12,10,9011
8759,Ford,Model B,2016,91972,Petrol,Manual,3,1,3918
8760,BMW,Model C,2022,24677,Petrol,Automatic,3,20,24300
8761,VW,Model A,2001,250000,Petrol,Automatic,8,10,500
8762,VW,Model A,2024,2144,Petrol,Automatic,5,20,22658
8763,Fiat,Model B,2022,34149,Petrol,Automatic,9,30,13481
8764,Mercedes,Model B,2025,0,Petrol,Automatic,4,30,35432
8765,BMW,Model A,2015,101510,Petrol,Manual,6,10,3899
8766,BMW,Model C,2025,0,Hybrid,Manual,12,30,28983
8767,Fiat,Model B,2025,0,Petrol,Manual,5,30,19714
8768,Hyundai,Model B,2012,170338,Petrol,Manual,2,30,3632
8769,Hyundai,Model A,2021,49513,Petrol,Manual,10,20,11675
8770,Honda,Model C,2015,157240,Petrol,Automatic,8,1,4748
8771,Honda,Model A,2018,73366,Petrol,Manual,6,30,4782
8772,Toyota,Model C,2018,71117,Petrol,Manual,12,1,5007
8773,Hyundai,Model A,2023,47006,Petrol,Automatic,2,1,18114
8774,Hyundai,Model A,2021,63869,Petrol,Manual,7,1,10368
8775,Toyota,Model C,2025,5771,Petrol,Automatic,3,20,26039
8776,Toyota,Model A,2012,139294,Diesel,Automatic,2,20,500
8777,VW,Model B,2025,26174,Petrol,Manual,6,30,23933
8778,BMW,Model B,2017,94918,Petrol,Automatic,12,30,3010
8779,Fiat,Model B,2025,0,Petrol,Automatic,10,30,23744
8780,Honda,Model B,2020,77144,Diesel,Manual,3,30,8349
8781,Honda,Model C,2014,131665,Petrol,Manual,6,10,4422
8782,VW,Model A,2025,0,Diesel,Automatic,10,30,24991
8783,Ford,Model C,2020,60604,Hybrid,Automatic,3,10,5257
8784,Audi,Model B,2024,279,Hybrid,Manual,3,1,23389
8785,Dacia,Model A,2023,0,Petrol,Automatic,3,10,17060
8786,Dacia,Model A,2022,22774,Petrol,Automatic,8,1,14000
8787,Honda,Model C,2022,28083,Diesel,Automatic,1,1,16213
8788,Ford,Model C,2025,0,Petrol,Manual,8,1,25762
8789,Ford,Model C,2008,212628,Petrol,Manual,11,10,1937
8790,Honda,Model B,2024,338,Petrol,Automatic,10,1,25599
8791,Dacia,Model A,2025,7176,Diesel,Manual,9,1,17266
8792,Audi,Model C,2005,221500,Petrol,Manual,3,10,1440
8793,Mercedes,Model C,2014,145638,Diesel,Manual,11,10,4029
8794,Fiat,Model C,2025,0,Diesel,Manual,12,10,17774
8795,Audi,Model B,2021,12877,Petrol,Manual,3,30,17432
8796,VW,Model B,2021,66558,Petrol,Automatic,12,30,15962
8797,Audi,Model A,2013,131161,Petrol,Automatic,11,1,2145
8798,Dacia,Model B,2022,62353,Petrol,Manual,12,30,13249
8799,Hyundai,Model B,2012,164468,Petrol,Manual,4,30,3591
8800,Fiat,Model C,2022,47853,Petrol,Manual,12,1,10822
8801,Dacia,Model A,2025,15682,Diesel,Automatic,3,1,21582
8802,BMW,Model A,2018,85690,Petrol,Manual,3,10,3187
8803,Honda,Model C,2022,37860,Petrol,Manual,2,20,18883
8804,Ford,Model A,2025,19220,Petrol,Manual,6,20,24509
8805,Hyundai,Model C,2024,13670,Diesel,Automatic,1,1,19743
8806,Audi,Model A,2025,0,Petrol,Manual,5,30,30476
8807,Fiat,Model C,2021,56786,Petrol,Automatic,8,1,15689
8808,Audi,Model C,2025,0,Petrol,Manual,1,20,27208
8809,Fiat,Model A,2004,,Petrol,Manual,11,1,500
8810,Honda,Model B,2012,176106,Petrol,Automatic,4,1,3634
8811,Honda,Model C,2016,125972,Petrol,Manual,1,30,500
8812,Toyota,Model B,2021,65396,Petrol,Manual,5,20,11803
8813,Mercedes,Model C,2025,0,Diesel,Automatic,2,30,34008
8814,Toyota,Model B,2020,58399,Hybrid,Manual,10,1,9939
8815,Toyota,Model B,2024,0,Petrol,Automatic,5,1,21978
8816,Honda,Model A,2025,26220,Petrol,Manual,2,20,26811
8817,VW,Model C,2023,16724,Diesel,Automatic,6,30,21479
8818,Toyota,Model A,2020,,Petrol,Automatic,6,1,12590
8819,Toyota,Model C,2023,27810,Diesel,Manual,4,30,16525
8820,Fiat,Model C,2020,39893,Petrol,Automatic,5,30,9369
8821,Hyundai,Model B,2008,177829,Petrol,Automatic,10,30,500
8822,BMW,Model C,2025,83,Petrol,Manual,8,10,24808
8823,Hyundai,Model A,2012,149193,Petrol,Manual,3,30,500
8824,Dacia,Model B,2007,214658,Diesel,Manual,12,30,514
8825,Dacia,Model B,2025,15981,Petrol,Manual,4,10,21980
8826,Hyundai,Model B,2020,63374,Petrol,Manual,7,1,9785
8827,Ford,Model C,2024,23377,Petrol,Automatic,8,30,20244
8828,Audi,Model B,2020,66679,Petrol,Automatic,3,30,9908
8829,VW,Model C,2021,43254,Petrol,Automatic,4,10,17575
8830,VW,Model C,2018,68972,Hybrid,Automatic,7,20,8946
8831,Toyota,Model A,2020,63970,Diesel,Automatic,4,1,8849
8832,Audi,Model C,2021,49258,Diesel,Manual,4,20,12998
8833,Toyota,Model B,2025,13727,Petrol,Automatic,8,10,24708
8834,Ford,Model A,2022,33736,Petrol,Manual,10,30,11171
8835,Toyota,Model A,2025,0,Petrol,Manual,11,10,26534
8836,Ford,Model C,2004,248557,Petrol,Automatic,2,1,500
8837,Fiat,Model C,2022,22219,Diesel,Automatic,10,1,13672
8838,Toyota,Model C,2023,45703,Diesel,Manual,12,30,13760
8839,Dacia,Model C,2025,17094,Petrol,Manual,8,30,20421
8840,Honda,Model C,2004,233804,Diesel,Manual,8,20,500
8841,Mercedes,Model A,2023,36059,Petrol,Automatic,12,20,20641
8842,BMW,Model C,2025,0,Petrol,Manual,11,10,29889
8843,Toyota,Model C,2018,98779,Petrol,Manual,7,30,11178
8844,Audi,Model A,2025,,Petrol,Automatic,10,30,32180
8845,Hyundai,Model B,2001,250000,Diesel,Automatic,3,20,500
8846,VW,Model B,2025,0,Petrol,Manual,6,20,23672
8847,Fiat,Model B,2025,0,Diesel,Automatic,9,20,23480
8848,Ford,Model C,2024,19030,Petrol,Manual,4,30,25150
8849,Honda,Model A,2021,37486,Hybrid,Manual,6,1,13510
8850,Audi,Model B,2004,239400,Diesel,Automatic,3,20,1406
8851,Ford,Model B,2025,20937,Diesel,Manual,12,30,26044
8852,Ford,Model B,2022,69164,Petrol,Automatic,12,20,17029
8853,Toyota,Model C,2002,250000,Petrol,Automatic,6,20,500
8854,Dacia,Model B,2024,0,Petrol,Manual,3,1,13845
8855,Ford,Model B,2022,62452,Petrol,Manual,9,1,14001
8856,Hyundai,Model C,2012,132578,Petrol,Automatic,3,10,500
8857,Ford,Model A,2017,91432,Petrol,Automatic,3,20,7878
8858,Toyota,Model C,2006,228821,Petrol,Automatic,12,20,500
8859,VW,Model C,2023,52860,Petrol,Automatic,2,1,19582
8860,Audi,Model B,2024,25689,Petrol,Manual,5,10,26724
8861,Ford,Model A,2022,29043,Petrol,Manual,7,30,15915
8862,Toyota,Model C,2025,0,Diesel,Manual,2,1,24852
8863,Mercedes,Model A,2025,15032,Petrol,Automatic,1,10,30562
8864,Toyota,Model C,2023,15999,Petrol,Automatic,7,1,19294
8865,Toyota,Model B,2001,250000,Petrol,Automatic,2,30,500
8866,Mercedes,Model B,2024,0,Petrol,Automatic,4,30,29456
8867,Hyundai,Model C,2021,,Petrol,Manual,7,1,8363
8868,Honda,Model A,2023,31330,Petrol,Automatic,5,30,16005
8869,Toyota,Model C,2024,0,Hybrid,Automatic,9,1,22802
8870,Honda,Model A,2020,75474,Diesel,Automatic,12,20,13566
8871,Hyundai,Model B,2025,8321,Petrol,Automatic,10,20,26140
8872,BMW,Model A,2013,155100,Diesel,Automatic,12,1,500
8873,Honda,Model B,2024,6319,Hybrid,Automatic,5,1,19428
8874,Honda,Model B,2000,250000,Petrol,Automatic,4,1,500
8875,Fiat,Model C,2025,950,Hybrid,Automatic,3,1,22618
8876,Ford,Model B,2011,165777,Hybrid,Automatic,12,30,500
8877,Mercedes,Model A,2009,194557,Diesel,Automatic,5,10,2378
8878,Toyota,Model B,2020,78846,Petrol,Manual,9,10,11271
8879,Ford,Model C,2020,76124,Petrol,Automatic,9,30,7935
8880,BMW,Model B,2017,78272,Petrol,Manual,1,1,8520
8881,Fiat,Model A,2023,38781,Hybrid,Automatic,11,30,17806
8882,BMW,Model A,2021,65867,Petrol,Automatic,7,30,16884
8883,BMW,Model A,2003,250000,Diesel,Automatic,3,30,1165
8884,BMW,Model A,2020,67626,Petrol,Automatic,12,30,10387
8885,VW,Model B,2025,7410,Petrol,Automatic,10,1,24028
8886,Honda,Model C,2024,0,Hybrid,Automatic,8,1,22523
8887,Mercedes,Model A,2025,0,Diesel,Automatic,12,1,24772
8888,Fiat,Model C,2024,23262,Petrol,Manual,10,1,17838
8889,Audi,Model C,2020,52562,Hybrid,Automatic,2,30,10843
8890,Toyota,Model C,2009,206632,Diesel,Automatic,12,1,500
8891,Mercedes,Model B,2019,91574,Hybrid,Manual,8,1,13305
8892,Fiat,Model B,2025,17155,Petrol,Automatic,4,1,22350
8893,Hyundai,Model A,2025,29697,Hybrid,Automatic,11,30,23340
8894,VW,Model A,2022,34639,Diesel,Automatic,1,20,17321
8895,BMW,Model C,2000,,Hybrid,Automatic,9,20,500
8896,Honda,Model C,2014,136809,Petrol,Automatic,2,10,3314
8897,Ford,Model B,2020,59094,Petrol,Manual,2,20,5383
8898,Toyota,Model B,2023,32132,Diesel,Manual,5,10,16290
8899,Toyota,Model A,2007,190331,Petrol,Automatic,5,1,3382
8900,Fiat,Model B,2025,3073,Diesel,Automatic,8,10,21077
8901,BMW,Model B,2020,39338,Hybrid,Automatic,8,10,17164
8902,Ford,Model A,2025,0,Diesel,Automatic,9,20,28402
8903,Toyota,Model C,2025,10993,Petrol,Manual,3,20,24168
8904,VW,Model C,2025,0,Petrol,Automatic,11,1,23465
8905,Mercedes,Model C,2023,34464,Petrol,Automatic,11,30,23158
8906,Audi,Model B,2024,8688,Petrol,Automatic,3,20,25965
8907,Ford,Model C,2024,28596,Petrol,Manual,6,10,20843
8908,Dacia,Model A,2024,2524,Petrol,Automatic,7,1,22191
8909,Dacia,Model A,2023,0,Petrol,Manual,12,20,12285
8910,Audi,Model C,2025,3380,Diesel,Manual,12,30,21022
8911,Mercedes,Model A,2025,0,Petrol,Automatic,1,10,30557
8912,Ford,Model C,2025,0,Petrol,Automatic,12,20,25138
8913,Toyota,Model B,2025,0,Petrol,Automatic,1,1,29208
8914,Hyundai,Model B,2017,80884,Petrol,Automatic,7,30,4634
8915,Honda,Model C,2008,195824,Petrol,Manual,4,10,500
8916,Honda,Model C,2022,20368,Petrol,Manual,5,20,17000
8917,Ford,Model B,2022,14910,Petrol,Automatic,8,30,16249
8918,Mercedes,Model A,2025,23127,Petrol,Automatic,8,1,34999
8919,VW,Model B,2021,37827,Hybrid,Manual,3,20,5200
8920,Honda,Model B,2023,0,Petrol,Manual,12,1,20298
8921,Hyundai,Model A,2022,30586,Hybrid,Manual,1,30,9619
8922,Mercedes,Model A,2003,247129,Diesel,Automatic,5,30,500
8923,Toyota,Model B,2023,10725,Diesel,Automatic,11,30,16382
8924,Dacia,Model A,2025,10655,Petrol,Automatic,11,30,19594
8925,Ford,Model B,2015,113277,Petrol,Automatic,10,30,5904
8926,Fiat,Model A,2023,6711,Diesel,Manual,5,30,12364
8927,VW,Model A,2023,30693,Petrol,Automatic,9,1,17773
8928,Fiat,Model B,2015,137249,Petrol,Manual,10,30,3671
8929,Toyota,Model B,2012,164053,Petrol,Manual,8,1,3910
8930,BMW,Model A,2025,0,Petrol,Automatic,9,1,30525
8931,Hyundai,Model B,2021,31275,Petrol,Manual,7,30,16133
8932,Hyundai,Model C,2017,96711,Hybrid,Automatic,1,10,7080
8933,Ford,Model B,2015,116335,Petrol,Automatic,4,30,6318
8934,Ford,Model A,2024,7090,Petrol,Manual,9,20,21299
8935,Fiat,Model B,2023,9258,Petrol,Manual,4,30,18718
8936,Mercedes,Model C,2024,0,Petrol,Manual,6,1,25430
8937,Ford,Model A,2008,234116,Petrol,Manual,7,10,500
8938,BMW,Model C,2025,406,Petrol,Manual,9,30,25399
8939,Mercedes,Model A,2021,57631,Petrol,Automatic,4,1,16266
8940,Honda,Model B,2020,60093,Petrol,Manual,8,1,7279
8941,Hyundai,Model C,2022,36695,Petrol,Automatic,8,10,11751
8942,VW,Model A,2021,,Petrol,Automatic,11,10,16170
8943,Dacia,Model A,2025,0,Petrol,Manual,7,20,15646
8944,BMW,Model B,2025,0,Diesel,Manual,4,30,27861
8945,Toyota,Model C,2020,65793,Petrol,Automatic,7,20,12054
8946,Mercedes,Model B,2025,2817,Petrol,Automatic,2,10,31766
8947,BMW,Model B,2025,14074,Diesel,Manual,8,1,25298
8948,Audi,Model B,2025,11030,Petrol,Automatic,12,30,30420
8949,Audi,Model A,2018,71872,Petrol,Manual,7,20,10257
8950,Toyota,Model C,2023,40988,Diesel,Manual,4,1,17828
8951,Mercedes,Model B,2019,83475,Petrol,Manual,6,1,13620
8952,Honda,Model B,2025,10362,Diesel,Automatic,12,20,25049
8953,Fiat,Model B,2000,250000,Petrol,Automatic,11,10,500
8954,VW,Model C,2023,54659,Diesel,Automatic,11,30,14930
8955,Hyundai,Model B,2020,70348,Petrol,Manual,8,1,10171
8956,Hyundai,Model C,2020,68477,Diesel,Automatic,5,30,10342
8957,Toyota,Model C,2024,28224,Diesel,Manual,2,10,18239
8958,VW,Model A,2025,0,Petrol,Manual,12,20,24477
8959,Hyundai,Model A,2023,15452,Petrol,Automatic,3,30,17735
8960,Audi,Model A,2025,10101,Petrol,Manual,4,1,28381
8961,Fiat,Model C,2018,71152,Petrol,Automatic,10,1,8488
8962,Honda,Model C,2022,44891,Petrol,Automatic,5,10,19683
8963,BMW,Model A,2021,50352,Petrol,Automatic,8,1,13139
8964,Ford,Model B,2001,250000,Hybrid,Automatic,10,30,500
8965,VW,Model C,2023,24387,Diesel,Manual,7,1,15016
8966,Ford,Model B,2024,31576,Petrol,Manual,7,1,18941
8967,Audi,Model B,2023,25235,Diesel,Automatic,1,10,29482
8968,Honda,Model B,2025,1298,Petrol,Manual,7,20,23111
8969,Toyota,Model C,2023,28934,Petrol,Manual,6,30,19807
8970,Dacia,Model A,2006,234887,Petrol,Automatic,12,1,2370
8971,Hyundai,Model C,2011,163037,Hybrid,Manual,6,1,500
8972,Hyundai,Model C,2023,29253,Petrol,Automatic,8,20,18269
8973,Mercedes,Model A,2019,56263,Petrol,Manual,10,30,6830
8974,Toyota,Model A,2007,204013,Petrol,Manual,6,1,4384
8975,Toyota,Model C,2021,37932,Petrol,Automatic,4,1,7649
8976,Honda,Model C,2023,31046,Petrol,Automatic,12,1,18231
8977,BMW,Model B,2020,62403,Diesel,Manual,12,30,8735
8978,Ford,Model C,2025,0,Petrol,Manual,12,30,19130
8979,Toyota,Model B,2024,22361,Petrol,Automatic,4,1,25661
8980,Ford,Model A,2020,65682,Diesel,Automatic,4,30,10121
8981,BMW,Model C,2025,0,Petrol,Automatic,12,10,26668
8982,Toyota,Model A,2024,0,Diesel,Automatic,2,1,23012
8983,Hyundai,Model B,2024,0,Diesel,Automatic,9,1,15658
8984,Honda,Model B,2023,1997,Diesel,Automatic,4,10,18930
8985,Hyundai,Model B,2001,250000,Diesel,Automatic,10,1,500
8986,VW,Model A,2024,0,Diesel,Automatic,11,30,27137
8987,Fiat,Model A,2020,52570,Petrol,Manual,6,30,5218
8988,BMW,Model B,2025,0,Hybrid,Automatic,2,10,29773
8989,Audi,Model A,2025,15659,Petrol,Automatic,10,1,31080
8990,Honda,Model B,2023,37931,Hybrid,Automatic,1,1,18412
8991,Dacia,Model B,2018,83179,Petrol,Manual,1,20,9505
8992,VW,Model C,2016,126982,Petrol,Automatic,11,20,6061
8993,Honda,Model A,2020,29814,Diesel,Automatic,11,20,13976
8994,Mercedes,Model B,2022,64158,Petrol,Manual,8,1,12283
8995,Honda,Model A,2019,24716,Petrol,Manual,9,1,10673
8996,Honda,Model A,2022,37542,Petrol,Manual,12,1,15694
8997,Hyundai,Model B,2015,106629,Petrol,Automatic,1,1,4534
8998,Toyota,Model B,2025,0,Petrol,Automatic,3,20,30496
8999,Toyota,Model B,2010,189140,Petrol,Automatic,10,20,642
9000,BMW,Model B,2025,9481,Petrol,Automatic,4,30,32319
9001,BMW,Model A,2025,10025,Diesel,Automatic,3,1,31679
9002,Honda,Model C,2022,25072,Diesel,Automatic,6,30,16829
9003,Toyota,Model C,2025,0,Petrol,Automatic,10,10,28599
9004,Ford,Model A,2021,50928,Hybrid,Manual,3,30,10217
9005,VW,Model B,2024,23547,Petrol,Manual,6,30,19391
9006,BMW,Model C,2020,60047,Petrol,Automatic,7,1,15626
9007,Honda,Model C,2020,82222,Hybrid,Manual,3,20,10678
9008,Fiat,Model B,2023,24497,Petrol,Manual,6,30,16442
9009,Honda,Model C,2022,35989,Hybrid,Automatic,11,20,19762
9010,Honda,Model A,2023,34058,Petrol,Automatic,10,10,24962
9011,Honda,Model A,2019,90288,Diesel,Automatic,7,20,6607
9012,Toyota,Model A,2020,39761,Petrol,Manual,2,1,8322
9013,Mercedes,Model B,2008,187229,Diesel,Automatic,1,1,500
9014,Mercedes,Model A,2005,235301,Petrol,Automatic,1,1,500
9015,Mercedes,Model B,2018,131384,Petrol,Automatic,10,30,6296
9016,Hyundai,Model A,2007,212077,Petrol,Manual,9,30,500
9017,Audi,Model C,2010,178173,Petrol,Automatic,10,1,500
9018,Dacia,Model A,2025,9275,Petrol,Automatic,4,30,22588
9019,Hyundai,Model A,2003,250000,Hybrid,Automatic,2,10,500
9020,VW,Model A,2024,4364,Diesel,Automatic,9,1,22350
9021,VW,Model A,2019,89465,Diesel,Automatic,12,30,11405
9022,BMW,Model A,2025,0,Diesel,Automatic,6,30,33753
9023,Ford,Model B,2022,24508,Diesel,Automatic,10,1,18102
9024,Dacia,Model B,2020,77437,Diesel,Automatic,10,1,4223
9025,BMW,Model C,2022,36164,Hybrid,Automatic,11,30,17905
9026,Toyota,Model B,2021,29063,Hybrid,Automatic,1,20,18346
9027,BMW,Model A,2023,4161,Petrol,Automatic,12,10,23431
9028,Ford,Model B,2011,155835,Petrol,Automatic,11,10,2350
9029,Mercedes,Model A,2025,31,Petrol,Automatic,11,1,28556
9030,Honda,Model A,2021,55010,Petrol,Automatic,12,1,14822
9031,VW,Model A,2020,55064,Petrol,Automatic,8,1,12061
9032,Mercedes,Model C,2025,5774,Diesel,Manual,2,1,29227
9033,Hyundai,Model B,2020,53444,Petrol,Manual,11,20,3540
9034,BMW,Model A,2025,18358,Petrol,Automatic,2,30,34265
9035,Mercedes,Model B,2021,86277,Hybrid,Automatic,10,20,15325
9036,Toyota,Model A,2025,0,Petrol,Manual,6,30,20546
9037,Hyundai,Model A,2010,187198,Petrol,Automatic,1,30,500
9038,Fiat,Model B,2025,5976,Petrol,Manual,6,30,24666
9039,Audi,Model A,2025,2080,Petrol,Manual,10,20,27689
9040,BMW,Model C,2017,105798,Petrol,Manual,2,10,6549
9041,Hyundai,Model B,2014,139182,Petrol,Automatic,1,10,4806
9042,Ford,Model C,2020,52934,Petrol,Automatic,6,10,11025
9043,Mercedes,Model A,2025,19748,Diesel,Automatic,1,1,27727
9044,Ford,Model A,2018,87024,Diesel,Automatic,12,30,7043
9045,Fiat,Model C,2021,42227,Petrol,Automatic,11,1,15509
9046,BMW,Model A,2003,250000,Hybrid,Automatic,8,20,500
9047,BMW,Model B,2021,46256,Petrol,Automatic,1,1,12840
9048,Audi,Model B,2023,27824,Petrol,Manual,8,30,19441
9049,VW,Model C,2025,2631,Petrol,Automatic,9,30,22743
9050,Mercedes,Model B,2022,34051,Diesel,Manual,8,20,18315
9051,Hyundai,Model A,2025,6729,Petrol,Manual,12,1,24301
9052,Hyundai,Model B,2023,11325,Petrol,Automatic,11,10,20145
9053,Ford,Model C,2004,250000,Petrol,Automatic,5,30,500
9054,Mercedes,Model C,2020,33624,Diesel,Manual,9,30,19413
9055,Dacia,Model A,2023,4528,Petrol,Automatic,6,20,20457
9056,Honda,Model C,2025,27385,Hybrid,Manual,12,1,24054
9057,Honda,Model B,2025,0,Petrol,Manual,8,30,28336
9058,Dacia,Model A,2017,66600,Petrol,Automatic,8,1,5447
9059,Fiat,Model B,2017,77528,Petrol,Manual,7,20,500
9060,Honda,Model A,2016,134100,Petrol,Automatic,5,10,5426
9061,Toyota,Model A,2025,0,Petrol,Manual,2,30,20695
9062,BMW,Model A,2025,0,Petrol,Automatic,4,30,28377
9063,Fiat,Model A,2025,0,Petrol,Automatic,5,30,15797
9064,Hyundai,Model B,2021,43888,Petrol,Automatic,2,10,12647
9065,Toyota,Model A,2022,29459,Petrol,Manual,11,10,17026
9066,Hyundai,Model A,2022,28788,Petrol,Manual,1,20,12321
9067,Hyundai,Model A,2018,111842,Petrol,Manual,12,1,7438
9068,Audi,Model B,2022,18013,Petrol,Automatic,2,20,24277
9069,Ford,Model C,2003,250000,Petrol,Automatic,1,10,500
9070,Audi,Model C,2013,149079,Diesel,Automatic,12,30,1705
9071,Hyundai,Model C,2025,0,Petrol,Manual,12,30,19592
9072,Mercedes,Model A,2025,7298,Petrol,Manual,3,1,24551
9073,VW,Model C,2021,42002,Petrol,Automatic,2,30,13929
9074,Toyota,Model A,2022,41614,Hybrid,Manual,3,20,12171
9075,BMW,Model A,2020,58380,Petrol,Automatic,7,20,6604
9076,Mercedes,Model A,2025,0,Diesel,Manual,5,1,27020
9077,VW,Model B,2025,19591,Petrol,Automatic,5,1,28722
9078,Audi,Model B,2025,31056,Petrol,Automatic,11,10,26864
9079,Ford,Model C,2025,0,Petrol,Manual,12,1,22008
9080,Toyota,Model C,2016,,Petrol,Manual,12,30,7286
9081,VW,Model C,2020,82590,Petrol,Automatic,7,20,8806
9082,Honda,Model B,2022,64355,Hybrid,Automatic,4,20,16695
9083,Toyota,Model B,2020,57468,Diesel,Manual,7,20,4752
9084,Mercedes,Model B,2025,0,Petrol,Manual,11,30,25844
9085,Toyota,Model B,2020,58801,Petrol,Manual,1,1,8280
9086,Ford,Model B,2013,118881,Petrol,Automatic,12,1,1185
9087,VW,Model C,2021,43633,Diesel,Automatic,3,10,13170
9088,Mercedes,Model C,2025,25724,Petrol,Manual,4,1,30926
9089,VW,Model A,2017,93469,Diesel,Automatic,5,10,6193
9090,Mercedes,Model C,2023,8399,Petrol,Automatic,12,30,18428
9091,Audi,Model B,2021,55450,Petrol,Automatic,3,10,22379
9092,Honda,Model C,2007,61797,Petrol,Automatic,3,1,3014
9093,Toyota,Model A,2022,35003,Petrol,Automatic,10,1,12482
9094,VW,Model B,2025,0,Petrol,Automatic,12,1,25336
9095,Dacia,Model A,2022,20450,Petrol,Manual,2,20,9733
9096,Mercedes,Model C,2025,11064,Diesel,Automatic,7,10,29133
9097,Ford,Model C,2019,73738,Petrol,Manual,12,1,9394
9098,Fiat,Model B,2008,192359,Petrol,Automatic,12,20,3530
9099,Mercedes,Model B,2025,1793,Petrol,Automatic,12,1,29916
9100,Toyota,Model A,2020,50892,Petrol,Manual,12,1,11539
9101,Mercedes,Model B,2023,12243,Petrol,Automatic,4,1,24051
9102,Ford,Model C,2025,17460,Petrol,Automatic,3,1,24920
9103,VW,Model A,2020,,Petrol,Manual,12,1,12219
9104,VW,Model B,2025,0,Petrol,Manual,9,30,22957
9105,Honda,Model A,2013,146165,Petrol,Automatic,5,30,500
9106,VW,Model A,2019,71874,Petrol,Manual,9,30,5519
9107,BMW,Model A,2014,139305,Petrol,Automatic,4,10,1685
9108,Dacia,Model B,2025,0,Petrol,Automatic,8,10,19619
9109,Audi,Model C,2017,108937,Petrol,Manual,3,1,2741
9110,Mercedes,Model A,2025,5303,Petrol,Automatic,8,10,31811
9111,Dacia,Model C,2025,0,Petrol,Manual,12,30,14952
9112,Hyundai,Model A,2022,28683,Petrol,Automatic,10,30,14848
9113,Hyundai,Model A,2023,36616,Petrol,Automatic,9,20,17141
9114,Mercedes,Model A,2022,33742,Petrol,Automatic,4,30,17307
9115,Hyundai,Model A,2020,49516,Petrol,Manual,1,1,10102
9116,Ford,Model C,2022,30231,Hybrid,Automatic,9,1,18661
9117,VW,Model A,2023,35538,Hybrid,Automatic,8,30,16642
9118,Dacia,Model B,2025,0,Petrol,Manual,3,30,17749
9119,Mercedes,Model A,2025,0,Petrol,Manual,12,1,27157
9120,Honda,Model B,2025,16058,Petrol,Automatic,7,30,26533
9121,Hyundai,Model C,2025,0,Petrol,Automatic,8,1,26557
9122,Honda,Model B,2022,40092,Petrol,Automatic,4,20,15885
9123,BMW,Model A,2024,28301,Hybrid,Manual,11,20,24519
9124,Mercedes,Model C,2025,13384,Petrol,Automatic,12,10,30388
9125,Ford,Model B,2021,41399,Petrol,Manual,9,30,9751
9126,Toyota,Model C,2025,0,Petrol,Manual,2,1,25872
9127,Mercedes,Model A,2021,61571,Petrol,Automatic,2,1,17272
9128,Toyota,Model B,2023,38092,Hybrid,Automatic,6,1,17459
9129,Audi,Model B,2025,0,Petrol,Automatic,2,30,29883
9130,BMW,Model A,2025,0,Petrol,Manual,5,20,32729
9131,Mercedes,Model B,2018,88015,Petrol,Automatic,3,1,6400
9132,Fiat,Model B,2025,20503,Diesel,Manual,4,20,18094
9133,BMW,Model B,2022,52013,Petrol,Manual,12,1,16983
9134,Hyundai,Model A,2018,94400,Petrol,Automatic,10,1,6736
9135,Hyundai,Model B,2025,0,Petrol,Automatic,2,10,27182
9136,Ford,Model A,2023,19877,Petrol,Manual,9,30,18261
9137,Audi,Model B,2024,8665,Petrol,Automatic,1,1,27856
9138,Fiat,Model A,2020,81277,Petrol,Automatic,12,20,6650
9139,Honda,Model B,2022,32417,Petrol,Automatic,7,30,14447
9140,Mercedes,Model B,2023,42801,Diesel,Manual,7,20,21886
9141,Toyota,Model B,2021,,Petrol,Manual,4,10,12537
9142,Mercedes,Model C,2016,100636,Hybrid,Automatic,6,20,2325
9143,Toyota,Model A,2025,7221,Petrol,Manual,7,20,22351
9144,Honda,Model C,2022,59522,Petrol,Manual,9,30,14367
9145,Toyota,Model B,2025,0,Petrol,Manual,1,1,21663
9146,VW,Model A,2021,9558,Petrol,Manual,5,30,9066
9147,Dacia,Model C,2020,36537,Petrol,Automatic,5,30,9887
9148,Toyota,Model B,2021,52469,Petrol,Automatic,2,20,13877
9149,Toyota,Model B,2021,25878,Petrol,Automatic,3,1,19790
9150,VW,Model B,2023,11016,Diesel,Manual,3,30,20505
9151,Honda,Model C,2023,24185,Hybrid,Automatic,11,30,18694
9152,Toyota,Model A,2022,0,Petrol,Manual,9,10,14257
9153,Hyundai,Model B,2013,138304,Diesel,Automatic,12,1,4000
9154,Fiat,Model A,2022,18527,Petrol,Automatic,4,10,12407
9155,Ford,Model B,2015,,Petrol,Manual,12,1,7488
9156,Mercedes,Model A,2012,143967,Petrol,Manual,11,10,6582
9157,Honda,Model B,2025,0,Petrol,Automatic,6,1,30341
9158,Honda,Model C,2023,31042,Petrol,Automatic,8,30,18228
9159,Honda,Model B,2024,29947,Petrol,Automatic,8,1,23809
9160,Audi,Model C,2021,42533,Petrol,Manual,4,1,13155
9161,Honda,Model B,2025,0,Petrol,Manual,4,30,25745
9162,Honda,Model A,2024,5786,Petrol,Automatic,3,30,24423
9163,Audi,Model B,2025,0,Hybrid,Automatic,11,1,30545
9164,Fiat,Model B,2020,40668,Petrol,Automatic,7,1,8495
9165,Fiat,Model A,2025,0,Diesel,Automatic,5,30,20679
9166,Hyundai,Model B,2025,0,Petrol,Automatic,7,30,26978
9167,Toyota,Model A,2025,,Petrol,Manual,2,10,24404
9168,Toyota,Model C,2015,109643,Petrol,Manual,2,10,3826
9169,VW,Model B,2019,27875,Petrol,Automatic,10,10,7868
9170,Ford,Model A,2019,63194,Petrol,Automatic,12,20,3717
9171,Ford,Model A,2019,,Petrol,Automatic,5,20,10202
9172,Mercedes,Model C,2025,892,Petrol,Automatic,6,30,30666
9173,Ford,Model C,2003,250000,Petrol,Manual,5,1,2370
9174,Fiat,Model B,2007,216838,Petrol,Automatic,6,1,500
9175,BMW,Model A,2019,71389,Diesel,Automatic,6,10,9779
9176,Toyota,Model B,2016,,Petrol,Automatic,5,20,6578
9177,Honda,Model B,2017,74161,Petrol,Automatic,9,20,6728
9178,VW,Model C,2025,0,Diesel,Automatic,4,1,25792
9179,BMW,Model A,2023,39283,Petrol,Manual,12,1,18370
9180,Fiat,Model C,2000,250000,Hybrid,Manual,4,1,500
9181,BMW,Model A,2021,44430,Petrol,Automatic,3,30,16297
9182,Fiat,Model B,2021,46055,Petrol,Manual,12,10,10366
9183,BMW,Model A,2011,175506,Diesel,Manual,3,10,500
9184,Mercedes,Model C,2024,34398,Petrol,Manual,7,10,22963
9185,Hyundai,Model C,2025,0,Diesel,Manual,5,20,19788
9186,Fiat,Model A,2025,10389,Petrol,Manual,1,30,20743
9187,Dacia,Model A,2025,0,Petrol,Automatic,12,20,19994
9188,Mercedes,Model A,2000,250000,Petrol,Automatic,5,30,500
9189,Honda,Model A,2025,14559,Diesel,Manual,9,20,25209
9190,BMW,Model B,2025,0,Petrol,Manual,11,20,20340
9191,Mercedes,Model B,2025,0,Diesel,Automatic,7,1,25315
9192,Mercedes,Model B,2001,250000,Petrol,Automatic,9,20,1908
9193,BMW,Model B,2025,9242,Petrol,Automatic,10,1,31409
9194,Fiat,Model C,2025,15539,Petrol,Manual,5,20,17853
9195,Mercedes,Model A,2025,12726,Hybrid,Manual,8,1,29176
9196,Ford,Model A,2009,186883,Diesel,Automatic,3,1,500
9197,Ford,Model B,2025,32987,Petrol,Manual,1,1,22464
9198,Mercedes,Model C,2025,2053,Hybrid,Automatic,12,30,29587
9199,Dacia,Model C,2024,0,Hybrid,Automatic,2,1,17574
9200,Toyota,Model C,2023,19764,Petrol,Manual,6,10,19672
9201,Fiat,Model A,2025,0,Petrol,Automatic,1,1,24825
9202,Dacia,Model A,2021,59928,Petrol,Automatic,12,10,9468
9203,Dacia,Model B,2023,17232,Petrol,Automatic,2,1,12189
9204,Hyundai,Model C,2022,52484,Petrol,Manual,10,30,18487
9205,Audi,Model C,2025,8371,Hybrid,Automatic,9,20,32531
9206,Mercedes,Model B,2007,200998,Petrol,Manual,1,20,500
9207,Ford,Model A,2022,33894,Diesel,Automatic,10,10,18417
9208,Toyota,Model A,2024,366,Hybrid,Manual,12,20,20314
9209,Hyundai,Model B,2025,2771,Diesel,Automatic,7,20,26715
9210,VW,Model C,2023,12277,Petrol,Manual,4,1,10911
9211,Audi,Model B,2025,1116,Petrol,Manual,7,30,24112
9212,BMW,Model C,2025,0,Diesel,Automatic,2,30,27655
9213,Audi,Model C,2006,225716,Petrol,Automatic,12,30,500
9214,Ford,Model B,2021,78764,Diesel,Automatic,5,1,11601
9215,BMW,Model B,2002,250000,Petrol,Manual,6,10,1224
9216,VW,Model C,2020,30983,Petrol,Automatic,6,30,8149
9217,VW,Model C,2022,51237,Diesel,Manual,1,30,11461
9218,Mercedes,Model B,2025,15119,Petrol,Automatic,1,30,33174
9219,Ford,Model C,2025,0,Diesel,Automatic,8,30,28587
9220,Ford,Model C,2012,145486,Petrol,Manual,7,10,4016
9221,Honda,Model C,2009,198537,Petrol,Manual,12,30,2337
9222,Dacia,Model B,2023,31863,Petrol,Manual,4,20,7818
9223,Mercedes,Model C,2022,35929,Petrol,Manual,5,30,16588
9224,Toyota,Model C,2018,84267,Petrol,Manual,12,10,10477
9225,Fiat,Model A,2025,0,Diesel,Automatic,1,1,17557
9226,Toyota,Model B,2025,0,Petrol,Automatic,9,1,27920
9227,Toyota,Model B,2021,78742,Petrol,Automatic,2,10,13706
9228,VW,Model C,2025,0,Diesel,Manual,12,20,21599
9229,VW,Model A,2021,50647,Petrol,Automatic,4,20,16281
9230,BMW,Model B,2025,0,Petrol,Automatic,11,30,23952
9231,Honda,Model C,2022,49457,Petrol,Manual,12,1,11405
9232,Toyota,Model C,2012,157723,Petrol,Manual,11,10,3400
9233,Ford,Model C,2025,2301,Diesel,Automatic,7,30,26325
9234,Ford,Model A,2021,8485,Petrol,Automatic,12,10,13497
9235,VW,Model A,2025,0,Petrol,Automatic,9,1,26248
9236,VW,Model A,2020,71169,Petrol,Automatic,10,20,13557
9237,Audi,Model B,2001,250000,Petrol,Automatic,4,1,1895
9238,Audi,Model B,2010,165725,Petrol,Automatic,6,20,2382
9239,Toyota,Model B,2022,12329,Petrol,Manual,8,10,17768
9240,Audi,Model A,2024,,Petrol,Manual,2,1,30858
9241,VW,Model B,2020,16398,Petrol,Manual,12,30,15804
9242,Ford,Model A,2024,0,Petrol,Automatic,2,20,26346
9243,Audi,Model A,2024,38402,Petrol,Manual,10,10,20933
9244,Fiat,Model C,2025,21676,Petrol,Manual,1,1,21783
9245,Honda,Model C,2022,43308,Diesel,Manual,2,1,9819
9246,Mercedes,Model C,2025,4610,Petrol,Manual,8,30,28729
9247,Audi,Model C,2022,6747,Diesel,Manual,6,1,18476
9248,Honda,Model A,2021,36889,Petrol,Automatic,1,1,12844
9249,Toyota,Model C,2016,103572,Diesel,Manual,5,1,4059
9250,Fiat,Model C,2020,49208,Diesel,Manual,4,30,9996
9251,Honda,Model A,2004,246746,Diesel,Automatic,11,10,500
9252,Fiat,Model B,2024,31488,Petrol,Automatic,9,20,22177
9253,Mercedes,Model B,2018,,Hybrid,Automatic,10,10,4018
9254,VW,Model B,2020,54885,Petrol,Manual,12,1,12016
9255,Fiat,Model B,2025,11092,Petrol,Manual,9,20,23403
9256,Toyota,Model B,2020,38707,Diesel,Manual,3,30,11694
9257,Mercedes,Model B,2018,71396,Diesel,Automatic,12,1,5566
9258,Honda,Model A,2015,108934,Diesel,Automatic,2,10,5159
9259,Dacia,Model C,2025,833,Diesel,Manual,3,20,17077
9260,Ford,Model C,2012,,Petrol,Automatic,4,10,2509
9261,Ford,Model B,2021,43299,Hybrid,Automatic,3,1,14290
9262,VW,Model C,2022,26027,Petrol,Manual,1,1,18662
9263,BMW,Model B,2024,0,Hybrid,Manual,6,10,26549
9264,Honda,Model C,2024,21137,Petrol,Manual,9,30,21318
9265,BMW,Model A,2025,0,Petrol,Automatic,6,10,28933
9266,Toyota,Model B,2004,250000,Diesel,Automatic,3,30,2471
9267,Hyundai,Model A,2019,55325,Petrol,Manual,12,1,7846
9268,VW,Model C,2019,62021,Petrol,Automatic,5,30,5190
9269,Dacia,Model A,2014,128682,Petrol,Automatic,11,1,4961
9270,Mercedes,Model A,2019,70081,Petrol,Automatic,3,10,9059
9271,Toyota,Model B,2020,71315,Diesel,Automatic,5,30,8089
9272,Hyundai,Model B,2022,29542,Petrol,Automatic,11,10,19572
9273,Audi,Model A,2024,23201,Hybrid,Automatic,1,1,24812
9274,Mercedes,Model C,2021,16087,Petrol,Automatic,12,10,13061
9275,Toyota,Model C,2025,0,Diesel,Automatic,5,30,26939
9276,Toyota,Model C,2020,45730,Hybrid,Automatic,12,30,13883
9277,Dacia,Model B,2019,83353,Petrol,Manual,9,1,7318
9278,Honda,Model B,2023,10104,Petrol,Automatic,12,10,15458
9279,Fiat,Model B,2002,250000,Petrol,Automatic,1,30,1979
9280,Fiat,Model B,2007,215190,Diesel,Automatic,10,10,840
9281,Mercedes,Model B,2021,44893,Diesel,Automatic,11,1,11481
9282,VW,Model C,2025,0,Petrol,Automatic,12,1,22607
9283,Audi,Model A,2025,0,Petrol,Automatic,1,30,35643
9284,BMW,Model B,2008,179745,Diesel,Automatic,2,20,1502
9285,Fiat,Model C,2025,21057,Petrol,Automatic,10,20,24111
9286,Toyota,Model C,2025,0,Petrol,Automatic,1,30,25233
9287,Toyota,Model C,2023,22078,Diesel,Automatic,1,30,21914
9288,Toyota,Model B,2025,0,Hybrid,Automatic,7,30,26557
9289,Audi,Model C,2021,64434,Petrol,Automatic,7,30,14358
9290,Honda,Model C,2017,124997,Petrol,Manual,8,1,8227
9291,Toyota,Model C,2022,38397,Diesel,Automatic,1,1,19146
9292,Toyota,Model B,2023,21644,Petrol,Manual,7,30,19715
9293,Fiat,Model A,2022,5744,Hybrid,Manual,4,10,13807
9294,Toyota,Model A,2023,2346,Hybrid,Automatic,10,1,17674
9295,BMW,Model A,2025,0,Petrol,Manual,5,1,26940
9296,Mercedes,Model C,2025,0,Petrol,Manual,5,20,29060
9297,VW,Model B,2025,0,Petrol,Automatic,9,30,27919
9298,Ford,Model B,2025,16182,Petrol,Automatic,9,30,29341
9299,Dacia,Model C,2025,6346,Petrol,Automatic,1,30,21947
9300,VW,Model B,2009,188225,Petrol,Automatic,8,1,845
9301,Mercedes,Model B,2018,100640,Petrol,Automatic,9,10,7500
9302,Mercedes,Model A,2022,19932,Petrol,Manual,6,20,19008
9303,Honda,Model C,2025,0,Petrol,Automatic,11,10,22064
9304,VW,Model C,2022,6993,Petrol,Manual,1,1,15377
9305,Mercedes,Model A,2025,,Petrol,Automatic,12,1,26250
9306,Ford,Model A,2013,131844,Diesel,Manual,5,1,500
9307,Fiat,Model B,2018,84235,Petrol,Manual,8,1,9827
9308,VW,Model B,2025,15038,Diesel,Automatic,1,10,31135
9309,VW,Model A,2015,140562,Petrol,Manual,9,30,500
9310,Hyundai,Model A,2020,59562,Petrol,Automatic,7,30,6739
9311,Mercedes,Model C,2018,89763,Petrol,Automatic,12,20,8264
9312,Audi,Model C,2020,46442,Diesel,Manual,6,10,15445
9313,BMW,Model A,2025,25250,Diesel,Automatic,10,1,32261
9314,Mercedes,Model A,2020,57507,Diesel,Automatic,1,1,12219
9315,Fiat,Model B,2023,25204,Petrol,Automatic,1,30,21138
9316,Audi,Model C,2009,185897,Petrol,Manual,12,1,4402
9317,VW,Model A,2025,17988,Petrol,Automatic,4,20,26677
9318,VW,Model A,2020,62993,Hybrid,Manual,12,1,12356
9319,Ford,Model C,2024,23414,Petrol,Manual,2,1,17180
9320,Ford,Model A,2025,5309,Hybrid,Automatic,8,1,23722
9321,Honda,Model C,2016,104693,Petrol,Automatic,7,30,5825
9322,Toyota,Model B,2025,13942,Diesel,Manual,12,1,25665
9323,Fiat,Model C,2023,29179,Diesel,Manual,6,30,12983
9324,BMW,Model B,2021,33585,Diesel,Automatic,1,1,16637
9325,BMW,Model B,2016,93161,Diesel,Automatic,6,10,8901
9326,Honda,Model B,2025,,Petrol,Manual,11,20,25291
9327,Toyota,Model B,2025,13611,Petrol,Manual,1,20,22732
9328,Toyota,Model C,2016,132591,Hybrid,Manual,1,20,3686
9329,Dacia,Model C,2020,33341,Petrol,Automatic,11,20,5266
9330,Hyundai,Model B,2025,384,Hybrid,Manual,11,1,24819
9331,Fiat,Model A,2024,19344,Petrol,Automatic,3,1,20656
9332,Toyota,Model B,2025,4435,Petrol,Manual,9,10,25661
9333,Audi,Model B,2021,63139,Petrol,Manual,1,10,12062
9334,Hyundai,Model B,2025,9833,Diesel,Automatic,10,30,23775
9335,Hyundai,Model A,2021,33217,Petrol,Automatic,4,10,16143
9336,Honda,Model A,2017,80778,Petrol,Manual,3,10,6061
9337,Fiat,Model B,2024,16686,Petrol,Manual,9,1,11561
9338,Dacia,Model C,2025,14857,Petrol,Automatic,12,10,19307
9339,Honda,Model A,2020,62151,Petrol,Manual,1,1,9562
9340,Audi,Model A,2022,12331,Petrol,Automatic,2,1,28252
9341,Honda,Model B,2024,0,Petrol,Manual,4,1,22048
9342,Dacia,Model C,2023,34372,Petrol,Manual,12,30,13615
9343,Toyota,Model C,2025,0,Petrol,Automatic,11,10,25403
9344,Ford,Model C,2025,530,Hybrid,Manual,12,1,24196
9345,VW,Model A,2005,250000,Diesel,Manual,5,30,500
9346,Audi,Model A,2025,0,Petrol,Automatic,3,30,30337
9347,Ford,Model B,2025,0,Petrol,Automatic,3,10,21269
9348,Toyota,Model B,2025,0,Petrol,Automatic,12,30,25698
9349,Fiat,Model A,2024,17331,Petrol,Manual,3,10,15481
9350,VW,Model C,2025,11593,Hybrid,Automatic,7,10,27562
9351,Hyundai,Model C,2011,145795,Diesel,Automatic,5,30,500
9352,Mercedes,Model A,2020,59916,Petrol,Manual,7,20,12096
9353,BMW,Model A,2025,13039,Petrol,Automatic,5,30,32989
9354,Fiat,Model B,2016,80178,Hybrid,Automatic,4,30,5498
9355,Toyota,Model C,2007,215034,Petrol,Automatic,6,10,500
9356,Mercedes,Model C,2025,0,Petrol,Manual,5,30,29678
9357,BMW,Model C,2025,,Petrol,Automatic,11,1,28313
9358,Honda,Model B,2015,82424,Diesel,Manual,8,30,5858
9359,Mercedes,Model A,2025,20891,Petrol,Automatic,3,10,34644
9360,Ford,Model B,2024,6662,Petrol,Automatic,3,30,25886
9361,VW,Model A,2022,23892,Petrol,Automatic,1,20,15349
9362,Honda,Model A,2025,4924,Petrol,Automatic,4,20,26045
9363,Fiat,Model B,2021,32365,Petrol,Manual,9,1,10830
9364,Mercedes,Model A,2016,90941,Petrol,Manual,3,30,8537
9365,Honda,Model A,2019,94654,Petrol,Manual,2,10,12162
9366,Mercedes,Model B,2022,63129,Petrol,Automatic,5,1,22180
9367,Fiat,Model A,2022,27119,Petrol,Automatic,8,10,17426
9368,Dacia,Model A,2025,16010,Hybrid,Automatic,6,1,18538
9369,Toyota,Model B,2025,5340,Petrol,Manual,5,30,24823
9370,Toyota,Model A,2023,2792,Diesel,Manual,12,20,16808
9371,Audi,Model C,2025,0,Petrol,Manual,6,1,26847
9372,Fiat,Model B,2016,131266,Petrol,Manual,6,30,6839
9373,VW,Model B,2005,218598,Petrol,Automatic,1,1,500
9374,Fiat,Model B,2025,34214,Petrol,Manual,8,10,22952
9375,Mercedes,Model B,2007,207429,Petrol,Manual,6,1,500
9376,Honda,Model A,2018,107712,Petrol,Automatic,2,10,3774
9377,VW,Model C,2024,7416,Petrol,Manual,4,1,22444
9378,Fiat,Model C,2021,59998,Diesel,Manual,3,30,3686
9379,Toyota,Model B,2025,20925,Hybrid,Automatic,2,10,32815
9380,Toyota,Model B,2019,92849,Petrol,Automatic,6,1,7589
9381,Fiat,Model B,2001,250000,Petrol,Automatic,5,1,500
9382,BMW,Model B,2020,47139,Petrol,Manual,5,10,14141
9383,Honda,Model A,2023,22781,Diesel,Manual,4,1,15820
9384,Honda,Model B,2020,40492,Hybrid,Automatic,6,1,10907
9385,Mercedes,Model C,2022,39588,Petrol,Manual,7,1,18561
9386,Toyota,Model B,2025,0,Diesel,Automatic,8,10,27421
9387,VW,Model B,2025,16240,Diesel,Automatic,3,30,23221
9388,Toyota,Model C,2018,,Diesel,Automatic,10,1,4993
9389,Toyota,Model C,2022,9866,Diesel,Automatic,1,1,14481
9390,Hyundai,Model A,2023,45013,Petrol,Automatic,10,10,15172
9391,Dacia,Model C,2025,2750,Diesel,Manual,4,1,21586
9392,Hyundai,Model B,2025,437,Petrol,Manual,5,30,27219
9393,Hyundai,Model C,2017,112415,Diesel,Automatic,8,10,4872
9394,Dacia,Model B,2025,13073,Petrol,Automatic,8,1,19863
9395,Hyundai,Model A,2020,48572,Hybrid,Automatic,6,30,10046
9396,Dacia,Model A,2000,250000,Diesel,Automatic,12,10,2284
9397,VW,Model C,2000,250000,Petrol,Automatic,11,30,5164
9398,VW,Model A,2022,14033,Petrol,Manual,3,1,17144
9399,VW,Model B,2022,44678,Diesel,Automatic,8,20,12459
9400,Fiat,Model A,2002,250000,Diesel,Automatic,10,1,1786
9401,VW,Model A,2024,23412,Petrol,Automatic,3,10,17315
9402,Hyundai,Model A,2019,91224,Hybrid,Manual,1,30,5541
9403,Audi,Model A,2023,35617,Petrol,Automatic,12,20,18574
9404,Fiat,Model B,2020,72951,Diesel,Automatic,12,1,2254
9405,Honda,Model B,2015,88830,Petrol,Automatic,5,20,7685
9406,Mercedes,Model B,2021,43395,Petrol,Automatic,3,20,17641
9407,Hyundai,Model B,2017,110468,Petrol,Manual,2,10,4041
9408,Toyota,Model A,2022,18476,Diesel,Automatic,9,1,18662
9409,Mercedes,Model A,2016,109375,Petrol,Manual,10,20,9332
9410,Audi,Model A,2022,43791,Diesel,Automatic,6,30,18389
9411,BMW,Model C,2015,126642,Petrol,Automatic,4,1,2403
9412,BMW,Model A,2024,17531,Petrol,Manual,6,10,28309
9413,Ford,Model C,2025,8983,Diesel,Manual,7,30,26142
9414,Fiat,Model A,2011,170711,Petrol,Automatic,7,20,1676
9415,Honda,Model C,2022,14056,Petrol,Automatic,6,1,22449
9416,Ford,Model A,2007,223604,Petrol,Automatic,1,10,500
9417,Hyundai,Model C,2023,28271,Petrol,Manual,6,30,17134
9418,Toyota,Model A,2018,62253,Petrol,Manual,5,20,8115
9419,VW,Model B,2022,56696,Petrol,Automatic,7,20,17772
9420,Toyota,Model A,2022,44007,Petrol,Automatic,1,20,14429
9421,Ford,Model B,2025,0,Diesel,Automatic,11,1,24108
9422,Audi,Model A,2023,11741,Petrol,Manual,11,1,26527
9423,Dacia,Model B,2023,15539,Petrol,Automatic,8,30,12581
9424,BMW,Model C,2021,39528,Petrol,Automatic,10,20,22059
9425,Honda,Model C,2025,4395,Petrol,Manual,6,1,27859
9426,Toyota,Model B,2025,0,Petrol,Automatic,8,20,28959
9427,Ford,Model B,2019,88922,Petrol,Automatic,8,1,6454
9428,Toyota,Model C,2025,15687,Petrol,Automatic,5,30,25533
9429,Toyota,Model B,2021,57289,Petrol,Automatic,12,1,22223
9430,Audi,Model C,2025,663,Petrol,Automatic,8,10,37926
9431,Mercedes,Model C,2025,14061,Petrol,Manual,12,10,24808
9432,Hyundai,Model B,2016,103860,Petrol,Automatic,6,1,2712
9433,Audi,Model B,2025,0,Diesel,Automatic,1,20,33382
9434,Hyundai,Model B,2019,89851,Petrol,Automatic,4,10,9058
9435,Honda,Model C,2019,76763,Petrol,Automatic,9,30,5356
9436,BMW,Model A,2019,61739,Petrol,Automatic,12,1,9039
9437,Mercedes,Model C,2025,0,Petrol,Automatic,8,30,34018
9438,Fiat,Model A,2017,84953,Hybrid,Automatic,6,10,3714
9439,Ford,Model C,2000,250000,Petrol,Manual,2,20,500
9440,Mercedes,Model B,2025,61,Petrol,Automatic,2,30,30854
9441,VW,Model C,2015,122366,Petrol,Manual,1,30,1560
9442,Hyundai,Model B,2010,190818,Petrol,Automatic,9,10,4921
9443,Toyota,Model A,2017,77769,Petrol,Manual,11,30,6231
9444,Ford,Model B,2020,76448,Petrol,Manual,3,1,9325
9445,Toyota,Model B,2022,26882,Petrol,Manual,5,30,16310
9446,BMW,Model B,2004,250000,Petrol,Automatic,6,10,500
9447,Toyota,Model C,2025,0,Petrol,Automatic,2,10,26964
9448,Hyundai,Model B,2025,15564,Diesel,Manual,6,1,22167
9449,Honda,Model C,2020,22548,Petrol,Automatic,12,10,14931
9450,Toyota,Model A,2020,42373,Petrol,Automatic,9,30,10584
9451,Toyota,Model C,2021,43595,Diesel,Manual,3,1,8538
9452,Honda,Model A,2024,0,Hybrid,Manual,2,10,21258
9453,Toyota,Model B,2014,141013,Diesel,Manual,6,1,1205
9454,Ford,Model B,2016,,Petrol,Automatic,12,1,2982
9455,BMW,Model A,2025,0,Petrol,Automatic,10,30,36236
9456,Hyundai,Model C,2018,83760,Petrol,Automatic,4,30,7734
9457,Mercedes,Model B,2021,60097,Diesel,Automatic,1,10,12730
9458,Ford,Model C,2025,0,Petrol,Automatic,6,30,26345
9459,Honda,Model C,2024,0,Petrol,Automatic,3,20,24938
9460,Hyundai,Model C,2020,54973,Diesel,Manual,3,1,5177
9461,Hyundai,Model A,2024,12355,Diesel,Automatic,3,30,16791
9462,Audi,Model A,2001,250000,Petrol,Manual,9,20,574
9463,VW,Model C,2025,13339,Petrol,Automatic,1,20,25189
9464,Mercedes,Model A,2022,43158,Petrol,Automatic,8,10,20873
9465,Mercedes,Model C,2025,10449,Petrol,Automatic,10,20,32247
9466,Dacia,Model C,2025,0,Diesel,Manual,2,30,15468
9467,Mercedes,Model B,2025,2172,Petrol,Automatic,12,30,28924
9468,Audi,Model A,2025,0,Petrol,Manual,1,1,31653
9469,Mercedes,Model A,2022,57931,Diesel,Automatic,9,1,12129
9470,Honda,Model C,2020,62615,Petrol,Automatic,3,1,7922
9471,Fiat,Model C,2022,25964,Petrol,Manual,11,1,11368
9472,Audi,Model A,2024,24787,Petrol,Automatic,8,10,31215
9473,Honda,Model B,2025,8449,Diesel,Automatic,8,20,26962
9474,Toyota,Model A,2016,95675,Petrol,Automatic,5,20,10232
9475,Toyota,Model C,2025,0,Hybrid,Manual,4,30,21595
9476,Ford,Model B,2025,0,Petrol,Manual,6,10,22115
9477,Ford,Model A,2025,18411,Hybrid,Manual,10,1,27202
9478,Toyota,Model C,2025,3048,Petrol,Automatic,3,30,22310
9479,Fiat,Model C,2019,82901,Petrol,Automatic,11,20,7281
9480,BMW,Model B,2010,172600,Petrol,Automatic,6,20,3138
9481,BMW,Model B,2011,173022,Hybrid,Manual,6,30,9213
9482,Dacia,Model C,2019,91550,Petrol,Automatic,1,1,3584
9483,VW,Model A,2023,18583,Petrol,Automatic,2,20,24253
9484,Hyundai,Model A,2025,1727,Diesel,Manual,6,1,18520
9485,Ford,Model B,2025,0,Petrol,Manual,12,30,21539
9486,Toyota,Model B,2024,516,Diesel,Automatic,4,30,26222
9487,Ford,Model A,2000,250000,Petrol,Manual,1,10,500
9488,BMW,Model A,2016,92087,Petrol,Automatic,6,1,8581
9489,Hyundai,Model C,2009,211829,Diesel,Automatic,1,20,5023
9490,Honda,Model C,2020,47429,Petrol,Manual,5,1,13291
9491,Dacia,Model A,2022,47801,Diesel,Automatic,5,30,10613
9492,Ford,Model C,2004,250000,Petrol,Manual,1,10,2716
9493,Mercedes,Model C,2020,60462,Petrol,Automatic,10,20,14032
9494,Honda,Model A,2015,142292,Petrol,Manual,12,10,4431
9495,BMW,Model A,2024,0,Petrol,Automatic,12,10,22533
9496,VW,Model C,2022,33056,Petrol,Manual,7,1,10726
9497,Honda,Model C,2022,19794,Petrol,Manual,4,20,15104
9498,Toyota,Model B,2021,18578,Petrol,Automatic,9,10,19051
9499,Dacia,Model C,2025,0,Hybrid,Automatic,10,30,21218
9500,Dacia,Model A,2017,96258,Petrol,Automatic,5,10,6172
9501,Dacia,Model C,2022,25119,Diesel,Manual,8,1,11582
9502,Audi,Model B,2025,13449,Hybrid,Automatic,11,1,31706
9503,VW,Model B,2023,20792,Diesel,Automatic,3,30,25377
9504,Dacia,Model A,2025,0,Petrol,Manual,1,30,17340
9505,Ford,Model B,2020,55195,Diesel,Manual,7,20,9694
9506,Audi,Model A,2022,,Petrol,Automatic,9,10,20571
9507,Hyundai,Model A,2008,197722,Petrol,Manual,8,30,500
9508,Fiat,Model C,2023,11231,Hybrid,Automatic,8,30,15103
9509,VW,Model B,2019,86837,Petrol,Manual,5,20,2301
9510,Toyota,Model B,2015,110638,Petrol,Automatic,9,20,2999
9511,Mercedes,Model C,2023,18247,Petrol,Automatic,1,1,19936
9512,Ford,Model A,2022,42441,Petrol,Manual,2,20,11229
9513,Honda,Model C,2007,220781,Petrol,Automatic,6,1,500
9514,VW,Model B,2024,0,Hybrid,Automatic,12,1,19963
9515,Mercedes,Model B,2024,23324,Petrol,Manual,9,1,22279
9516,Mercedes,Model B,2016,116065,Petrol,Automatic,5,10,3295
9517,Toyota,Model C,2022,38669,Petrol,Automatic,6,1,18461
9518,Audi,Model C,2025,0,Petrol,Manual,11,30,31548
9519,Ford,Model A,2022,29899,Petrol,Manual,7,1,10807
9520,Toyota,Model C,2021,44973,Petrol,Manual,1,20,15053
9521,VW,Model B,2020,41522,Petrol,Automatic,6,30,8940
9522,Hyundai,Model A,2023,23410,Petrol,Automatic,5,1,17666
9523,Mercedes,Model A,2025,13381,Petrol,Automatic,12,1,28730
9524,Fiat,Model C,2024,25145,Petrol,Automatic,4,1,18381
9525,Hyundai,Model C,2007,210287,Hybrid,Automatic,1,1,500
9526,Ford,Model A,2022,51961,Petrol,Automatic,5,1,12693
9527,Fiat,Model A,2025,28588,Petrol,Manual,1,30,17373
9528,Audi,Model B,2009,187256,Diesel,Manual,11,1,1677
9529,Toyota,Model A,2025,10372,Petrol,Automatic,8,1,30313
9530,BMW,Model A,2025,0,Diesel,Automatic,6,20,35274
9531,Honda,Model C,2007,197127,Petrol,Automatic,5,20,899
9532,Honda,Model A,2025,1366,Petrol,Automatic,6,20,30409
9533,Ford,Model B,2020,44899,Petrol,Manual,10,1,12222
9534,BMW,Model C,2025,30588,Petrol,Automatic,3,1,26098
9535,BMW,Model C,2021,56968,Petrol,Manual,1,20,8084
9536,Toyota,Model C,2021,62487,Petrol,Automatic,8,30,12764
9537,Mercedes,Model C,2024,11564,Petrol,Manual,11,30,33542
9538,Hyundai,Model C,2025,0,Petrol,Manual,8,1,18376
9539,VW,Model B,2003,250000,Petrol,Automatic,10,30,500
9540,Toyota,Model C,2023,27815,Diesel,Automatic,12,10,17662
9541,BMW,Model C,2016,98431,Diesel,Manual,1,10,8032
9542,Mercedes,Model B,2020,70067,Petrol,Automatic,8,1,11467
9543,VW,Model A,2020,70671,Petrol,Automatic,11,30,10878
9544,Dacia,Model B,2022,36074,Diesel,Automatic,9,10,9445
9545,Toyota,Model B,2020,32615,Hybrid,Automatic,8,20,13213
9546,Hyundai,Model B,2010,205721,Petrol,Automatic,10,30,3739
9547,Fiat,Model B,2014,128809,Petrol,Automatic,9,1,500
9548,BMW,Model B,2003,250000,Petrol,Manual,7,10,500
9549,Fiat,Model C,2022,45788,Petrol,Automatic,1,30,13345
9550,Honda,Model C,2025,0,Hybrid,Automatic,8,30,26108
9551,Dacia,Model C,2011,174717,Petrol,Automatic,3,10,673
9552,Honda,Model A,2025,0,Petrol,Automatic,4,10,24632
9553,Audi,Model B,2025,15392,Hybrid,Manual,9,10,33557
9554,Dacia,Model A,2024,50504,Petrol,Manual,6,1,12783
9555,Audi,Model C,2024,0,Petrol,Manual,9,20,26370
9556,Fiat,Model C,2025,0,Diesel,Automatic,5,30,23961
9557,Mercedes,Model B,2010,178419,Diesel,Automatic,11,30,500
9558,VW,Model C,2022,49128,Petrol,Automatic,6,20,10462
9559,Toyota,Model B,2024,43589,Petrol,Automatic,7,10,20567
9560,Dacia,Model B,2023,29743,Petrol,Automatic,2,20,17391
9561,Mercedes,Model B,2025,32126,Diesel,Manual,7,1,22161
9562,Toyota,Model C,2007,218556,Diesel,Automatic,3,10,500
9563,Ford,Model B,2024,18771,Petrol,Automatic,10,30,22488
9564,Dacia,Model A,2022,40923,Petrol,Manual,9,20,9165
9565,Toyota,Model B,2020,78304,Petrol,Manual,1,1,11429
9566,Toyota,Model B,2020,53665,Petrol,Automatic,7,10,6667
9567,Honda,Model B,2024,24274,Petrol,Automatic,1,20,24092
9568,Audi,Model C,2025,0,Petrol,Manual,8,30,25606
9569,Hyundai,Model A,2022,31732,Petrol,Automatic,12,10,12266
9570,BMW,Model A,2025,0,Diesel,Manual,11,1,28516
9571,VW,Model B,2021,49319,Petrol,Automatic,4,30,12436
9572,Honda,Model B,2010,175258,Petrol,Automatic,2,1,500
9573,Audi,Model B,2006,244982,Petrol,Automatic,10,1,500
9574,Honda,Model A,2005,226819,Petrol,Automatic,7,30,500
9575,Hyundai,Model A,2021,22030,Petrol,Manual,6,20,13485
9576,Honda,Model C,2020,39640,Diesel,Manual,11,1,16519
9577,Mercedes,Model C,2025,14912,Diesel,Manual,4,1,21357
9578,BMW,Model A,2025,0,Diesel,Automatic,3,1,29017
9579,Hyundai,Model A,2005,245967,Petrol,Manual,8,1,2767
9580,Toyota,Model B,2017,91578,Petrol,Manual,4,30,7625
9581,Dacia,Model A,2019,84363,Diesel,Manual,6,30,7286
9582,Ford,Model B,2023,20538,Petrol,Automatic,6,10,20064
9583,Honda,Model B,2014,173465,Diesel,Manual,3,20,677
9584,Ford,Model A,2013,172471,Diesel,Automatic,1,20,500
9585,Honda,Model C,2025,0,Petrol,Automatic,10,20,29327
9586,Fiat,Model C,2025,0,Petrol,Automatic,10,30,20955
9587,Honda,Model B,2016,154984,Petrol,Manual,8,30,4418
9588,Mercedes,Model A,2021,31817,Petrol,Manual,2,10,17220
9589,Ford,Model C,2020,59174,Diesel,Automatic,6,30,8798
9590,Ford,Model B,2025,336,Petrol,Automatic,3,10,28147
9591,Hyundai,Model B,2022,35964,Petrol,Automatic,12,1,14144
9592,Dacia,Model A,2012,129919,Diesel,Manual,9,10,768
9593,Honda,Model A,2025,7449,Petrol,Manual,1,1,24894
9594,Toyota,Model A,2021,33444,Diesel,Automatic,1,10,12310
9595,Honda,Model B,2018,105539,Petrol,Manual,12,1,4738
9596,Fiat,Model C,2020,38160,Hybrid,Automatic,1,1,8529
9597,Dacia,Model C,2022,,Petrol,Automatic,11,10,13450
9598,Dacia,Model C,2020,26758,Petrol,Automatic,12,1,11822
9599,Audi,Model B,2018,51684,Petrol,Automatic,4,20,8856
9600,Honda,Model B,2021,35409,Petrol,Manual,7,10,12724
9601,Audi,Model A,2001,250000,Petrol,Manual,9,20,500
9602,Toyota,Model A,2025,21985,Petrol,Automatic,7,20,27833
9603,BMW,Model B,2015,119391,Diesel,Manual,3,1,6471
9604,Mercedes,Model B,2004,250000,Diesel,Manual,8,1,500
9605,Toyota,Model A,2024,6303,Diesel,Automatic,4,20,22146
9606,Toyota,Model C,2025,9091,Diesel,Automatic,3,1,26929
9607,Audi,Model C,2025,0,Petrol,Manual,7,30,27374
9608,Audi,Model C,2022,24097,Petrol,Manual,5,10,20654
9609,VW,Model A,2016,80687,Petrol,Automatic,1,1,3842
9610,Toyota,Model C,2025,5036,Petrol,Automatic,12,1,28436
9611,VW,Model B,2024,15931,Diesel,Manual,1,10,23198
9612,Toyota,Model B,2018,95659,Diesel,Automatic,12,1,12082
9613,Hyundai,Model A,2025,,Diesel,Manual,3,30,23064
9614,Mercedes,Model C,2010,210392,Diesel,Automatic,2,30,4238
9615,Mercedes,Model B,2025,2640,Petrol,Automatic,1,1,28175
9616,VW,Model A,2025,14877,Hybrid,Automatic,6,30,26731
9617,Fiat,Model C,2024,7138,Petrol,Automatic,8,1,22561
9618,Mercedes,Model B,2025,0,Diesel,Automatic,12,30,31626
9619,BMW,Model C,2025,,Petrol,Automatic,10,20,30782
9620,Dacia,Model A,2016,106662,Petrol,Manual,2,20,500
9621,Mercedes,Model B,2021,60480,Petrol,Automatic,3,10,17761
9622,Audi,Model A,2007,221294,Petrol,Manual,1,30,2526
9623,Fiat,Model B,2021,36104,Petrol,Manual,9,20,7141
9624,Hyundai,Model B,2025,16115,Petrol,Manual,1,10,26174
9625,Toyota,Model B,2021,34932,Diesel,Automatic,2,30,8208
9626,Dacia,Model C,2020,69379,Hybrid,Manual,8,1,10734
9627,Ford,Model A,2023,43224,Petrol,Manual,2,10,13452
9628,BMW,Model A,2025,0,Hybrid,Automatic,2,30,34921
9629,VW,Model C,2004,75000,Diesel,Automatic,3,1,1922
9630,Honda,Model A,2021,53964,Petrol,Automatic,5,30,15710
9631,Ford,Model C,2015,132779,Petrol,Automatic,1,20,5031
9632,Dacia,Model B,2024,0,Hybrid,Manual,10,1,18068
9633,Mercedes,Model C,2010,183214,Diesel,Manual,10,30,564
9634,VW,Model C,2024,0,Petrol,Manual,5,20,21341
9635,Honda,Model C,2019,97669,Petrol,Automatic,10,1,8648
9636,Audi,Model B,2016,77790,Diesel,Manual,4,1,6005
9637,VW,Model B,2025,0,Petrol,Automatic,12,1,27502
9638,VW,Model C,2001,250000,Petrol,Automatic,5,30,2812
9639,Fiat,Model B,2021,58120,Petrol,Manual,9,10,12155
9640,Fiat,Model B,2002,250000,Petrol,Automatic,5,20,514
9641,Ford,Model B,2022,45823,Petrol,Automatic,6,1,18454
9642,Toyota,Model B,2022,80419,Petrol,Manual,9,1,11551
9643,Honda,Model C,2020,39330,Diesel,Manual,5,20,14805
9644,Toyota,Model B,2013,124482,Petrol,Automatic,9,10,1990
9645,Audi,Model A,2020,46603,Petrol,Manual,2,1,7093
9646,Ford,Model A,2024,13818,Hybrid,Automatic,7,30,22343
9647,VW,Model C,2025,0,Diesel,Manual,4,10,23629
9648,Ford,Model B,2022,24725,Diesel,Automatic,12,1,16287
9649,Dacia,Model B,2023,33307,Petrol,Manual,11,30,14381
9650,Toyota,Model A,2016,89412,Petrol,Manual,7,10,3414
9651,Toyota,Model B,2019,55002,Petrol,Automatic,6,10,10632
9652,VW,Model C,2015,114021,Diesel,Manual,11,20,4160
9653,Ford,Model A,2018,79433,Petrol,Manual,9,1,4123
9654,BMW,Model C,2017,111150,Petrol,Automatic,9,30,10307
9655,Toyota,Model A,2022,22490,Petrol,Manual,7,20,9344
9656,Audi,Model C,2023,13195,Petrol,Manual,11,30,23103
9657,Hyundai,Model C,2025,8725,Hybrid,Automatic,3,1,25917
9658,Fiat,Model B,2016,36006,Petrol,Automatic,11,30,3667
9659,Toyota,Model B,2024,33430,Petrol,Automatic,7,30,25491
9660,Mercedes,Model B,2025,7036,Diesel,Automatic,8,30,27251
9661,Audi,Model B,2023,25955,Petrol,Automatic,12,20,29959
9662,Mercedes,Model B,2018,92625,Petrol,Automatic,6,20,14202
9663,Audi,Model A,2018,79988,Diesel,Manual,9,20,8597
9664,Audi,Model C,2003,250000,Petrol,Manual,7,1,5896
9665,Honda,Model C,2020,33388,Hybrid,Manual,12,1,9190
9666,Toyota,Model B,2025,13401,Petrol,Manual,7,1,25949
9667,Ford,Model C,2004,250000,Petrol,Automatic,4,10,1460
9668,Toyota,Model C,2017,107655,Petrol,Manual,7,30,3179
9669,Hyundai,Model B,2025,0,Diesel,Automatic,12,1,21293
9670,Dacia,Model C,2025,0,Petrol,Automatic,7,1,19572
9671,Toyota,Model C,2021,35161,Petrol,Automatic,2,30,18242
9672,BMW,Model C,2024,34520,Petrol,Automatic,7,30,22896
9673,Audi,Model C,2021,57213,Petrol,Automatic,5,30,17073
9674,Mercedes,Model C,2015,123513,Petrol,Automatic,9,20,2374
9675,Toyota,Model B,2021,41521,Petrol,Manual,4,30,14764
9676,Ford,Model B,2023,29958,Petrol,Automatic,5,20,20246
9677,Honda,Model C,2025,0,Petrol,Automatic,7,1,25397
9678,Audi,Model B,2006,226504,Petrol,Manual,2,30,2877
9679,Hyundai,Model B,2022,27324,Diesel,Automatic,3,10,19204
9680,Mercedes,Model B,2020,93997,Petrol,Manual,11,20,11698
9681,Audi,Model B,2022,58049,Petrol,Automatic,12,1,22446
9682,VW,Model B,2002,250000,Diesel,Automatic,12,1,500
9683,Mercedes,Model C,2020,37645,Hybrid,Automatic,12,20,11502
9684,VW,Model B,2025,12962,Petrol,Automatic,12,10,25656
9685,Dacia,Model B,2023,26815,Petrol,Automatic,11,30,16779
9686,Hyundai,Model A,2021,66351,Petrol,Automatic,10,20,17460
9687,Mercedes,Model B,2019,76835,Petrol,Manual,3,1,9416
9688,Honda,Model C,2019,71899,Petrol,Automatic,6,1,8802
9689,Toyota,Model B,2021,51506,Petrol,Automatic,5,30,16620
9690,Dacia,Model A,2025,0,Hybrid,Manual,10,10,20436
9691,Dacia,Model C,2025,0,Petrol,Manual,6,20,20524
9692,Mercedes,Model B,2021,53600,Petrol,Automatic,5,20,15722
9693,Fiat,Model A,2021,65090,Hybrid,Automatic,11,20,12776
9694,Mercedes,Model A,2025,0,Petrol,Automatic,10,20,30826
9695,Toyota,Model B,2021,47387,Petrol,Manual,5,30,8539
9696,Toyota,Model B,2023,0,Petrol,Manual,6,1,13310
9697,Toyota,Model B,2017,117889,Petrol,Manual,12,30,2660
9698,Fiat,Model A,2025,,Petrol,Manual,10,30,20599
9699,Toyota,Model C,2022,45781,Petrol,Automatic,9,1,14429
9700,Hyundai,Model B,2025,6102,Petrol,Automatic,9,1,28303
9701,Dacia,Model B,2025,23288,Diesel,Manual,2,30,19398
9702,Hyundai,Model B,2017,83924,Petrol,Automatic,8,10,7105
9703,Toyota,Model C,2025,0,Diesel,Manual,4,1,21055
9704,VW,Model B,2025,15922,Petrol,Automatic,2,1,25177
9705,Honda,Model A,2020,74914,Petrol,Automatic,10,30,4705
9706,Hyundai,Model A,2015,102097,Petrol,Manual,4,10,987
9707,Mercedes,Model C,2000,250000,Hybrid,Manual,4,30,500
9708,Ford,Model C,2021,73336,Petrol,Manual,8,1,11215
9709,Hyundai,Model B,2020,66175,Diesel,Manual,9,20,3653
9710,Hyundai,Model B,2023,35807,Petrol,Automatic,6,20,18710
9711,Dacia,Model B,2016,90614,Hybrid,Manual,7,20,3050
9712,BMW,Model A,2025,9849,Petrol,Manual,11,30,27871
9713,Toyota,Model A,2018,62706,Petrol,Automatic,2,20,7653
9714,Honda,Model C,2017,66302,Diesel,Manual,1,30,12628
9715,Toyota,Model A,2022,46902,Petrol,Manual,9,1,10983
9716,Toyota,Model B,2022,57516,Diesel,Manual,8,10,12287
9717,Mercedes,Model C,2017,92193,Petrol,Automatic,3,30,11126
9718,Hyundai,Model C,2019,63801,Diesel,Manual,7,30,10166
9719,Fiat,Model B,2015,145662,Petrol,Automatic,10,1,2831
9720,BMW,Model B,2025,0,Petrol,Automatic,10,30,37419
9721,Mercedes,Model B,2025,0,Petrol,Manual,8,10,27498
9722,Audi,Model B,2022,61409,Diesel,Automatic,2,1,18076
9723,Honda,Model A,2025,0,Petrol,Automatic,4,30,30570
9724,Hyundai,Model A,2025,0,Petrol,Automatic,6,20,28543
9725,BMW,Model A,2013,156232,Petrol,Automatic,10,1,500
9726,Ford,Model A,2025,0,Diesel,Manual,7,10,24647
9727,Mercedes,Model A,2025,0,Petrol,Automatic,10,30,37304
9728,Dacia,Model B,2016,88212,Petrol,Automatic,12,30,8725
9729,Fiat,Model C,2016,110780,Petrol,Automatic,8,30,5217
9730,Dacia,Model B,2012,157021,Petrol,Manual,3,1,500
9731,Mercedes,Model A,2013,158520,Diesel,Manual,2,10,1358
9732,Honda,Model A,2025,12858,Petrol,Manual,1,20,30990
9733,Mercedes,Model C,2022,44272,Diesel,Automatic,3,10,21650
9734,Ford,Model C,2025,5913,Petrol,Manual,4,10,19239
9735,Audi,Model B,2025,0,Diesel,Automatic,4,10,30396
9736,Hyundai,Model B,2023,33143,Petrol,Automatic,9,20,18322
9737,Ford,Model C,2024,0,Petrol,Automatic,2,10,22531
9738,Ford,Model A,2001,250000,Petrol,Automatic,6,30,501
9739,Hyundai,Model B,2020,77428,Diesel,Automatic,1,10,8997
9740,Honda,Model B,2024,22112,Diesel,Automatic,4,20,21316
9741,Audi,Model B,2000,250000,Petrol,Automatic,1,10,3026
9742,Ford,Model B,2003,250000,Hybrid,Manual,9,1,500
9743,Dacia,Model B,2025,0,Petrol,Automatic,5,1,19618
9744,Ford,Model A,2024,1417,Petrol,Manual,7,10,24344
9745,Ford,Model C,2018,,Petrol,Automatic,10,1,10827
9746,Dacia,Model C,2024,20514,Petrol,Automatic,11,1,17598
9747,Honda,Model C,2025,0,Petrol,Automatic,7,30,26164
9748,Dacia,Model B,2020,48495,Petrol,Automatic,9,1,9156
9749,Mercedes,Model A,2003,250000,Petrol,Manual,10,10,3804
9750,Honda,Model B,2025,0,Diesel,Manual,4,1,24987
9751,Audi,Model B,2020,50095,Petrol,Automatic,9,10,10821
9752,Honda,Model B,2010,146826,Petrol,Automatic,9,20,2927
9753,Mercedes,Model B,2022,45087,Petrol,Automatic,6,20,17954
9754,Audi,Model C,2025,0,Petrol,Automatic,5,10,28082
9755,Audi,Model C,2017,79510,Petrol,Manual,12,1,10552
9756,Toyota,Model C,2018,64574,Petrol,Automatic,12,30,4949
9757,Mercedes,Model A,2018,77726,Petrol,Automatic,9,10,12486
9758,Hyundai,Model A,2025,0,Petrol,Automatic,5,20,27355
9759,Audi,Model B,2016,137135,Petrol,Automatic,10,30,912
9760,Toyota,Model B,2023,0,Petrol,Manual,9,1,21630
9761,BMW,Model C,2025,0,Diesel,Automatic,7,1,30880
9762,Mercedes,Model B,2014,133603,Petrol,Automatic,2,1,1241
9763,Fiat,Model C,2025,0,Petrol,Manual,12,1,18553
9764,Hyundai,Model A,2025,3181,Diesel,Automatic,3,20,24248
9765,Hyundai,Model C,2025,0,Petrol,Automatic,5,30,22194
9766,Toyota,Model A,2017,118951,Diesel,Automatic,5,30,7596
9767,Mercedes,Model B,2024,0,Petrol,Manual,2,10,27557
9768,Mercedes,Model C,2025,0,Diesel,Manual,1,30,32613
9769,Ford,Model A,2025,0,Petrol,Manual,12,20,22849
9770,Hyundai,Model B,2016,113797,Petrol,Manual,10,1,3093
9771,Fiat,Model A,2025,0,Petrol,Automatic,1,10,19875
9772,Toyota,Model A,2020,21384,Petrol,Automatic,9,30,14433
9773,Toyota,Model A,2015,127526,Petrol,Manual,2,10,5141
9774,Mercedes,Model B,2021,38455,Petrol,Automatic,10,20,18540
9775,Hyundai,Model B,2025,0,Petrol,Automatic,7,30,27067
9776,Audi,Model A,2022,30220,Petrol,Manual,12,10,14712
9777,Honda,Model C,2022,64265,Petrol,Automatic,6,20,14485
9778,Fiat,Model B,2025,10362,Petrol,Automatic,10,20,21649
9779,Hyundai,Model B,2021,76375,Petrol,Manual,1,30,7068
9780,BMW,Model A,2023,36611,Diesel,Manual,12,1,18659
9781,BMW,Model B,2020,59046,Petrol,Automatic,8,1,15955
9782,Hyundai,Model A,2021,32709,Petrol,Automatic,4,1,11525
9783,Ford,Model B,2024,15022,Petrol,Automatic,2,30,24260
9784,VW,Model A,2025,0,Petrol,Automatic,9,10,22519
9785,Mercedes,Model B,2023,22595,Petrol,Automatic,10,30,28631
9786,Fiat,Model A,2025,0,Petrol,Manual,2,30,21901
9787,Hyundai,Model A,2008,173213,Hybrid,Automatic,3,20,1144
9788,Fiat,Model C,2017,114912,Hybrid,Manual,5,20,5088
9789,Toyota,Model C,2022,35243,Petrol,Manual,11,10,10391
9790,Audi,Model C,2002,250000,Petrol,Manual,12,1,500
9791,Mercedes,Model C,2018,91226,Hybrid,Automatic,10,10,13636
9792,Dacia,Model B,2022,23162,Diesel,Automatic,1,30,16199
9793,Mercedes,Model A,2001,250000,Petrol,Manual,12,10,3476
9794,Mercedes,Model A,2018,97224,Petrol,Manual,1,1,8055
9795,Mercedes,Model A,2022,51294,Petrol,Automatic,12,30,21097
9796,Hyundai,Model C,2023,21586,Petrol,Manual,6,30,15238
9797,Fiat,Model B,2025,0,Petrol,Automatic,10,20,19710
9798,Hyundai,Model B,2024,2616,Petrol,Manual,2,30,18871
9799,Ford,Model B,2021,37161,Petrol,Automatic,3,10,16036
9800,Dacia,Model C,2025,0,Petrol,Manual,6,30,14038
9801,BMW,Model A,2025,0,Petrol,Manual,1,30,28998
9802,Fiat,Model B,2016,95620,Hybrid,Manual,5,10,7828
9803,Toyota,Model C,2013,126843,Diesel,Manual,10,1,4168
9804,Honda,Model A,2024,10368,Petrol,Automatic,9,30,25113
9805,Mercedes,Model A,2023,17487,Petrol,Automatic,5,1,27885
9806,BMW,Model B,2025,0,Petrol,Automatic,1,20,31646
9807,Toyota,Model B,2025,12458,Petrol,Automatic,4,30,26633
9808,Mercedes,Model A,2024,11574,Petrol,Automatic,10,1,23333
9809,Honda,Model B,2025,14438,Diesel,Automatic,5,30,28840
9810,Mercedes,Model A,2022,25197,Petrol,Manual,5,10,19853
9811,Mercedes,Model C,2011,167246,Petrol,Manual,1,30,4407
9812,Fiat,Model B,2025,,Diesel,Automatic,8,20,23859
9813,Fiat,Model B,2018,,Petrol,Manual,8,1,8388
9814,Dacia,Model B,2025,11738,Diesel,Automatic,6,1,16220
9815,VW,Model B,2025,0,Petrol,Automatic,10,30,23269
9816,Hyundai,Model C,2024,37260,Hybrid,Manual,11,20,16246
9817,Hyundai,Model B,2023,17545,Petrol,Automatic,10,30,20219
9818,VW,Model C,2022,69435,Hybrid,Automatic,7,1,14399
9819,Toyota,Model B,2020,85920,Petrol,Automatic,12,20,10239
9820,Mercedes,Model A,2020,58403,Petrol,Manual,5,20,12591
9821,Audi,Model A,2024,,Hybrid,Automatic,9,10,23724
9822,Hyundai,Model C,2025,2921,Petrol,Automatic,8,30,26338
9823,VW,Model C,2024,9297,Petrol,Automatic,11,10,19499
9824,Honda,Model B,2016,101976,Petrol,Manual,7,10,500
9825,BMW,Model B,2022,11128,Petrol,Automatic,7,10,21215
9826,Audi,Model C,2025,0,Petrol,Automatic,6,20,37587
9827,VW,Model A,2022,19342,Petrol,Automatic,2,30,21952
9828,Honda,Model C,2022,44274,Diesel,Automatic,12,1,15857
9829,Honda,Model B,2025,14866,Petrol,Automatic,11,30,28272
9830,Toyota,Model A,2024,23110,Petrol,Automatic,9,30,22599
9831,Ford,Model B,2021,53135,Diesel,Manual,5,30,9133
9832,Dacia,Model C,2025,0,Petrol,Automatic,5,10,15614
9833,Fiat,Model A,2015,123081,Petrol,Automatic,1,10,3821
9834,BMW,Model A,2025,11891,Petrol,Manual,1,1,30167
9835,Honda,Model A,2011,159206,Petrol,Automatic,7,30,866
9836,Toyota,Model B,2001,250000,Petrol,Manual,1,1,500
9837,Honda,Model C,2025,0,Hybrid,Automatic,2,10,32486
9838,Ford,Model A,2018,108935,Petrol,Manual,4,30,7919
9839,Audi,Model B,2025,12773,Petrol,Manual,5,20,27621
9840,Hyundai,Model C,2025,9137,Hybrid,Automatic,7,1,21688
9841,Honda,Model C,2025,0,Petrol,Automatic,5,1,29792
9842,Dacia,Model A,2025,2592,Petrol,Automatic,12,10,21408
9843,BMW,Model A,2019,69674,Petrol,Manual,12,20,7890
9844,Mercedes,Model C,2025,0,Petrol,Automatic,1,20,28541
9845,VW,Model B,2011,144548,Hybrid,Manual,12,1,2945
9846,VW,Model C,2021,31683,Diesel,Manual,3,1,8616
9847,Ford,Model B,2025,0,Diesel,Automatic,5,30,29899
9848,Dacia,Model C,2020,76715,Hybrid,Manual,11,30,5143
9849,Toyota,Model C,2023,15142,Petrol,Automatic,9,10,26988
9850,Toyota,Model B,2022,30000,Diesel,Automatic,1,30,19297
9851,Fiat,Model C,2024,38716,Petrol,Automatic,10,30,20102
9852,Honda,Model C,2025,0,Hybrid,Automatic,9,30,26175
9853,Toyota,Model C,2005,238068,Petrol,Automatic,12,10,2631
9854,VW,Model A,2023,22271,Petrol,Automatic,12,1,21033
9855,Ford,Model B,2025,0,Petrol,Manual,12,1,19944
9856,Toyota,Model C,2022,44576,Petrol,Manual,6,1,10179
9857,Toyota,Model B,2007,206206,Petrol,Manual,9,20,500
9858,Toyota,Model A,2023,23548,Petrol,Manual,12,30,17714
9859,BMW,Model B,2020,66665,Petrol,Manual,1,1,7482
9860,Dacia,Model A,2015,149138,Petrol,Automatic,10,30,2294
9861,Mercedes,Model C,2025,0,Petrol,Automatic,1,30,30289
9862,Mercedes,Model C,2022,48974,Petrol,Automatic,12,1,16546
9863,Ford,Model B,2025,13030,Petrol,Automatic,1,1,29142
9864,VW,Model A,2025,0,Petrol,Manual,7,20,28607
9865,VW,Model B,2024,20992,Petrol,Manual,7,20,22844
9866,Toyota,Model A,2000,250000,Petrol,Manual,4,10,500
9867,Fiat,Model C,2021,36525,Petrol,Automatic,10,10,9776
9868,Honda,Model C,2016,111622,Petrol,Manual,4,20,4522
9869,Honda,Model A,2025,6072,Diesel,Manual,4,1,20690
9870,Hyundai,Model A,2015,,Diesel,Automatic,3,30,6663
9871,Audi,Model A,2019,83539,Hybrid,Automatic,9,20,15027
9872,Fiat,Model C,2022,38494,Petrol,Manual,3,20,10764
9873,Honda,Model A,2018,91701,Petrol,Automatic,12,1,2137
9874,Fiat,Model A,2016,,Hybrid,Manual,4,10,5619
9875,Audi,Model B,2023,26460,Petrol,Manual,7,30,19003
9876,Dacia,Model A,2008,59056,Petrol,Automatic,6,30,897
9877,VW,Model C,2005,221552,Diesel,Automatic,9,1,500
9878,Ford,Model A,2020,52362,Petrol,Manual,3,30,9419
9879,Toyota,Model B,2025,4041,Diesel,Manual,11,30,25456
9880,Dacia,Model B,2023,30536,Petrol,Automatic,10,10,13733
9881,Honda,Model A,2021,28973,Petrol,Automatic,5,10,16722
9882,Honda,Model A,2023,9934,Petrol,Automatic,2,10,20496
9883,Hyundai,Model A,2020,70869,Petrol,Manual,7,20,6408
9884,Toyota,Model B,2025,7622,Diesel,Automatic,12,10,27209
9885,Toyota,Model C,2005,250000,Diesel,Automatic,1,1,500
9886,Hyundai,Model A,2024,32517,Petrol,Manual,11,10,16337
9887,Mercedes,Model B,2025,8068,Petrol,Automatic,9,20,30312
9888,Hyundai,Model C,2025,0,Diesel,Manual,3,20,24538
9889,Ford,Model B,2016,109722,Diesel,Manual,6,20,500
9890,Honda,Model B,2019,96898,Petrol,Automatic,8,30,4911
9891,Audi,Model A,2025,41466,Diesel,Automatic,9,20,25802
9892,Hyundai,Model A,2008,210946,Hybrid,Automatic,12,10,1068
9893,Hyundai,Model A,2025,8033,Petrol,Automatic,11,30,23885
9894,Honda,Model C,2025,10885,Hybrid,Manual,5,1,23845
9895,Toyota,Model A,2025,356,Diesel,Automatic,2,30,34670
9896,Audi,Model A,2010,197457,Diesel,Automatic,2,10,500
9897,Hyundai,Model C,2025,15120,Petrol,Automatic,12,10,22669
9898,Ford,Model B,2024,17315,Petrol,Automatic,12,30,24478
9899,Audi,Model A,2025,0,Petrol,Automatic,11,10,34680
9900,Hyundai,Model B,2004,229189,Diesel,Manual,12,20,500
9901,Fiat,Model C,2002,250000,Petrol,Automatic,4,30,2801
9902,BMW,Model A,2020,63192,Petrol,Automatic,11,20,13819
9903,Hyundai,Model C,2014,120933,Petrol,Manual,7,1,2970
9904,Fiat,Model C,2023,7051,Petrol,Manual,10,1,17186
9905,Dacia,Model B,2025,9921,Diesel,Automatic,8,1,17783
9906,Audi,Model A,2021,23981,Diesel,Automatic,11,10,20340
9907,Toyota,Model C,2025,4494,Diesel,Automatic,5,20,24675
9908,Dacia,Model C,2000,250000,Petrol,Automatic,12,10,500
9909,BMW,Model A,2015,128248,Hybrid,Manual,3,10,6614
9910,Honda,Model A,2003,250000,Petrol,Automatic,9,30,500
9911,Honda,Model A,2020,41259,Petrol,Manual,11,10,13207
9912,Ford,Model A,2025,8805,Petrol,Manual,8,20,24761
9913,Toyota,Model C,2009,210007,Hybrid,Manual,4,30,500
9914,Fiat,Model A,2023,15408,Petrol,Automatic,8,20,17993
9915,Audi,Model B,2021,55603,Petrol,Automatic,7,20,20041
9916,Ford,Model C,2025,23722,Petrol,Automatic,3,20,26724
9917,Honda,Model C,2012,161082,Petrol,Manual,10,1,500
9918,Audi,Model B,2017,90046,Hybrid,Automatic,4,20,4017
9919,Mercedes,Model C,2002,250000,Petrol,Automatic,11,10,500
9920,Dacia,Model B,2021,11080,Petrol,Automatic,3,10,10848
9921,Ford,Model A,2019,52527,Diesel,Automatic,7,30,6113
9922,Ford,Model A,2025,12184,Petrol,Manual,9,30,17335
9923,Hyundai,Model B,2023,17907,Petrol,Manual,12,30,16872
9924,BMW,Model A,2023,19252,Diesel,Manual,4,1,19575
9925,VW,Model A,2022,26595,Hybrid,Manual,8,20,17019
9926,Mercedes,Model C,2009,184907,Petrol,Automatic,2,10,1041
9927,VW,Model C,2021,69045,Diesel,Automatic,11,1,10187
9928,Mercedes,Model A,2025,24937,Petrol,Automatic,11,30,32719
9929,Hyundai,Model A,2025,8077,Petrol,Automatic,12,30,24669
9930,VW,Model B,2025,16351,Petrol,Automatic,12,30,24962
9931,Toyota,Model C,2025,6994,Petrol,Manual,5,30,22098
9932,Toyota,Model B,2010,158515,Petrol,Manual,9,1,500
9933,Mercedes,Model C,2017,93187,Petrol,Manual,4,20,7652
9934,Fiat,Model B,2000,250000,Petrol,Automatic,11,30,500
9935,Mercedes,Model B,2020,53465,Diesel,Automatic,6,10,11823
9936,Honda,Model A,2010,202712,Petrol,Manual,7,20,500
9937,Audi,Model C,2022,36825,Diesel,Manual,2,20,18089
9938,Dacia,Model C,2024,0,Petrol,Automatic,11,10,17639
9939,Ford,Model C,2025,9607,Petrol,Automatic,7,20,28596
9940,Mercedes,Model B,2025,18993,Petrol,Automatic,9,30,28217
9941,VW,Model B,2025,0,Petrol,Manual,9,30,23660
9942,Dacia,Model B,2005,250000,Diesel,Automatic,4,20,500
9943,Ford,Model B,2001,,Petrol,Automatic,10,10,500
9944,Honda,Model C,2024,0,Hybrid,Manual,11,1,23381
9945,Toyota,Model C,2019,75072,Petrol,Manual,7,30,4825
9946,BMW,Model A,2018,91156,Petrol,Automatic,12,1,11526
9947,Audi,Model C,2020,80348,Petrol,Automatic,3,1,11976
9948,Ford,Model A,2018,93583,Petrol,Manual,6,10,6323
9949,Hyundai,Model A,2022,18095,Petrol,Automatic,1,20,20793
9950,Fiat,Model B,2021,51195,Petrol,Automatic,5,10,9101
9951,Hyundai,Model C,2022,45010,Diesel,Manual,12,1,11947
9952,Mercedes,Model B,2024,0,Petrol,Manual,6,20,23367
9953,Hyundai,Model A,2021,47345,Diesel,Automatic,6,30,13611
9954,Ford,Model C,2018,78966,Petrol,Manual,9,20,6145
9955,Honda,Model A,2015,110179,Petrol,Automatic,1,1,8339
9956,Ford,Model A,2020,67481,Petrol,Manual,5,30,12614
9957,BMW,Model C,2025,0,Petrol,Manual,7,20,23112
9958,BMW,Model C,2025,6253,Diesel,Manual,7,1,27574
9959,Honda,Model B,2024,20392,Diesel,Manual,9,10,25323
9960,Mercedes,Model B,2017,112256,Diesel,Manual,2,20,6389
9961,Honda,Model C,2023,7148,Petrol,Manual,6,20,19969
9962,Toyota,Model B,2023,1421,Hybrid,Automatic,8,30,20197
9963,Fiat,Model A,2022,40183,Petrol,Automatic,4,30,10547
9964,Dacia,Model B,2023,19705,Petrol,Automatic,8,10,14374
9965,Dacia,Model A,2022,79539,Hybrid,Automatic,12,10,9198
9966,Fiat,Model B,2023,30877,Hybrid,Automatic,12,10,17333
9967,Dacia,Model A,2025,872,Petrol,Automatic,10,30,16153
9968,VW,Model B,2010,177407,Petrol,Manual,3,30,888
9969,Dacia,Model A,2025,0,Petrol,Automatic,10,30,20791
9970,Ford,Model C,2013,152458,Petrol,Automatic,6,1,6661
9971,Hyundai,Model B,2006,226812,Diesel,Automatic,12,10,500
9972,Mercedes,Model A,2025,,Petrol,Automatic,8,30,31459
9973,VW,Model C,2025,1416,Petrol,Manual,3,20,24346
9974,Dacia,Model C,2006,231318,Petrol,Automatic,4,10,1905
9975,Honda,Model A,2021,21911,Diesel,Automatic,4,30,14451
9976,Mercedes,Model C,2016,120555,Petrol,Manual,4,10,4090
9977,Honda,Model C,2022,23303,Hybrid,Automatic,10,30,19812
9978,VW,Model A,2025,0,Diesel,Automatic,5,1,26726
9979,Hyundai,Model B,2025,19288,Petrol,Automatic,3,10,23175
9980,Honda,Model B,2024,38691,Petrol,Automatic,8,1,22106
9981,Audi,Model C,2020,34492,Petrol,Manual,6,10,12129
9982,Fiat,Model A,2023,24453,Petrol,Automatic,1,1,18894
9983,Hyundai,Model B,2020,64093,Hybrid,Automatic,4,10,9369
9984,Audi,Model B,2025,0,Petrol,Automatic,1,1,29657
9985,Hyundai,Model B,2025,12038,Diesel,Automatic,10,10,26028
9986,Toyota,Model A,2023,25743,Petrol,Automatic,12,30,20947
9987,Toyota,Model A,2020,62912,Petrol,Automatic,7,1,10641
9988,Fiat,Model A,2019,58236,Petrol,Automatic,7,10,7555
9989,Fiat,Model C,2003,250000,Diesel,Manual,11,1,500
9990,Toyota,Model A,2025,12573,Petrol,Manual,1,10,28859
9991,BMW,Model C,2021,49909,Petrol,Automatic,3,30,13816
9992,Mercedes,Model A,2020,52290,Petrol,Manual,9,1,10096
9993,Fiat,Model C,2022,29458,Petrol,Manual,10,1,13750
9994,Fiat,Model A,2025,3305,Petrol,Manual,8,20,19886
9995,Honda,Model B,2012,156731,Diesel,Automatic,12,20,500
9996,Toyota,Model A,2025,13572,Petrol,Manual,5,30,23215
9997,Toyota,Model B,2025,0,Petrol,Manual,7,1,26088
9998,Fiat,Model A,2025,0,Petrol,Manual,12,30,20601
9999,Toyota,Model B,2021,53390,Petrol,Manual,12,10,10563
10000,Honda,Model A,2017,88837,Diesel,Automatic,1,30,4710
